"ID","trajectory_uuid","head_uuid","uuid","area","col_centroid","convex_area","label","major_axis_length","max_col","max_row","min_col","min_row","minor_axis_length","orientation","perimeter","row_centroid","passtime","Δt","Δx","scaled_distance","relative_error_area","relative_error_convex_area","relative_error_major_axis_length","relative_error_minor_axis_length","shape_difference","scaled_shape_difference","psi_s_correlation","psi_s_correlation_score","w","satellite","dt_seconds","dx_meters","dxdt_mps"
1,"06F0fY9vgSZm",NA,"zK5ZGerizvOB",454,553.2202643171806,469.0,1026,27.142685723487105,566,146,540,123,22.237997805413347,0.7302188281173421,88.76955262170046,133.29735682819384,2025-12-09T04:00:00,NA,NA,NA,NA,NA,NA,NA,NA,NA,NA,NA,NA,"aqua",NaN,NaN,NaN
1,"06F0fY9vgSZm","zK5ZGerizvOB","2h6KQ3AWjsKw",483,612.8923395445134,513.0,843,28.764867707317617,624,169,601,139,22.55172941722824,0.08875915886046096,100.94722215136416,154.84265010351967,2025-12-11T03:40:00,171600000 milliseconds,15860.635675029444,0.1229983379219034,0.061899679829242264,0.08961303462321792,0.058030870044715605,0.014009087854247993,146.0,0.302,0.984,0.016000000000000014,0.6645510102733272,"aqua",171600.0,15860.635675029444,0.0924279468241809
1,"06F0fY9vgSZm","2h6KQ3AWjsKw","iiE2XyPuvqnn",467,501.01713062098503,545.0,603,30.177001667189103,513,100,489,71,21.968929054960245,-0.37909381706845907,107.8111831820431,84.63169164882227,2025-12-12T08:40:00,104400000 milliseconds,33020.48706751081,0.42037539232986393,0.03368421052631579,0.06049149338374291,0.047916157897844217,0.026181120507553324,145.0,0.31,0.974,0.026000000000000023,0.9246483746453202,"terra",104400.0,33020.48706751081,0.3162881903018277
2,"0XNoyx39ebnx",NA,"voda08KW0zhm",423,609.4468085106383,475.0,1108,33.60820968680499,623,246,590,223,18.51891439155878,1.28215425832202,99.5685424949238,233.63829787234042,2025-12-09T04:00:00,NA,NA,NA,NA,NA,NA,NA,NA,NA,NA,NA,NA,"aqua",NaN,NaN,NaN
2,"0XNoyx39ebnx","voda08KW0zhm","QdNXtreyMiTG",485,638.7010309278351,520.0,884,32.14337200736607,654,318,624,295,20.12537272138668,-1.1473406268169954,114.77564927611034,305.8536082474227,2025-12-09T09:58:00,21480000 milliseconds,19478.93185887685,1.1906437566550643,0.13656387665198239,0.09045226130653267,0.04455672827012104,0.08314079259025846,150.0,0.309,0.987,0.013000000000000012,1.8673574154739587,"terra",21480.0,19478.93185887685,0.9068404031134475
2,"0XNoyx39ebnx","QdNXtreyMiTG","Q4yZ9ELwMA5K",490,657.0897959183674,515.0,999,35.45995614817145,668,358,646,323,18.293427393825247,-0.23384847327693242,96.08326112068524,340.41224489795917,2025-12-10T03:01:00,61380000 milliseconds,9786.61728146155,0.21144252525573187,0.010256410256410256,0.00966183574879227,0.09811896045043203,0.09536712870093372,107.0,0.218,0.98,0.020000000000000018,0.6628468604123001,"aqua",61380.0,9786.61728146155,0.15944309679800503
2,"0XNoyx39ebnx","Q4yZ9ELwMA5K","3lZc8GP7azbf",480,657.9416666666667,505.0,1159,35.36993522021375,670,370,647,336,17.9568727717302,-0.32574613350739007,97.7401153701776,352.35625,2025-12-10T08:59:00,21480000 milliseconds,2993.5862862270355,0.18298204683539337,0.020618556701030927,0.0196078431372549,0.002541890894326102,0.018568377120078958,69.0,0.144,0.999,0.0010000000000000009,0.3893187146880843,"terra",21480.0,2993.5862862270355,0.13936621444259942
2,"0XNoyx39ebnx","3lZc8GP7azbf","7HUzilTb3f7t",467,644.982869379015,487.0,868,33.77097290665633,662,324,632,301,18.658885588355904,1.0092285109501136,90.84062043356595,313.82441113490364,2025-12-11T03:40:00,67260000 milliseconds,10163.147376268947,0.20047632658583583,0.027455121436114043,0.036290322580645164,0.046252279782712714,0.038344846485056004,99.0,0.212,0.983,0.017000000000000015,0.5778188968703638,"aqua",67260.0,10163.147376268947,0.1511023992903501
2,"0XNoyx39ebnx","7HUzilTb3f7t","NvYM1YBpyssJ",460,663.9608695652174,492.0,1028,34.535080312211264,675,360,653,326,17.745034850785242,-0.25423470398563003,97.15432893255071,342.49782608695654,2025-12-11T09:38:00,21480000 milliseconds,8596.253602878802,0.5254433742590955,0.015102481121898598,0.010214504596527068,0.02237305098295061,0.05020617156321981,99.0,0.215,0.983,0.017000000000000015,0.8553395825236916,"terra",21480.0,8596.253602878802,0.40019802620478595
3,"0eeeKfGTmj8e",NA,"ojjKyqD7rqOU",400,567.86,443.0,1002,31.10903700148355,582,939,554,916,17.511313966699575,-0.9861701560465179,90.25483399593904,927.1475,2025-12-10T08:59:00,NA,NA,NA,NA,NA,NA,NA,NA,NA,NA,NA,NA,"terra",NaN,NaN,NaN
3,"0eeeKfGTmj8e","ojjKyqD7rqOU","doKcsB6sxf7G",380,563.4684210526316,416.0,876,31.69936397559673,578,928,550,906,16.273312006271013,-1.0003912670517967,87.25483399593902,916.05,2025-12-11T09:38:00,88740000 milliseconds,2983.710692042832,0.04466298468741609,0.05128205128205128,0.06286379511059371,0.018797707470011783,0.07328788907824679,52.0,0.137,0.988,0.01200000000000001,0.3998944276283197,"terra",88740.0,2983.710692042832,0.033623063917543744
4,"0fIsV8BDhdne",NA,"7KdhrlgD7UDw",492,149.28658536585365,515.0,282,27.539179001473002,160,539,138,513,23.69489129212057,0.18733312043116904,93.59797974644667,524.4878048780488,2025-12-09T04:00:00,NA,NA,NA,NA,NA,NA,NA,NA,NA,NA,NA,NA,"aqua",NaN,NaN,NaN
4,"0fIsV8BDhdne","7KdhrlgD7UDw","I06kPqSLG13T",575,162.36695652173913,628.0,146,32.02527291626746,180,497,147,472,23.892454562010865,1.3510486075841448,112.22539674441617,483.67826086956524,2025-12-09T09:58:00,21480000 milliseconds,10713.644897267914,0.6548682700041512,0.15557638238050608,0.19772528433945757,0.15062990660905712,0.008303185073438744,159.0,0.277,0.948,0.052000000000000046,1.4961030284066106,"terra",21480.0,10713.644897267914,0.49877303991005184
4,"0fIsV8BDhdne","I06kPqSLG13T","dEEzRlmyXBpi",523,105.04397705544933,578.0,172,33.307705700922305,116,505,93,471,21.962578083195538,0.24449403784969845,108.91168824543142,489.4359464627151,2025-12-10T03:01:00,61380000 milliseconds,14402.853272620687,0.3111775580127619,0.0947176684881603,0.08291873963515754,0.03925835961556552,0.08417294100507297,137.0,0.262,0.985,0.015000000000000013,0.8892452667567183,"aqua",61380.0,14402.853272620687,0.234650590951787
4,"0fIsV8BDhdne","dEEzRlmyXBpi","lFnojtbtZ4UG",544,54.279411764705884,556.0,27,35.11044885243644,72,598,38,576,20.005062656724576,1.2458145898220492,97.49747468305831,587.0992647058823,2025-12-12T02:40:00,171540000 milliseconds,27517.227353314862,0.2134690458346446,0.03936269915651359,0.03880070546737213,0.052697801140140124,0.0932868939953992,129.0,0.237,0.962,0.038000000000000034,0.7126171455940696,"aqua",171540.0,27517.227353314862,0.16041289118173524
5,"0l1WKvZ4TgLj",NA,"qD5PieHstBOq",327,332.3608562691131,363.0,671,27.606147309226234,341,235,322,209,16.71040372494349,0.2059017627516912,79.25483399593904,222.59327217125383,2025-12-09T04:00:00,NA,NA,NA,NA,NA,NA,NA,NA,NA,NA,NA,NA,"aqua",NaN,NaN,NaN
5,"0l1WKvZ4TgLj","qD5PieHstBOq","mQoGMHIcAT9T",320,417.09375,341.0,666,29.503436806755793,427,231,409,204,14.426327853607367,0.3522531300635001,79.25483399593904,218.278125,2025-12-10T03:01:00,82860000 milliseconds,21210.675046894645,0.3399419031476023,0.021638330757341576,0.0625,0.06644382118687521,0.14671262881744165,94.0,0.294,0.996,0.0040000000000000036,0.9352366839092607,"aqua",82860.0,21210.675046894645,0.25598207877015017
6,"0pJ6DUMhBUVy",NA,"tRLUBzWLXJ98",674,517.9955489614243,698.0,938,39.444773503965756,538,1200,502,1177,23.325682042372044,1.3365180832275674,112.18376618407356,1190.6884272997033,2025-12-10T08:59:00,NA,NA,NA,NA,NA,NA,NA,NA,NA,NA,NA,NA,"terra",NaN,NaN,NaN
6,"0pJ6DUMhBUVy","tRLUBzWLXJ98","MogfN9kOi2AK",611,507.12111292962356,698.0,738,39.412071384789655,526,1200,491,1174,22.654319326664226,1.2378737961224333,118.08326112068522,1190.6006546644844,2025-12-11T03:40:00,67260000 milliseconds,2718.697563232486,0.05362851490743636,0.0980544747081712,0.0,0.0008294047072827717,0.029202379109102238,153.0,0.25,0.991,0.009000000000000008,0.44071477343199256,"aqua",67260.0,2718.697563232486,0.04042071904895162
6,"0pJ6DUMhBUVy","MogfN9kOi2AK","bMmHhC1D2NL7",622,638.1752411575562,726.0,701,40.69593385603401,651,1194,624,1157,23.018356841123307,0.40558163765232325,129.0538238691624,1172.998392282958,2025-12-12T02:40:00,82800000 milliseconds,33057.73752706346,0.5301962714845784,0.017842660178426603,0.03932584269662921,0.032053287742835675,0.01594115103401071,195.0,0.314,0.984,0.016000000000000014,0.9653592131364805,"aqua",82800.0,33057.73752706346,0.3992480377664669
7,"0tdPZ5O1uxUw",NA,"g7bFyTWl43qJ",1167,647.6906598114824,1203.0,706,42.933060115961894,669,147,629,105,35.56115592362205,0.6267546379798059,137.78174593052023,127.47472150814053,2025-12-12T02:40:00,NA,NA,NA,NA,NA,NA,NA,NA,NA,NA,NA,NA,"aqua",NaN,NaN,NaN
7,"0tdPZ5O1uxUw","g7bFyTWl43qJ","6egMMC4ufLiX",1159,649.8740293356342,1236.0,698,47.73485490856766,677,145,628,109,32.575214644107255,1.2388903988289683,151.1959594928933,127.59016393442623,2025-12-12T08:40:00,21600000 milliseconds,546.6048294232694,0.03322825710779753,0.006878761822871883,0.02706027060270603,0.10592048557213823,0.08764603264409851,211.0,0.182,0.976,0.02400000000000002,0.4667338077496122,"terra",21600.0,546.6048294232694,0.025305779139966175
8,"15LZZEh92VEd",NA,"YzCHbwIOszD7",369,335.86720867208675,397.0,681,25.592693408138217,346,748,324,722,20.210510958510564,0.08633768810797846,83.94112549695427,733.1924119241193,2025-12-09T04:00:00,NA,NA,NA,NA,NA,NA,NA,NA,NA,NA,NA,NA,"aqua",NaN,NaN,NaN
8,"15LZZEh92VEd","YzCHbwIOszD7","QUlpqLMeZMfU",389,319.4601542416452,408.0,609,29.283394967826386,330,748,311,721,17.82574160102174,-0.2755112119072001,82.18376618407356,734.1413881748072,2025-12-10T08:59:00,104340000 milliseconds,4108.6189209988825,0.05233576104705283,0.052770448548812667,0.02732919254658385,0.13451037305729954,0.12539454846432685,104.0,0.267,0.991,0.009000000000000008,0.6683403236640758,"terra",104340.0,4108.6189209988825,0.03937721795091894
8,"15LZZEh92VEd","QUlpqLMeZMfU","IMTfaqANSKPO",392,319.31632653061223,406.0,506,31.617380609972702,327,741,310,709,16.550181479496604,0.1856796003472371,86.18376618407356,725.6275510204082,2025-12-11T03:40:00,67260000 milliseconds,2128.7629844302382,0.04199157677148117,0.0076824583866837385,0.004914004914004914,0.07664879864016554,0.07421241422593394,121.0,0.309,0.984,0.016000000000000014,0.5304492529382693,"aqua",67260.0,2128.7629844302382,0.031649761885671104
8,"15LZZEh92VEd","IMTfaqANSKPO","zYEypb5vijwF",413,355.6077481840194,439.0,356,31.385711730920715,367,740,346,709,18.020445743547956,-0.32773874953473614,90.66904755831213,723.4648910411622,2025-12-12T02:40:00,82800000 milliseconds,9088.950653854457,0.14577306581963845,0.05217391304347826,0.07810650887573964,0.007354206609367277,0.08505858193231061,106.0,0.257,0.989,0.01100000000000001,0.6364662762805342,"aqua",82800.0,9088.950653854457,0.10976993543302485
9,"1DJZCnERozGp",NA,"Bn1AubOvNXyn",411,387.9075425790754,478.0,789,35.67627174406143,397,137,379,104,16.97271930748952,-0.12458785899562888,97.49747468305833,120.08029197080292,2025-12-09T04:00:00,NA,NA,NA,NA,NA,NA,NA,NA,NA,NA,NA,NA,"aqua",NaN,NaN,NaN
9,"1DJZCnERozGp","Bn1AubOvNXyn","b5gOkPzNKSBt",490,434.3061224489796,576.0,671,38.894078892947356,443,40,423,1,18.954753503549117,0.0921394622789575,115.53300858899107,17.15714285714286,2025-12-11T03:40:00,171600000 milliseconds,28224.549196374,0.21887979213938735,0.1753607103218646,0.1859582542694497,0.0863025886668943,0.11033529725200275,147.0,0.3,0.951,0.049000000000000044,1.1258366426495987,"aqua",171600.0,28224.549196374,0.1644787249205944
10,"1EgXhv7uYRiS",NA,"2e41zOx564Cq",656,381.0884146341463,681.0,766,38.69821648902633,395,708,368,672,22.19347144353024,-0.4116327833366429,108.5685424949238,689.108231707317,2025-12-09T04:00:00,NA,NA,NA,NA,NA,NA,NA,NA,NA,NA,NA,NA,"aqua",NaN,NaN,NaN
10,"1EgXhv7uYRiS","2e41zOx564Cq","V1iFv0i6V6hK",626,394.3514376996805,647.0,505,39.14731405040061,408,717,383,681,20.887712853802903,-0.4490501799905472,104.9116882454314,697.6357827476038,2025-12-09T09:58:00,21480000 milliseconds,3941.9768801769033,0.240952132040153,0.046801872074883,0.05120481927710843,0.011538172025093286,0.06061850949664663,57.0,0.091,0.995,0.0050000000000000044,0.5071155049138844,"terra",21480.0,3941.9768801769033,0.18351847673076832
10,"1EgXhv7uYRiS","V1iFv0i6V6hK","DIShUutyDhs6",670,386.12388059701493,688.0,729,40.21702849043147,399,700,374,663,21.531026949871848,-0.4310806849693665,107.74011537017762,680.9895522388059,2025-12-10T08:59:00,82860000 milliseconds,4642.1283240399025,0.07439904357784922,0.06790123456790123,0.06142322097378277,0.02695705415767796,0.030331598677677568,67.0,0.1,0.993,0.007000000000000006,0.3680121519548888,"terra",82860.0,4642.1283240399025,0.05602375481583276
10,"1EgXhv7uYRiS","DIShUutyDhs6","uktZX3Fiepb2",666,407.3993993993994,692.0,627,37.43597607702167,423,691,394,656,23.17729300313196,-0.47966179529571723,107.1543289325507,671.8843843843844,2025-12-11T03:40:00,67260000 milliseconds,5785.497936477713,0.1141236401317233,0.005988023952095809,0.005797101449275362,0.07162768340776923,0.07364472898962092,91.0,0.137,0.997,0.0030000000000000027,0.41118117793048464,"aqua",67260.0,5785.497936477713,0.08601691847275815
11,"1GAcMoxzkf3t",NA,"QbCsTF2UsGTB",839,1067.2669845053636,880.0,1812,38.82618115465421,1086,608,1049,575,29.06307739260264,-1.269141213886256,123.98275605729688,589.7759237187128,2025-12-10T03:01:00,NA,NA,NA,NA,NA,NA,NA,NA,NA,NA,NA,NA,"aqua",NaN,NaN,NaN
11,"1GAcMoxzkf3t","QbCsTF2UsGTB","M0Zyb89vavah",774,923.015503875969,840.0,1018,37.49206445497579,940,490,906,453,28.078597053664488,0.6598653125501772,122.12489168102785,469.2002583979328,2025-12-12T02:40:00,171540000 milliseconds,47001.9818274462,0.36462497053990306,0.08059516429014259,0.046511627906976744,0.03496193312677713,0.03445752503678914,230.0,0.297,0.983,0.017000000000000015,0.8751512209005885,"aqua",171540.0,47001.9818274462,0.27400012724406086
12,"1IhNX6WVeRWF",NA,"Vdrv7xjCNp3u",312,566.4198717948718,343.0,1042,27.047623630981878,580,797,553,778,15.54999848951494,1.3733010173683773,81.66904755831213,786.5608974358975,2025-12-09T04:00:00,NA,NA,NA,NA,NA,NA,NA,NA,NA,NA,NA,NA,"aqua",NaN,NaN,NaN
12,"1IhNX6WVeRWF","Vdrv7xjCNp3u","mibc8xYvbMcP",301,571.485049833887,315.0,1007,28.426462857199013,586,789,558,774,13.8833884262299,1.419627507718705,77.01219330881976,780.9634551495017,2025-12-10T08:59:00,104340000 milliseconds,1887.2497966030792,0.024039867481091385,0.03588907014681892,0.0851063829787234,0.049711110664649,0.11324623075528681,48.0,0.159,0.99,0.010000000000000009,0.47699266202656954,"terra",104340.0,1887.2497966030792,0.01808750044664634
13,"1dBhQTLHgCFT",NA,"PjyqhoJpwRfb",360,783.55,445.0,1422,26.55116276173529,794,90,768,64,22.10498134910512,0.830072224680535,104.39696961966999,75.69166666666666,2025-12-09T04:00:00,NA,NA,NA,NA,NA,NA,NA,NA,NA,NA,NA,NA,"aqua",NaN,NaN,NaN
13,"1dBhQTLHgCFT","PjyqhoJpwRfb","QcQ2tfuTmLk9",426,869.7816901408451,452.0,1427,24.786664952361164,883,40,858,15,23.270607474038922,-0.8343357902017665,86.66904755831214,28.2981220657277,2025-12-10T03:01:00,82860000 milliseconds,24599.355243567756,0.39425202730295306,0.16793893129770993,0.01560758082497213,0.0687406494564096,0.05137679334485102,151.0,0.354,0.948,0.052000000000000046,1.1039159822268958,"aqua",82860.0,24599.355243567756,0.2968785329901974
14,"1imLAyvfeLhT",NA,"J9G0ZSfdqzJA",951,181.56361724500525,1046.0,358,46.61859023191142,197,577,167,530,27.57951355797659,-0.20620667576315913,144.61017305526642,552.1409043112513,2025-12-09T04:00:00,NA,NA,NA,NA,NA,NA,NA,NA,NA,NA,NA,NA,"aqua",NaN,NaN,NaN
14,"1imLAyvfeLhT","J9G0ZSfdqzJA","p88MfQpAhjoa",920,193.98695652173913,994.0,316,43.8698451002831,208,571,180,528,27.63325027471148,0.03929871477407961,142.02438661763952,549.6423913043478,2025-12-11T03:40:00,171600000 milliseconds,3168.0231023315714,0.024567841041733783,0.03313735970069481,0.050980392156862744,0.06075351223694667,0.0019465323959412012,191.0,0.208,0.987,0.013000000000000012,0.3923856375321792,"aqua",171600.0,3168.0231023315714,0.018461673090510323
14,"1imLAyvfeLhT","p88MfQpAhjoa","jHy8mRbqNwED",869,188.09436133486767,978.0,287,46.98491985175678,203,563,175,517,25.460164917096712,-0.14873517791712657,150.61017305526642,538.1933256616801,2025-12-11T09:38:00,21480000 milliseconds,3219.120436222209,0.1967677528253184,0.05701509223029626,0.016227180527383367,0.06857262253923728,0.08185894050191192,187.0,0.215,0.976,0.02400000000000002,0.6594415886241473,"terra",21480.0,3219.120436222209,0.14986594209600598
15,"1mVUzs7STAAs",NA,"n5qLSwNhKUsc",557,1070.8761220825852,594.0,1936,45.609746633289824,1081,668,1063,624,16.451105527828663,-0.08182412841008442,115.25483399593904,644.3231597845602,2025-12-10T08:59:00,NA,NA,NA,NA,NA,NA,NA,NA,NA,NA,NA,NA,"terra",NaN,NaN,NaN
15,"1mVUzs7STAAs","n5qLSwNhKUsc","sEXR0JfXTK4j",551,955.8675136116152,603.0,1075,40.70818889673319,965,539,946,500,18.196628315826548,-0.08465472204792207,104.91168824543142,519.7622504537205,2025-12-12T02:40:00,150060000 milliseconds,42383.959344717405,0.3757609765035454,0.010830324909747292,0.015037593984962405,0.11356985559164069,0.10075826580026272,151.0,0.274,0.963,0.03700000000000003,0.9269570167901585,"aqua",150060.0,42383.959344717405,0.2824467502646768
16,"1sdiftu2AQBH",NA,"ko6HvlkMrpuT",1562,1105.518565941101,1614.0,1975,51.83259899076872,1126,409,1082,357,39.50446249019726,0.5606586135326059,170.64570696119915,383.93790012804095,2025-12-10T08:59:00,NA,NA,NA,NA,NA,NA,NA,NA,NA,NA,NA,NA,"terra",NaN,NaN,NaN
16,"1sdiftu2AQBH","ko6HvlkMrpuT","JmNcKToi21gs",1560,1122.5628205128205,1603.0,1084,48.13467651839384,1145,263,1100,215,41.84070387736652,-0.5669538453829378,157.4386001800126,236.59358974358975,2025-12-12T08:40:00,171660000 milliseconds,37081.71080244198,0.2874662646028294,0.0012812299807815502,0.006838669567920423,0.07398265989625673,0.05744020183357399,247.0,0.158,0.976,0.02400000000000002,0.6090090258813622,"terra",171660.0,37081.71080244198,0.21601835490179414
17,"20qYco9TEw1h",NA,"qqlpjIo7osQy",888,612.3490990990991,933.0,844,37.555632133258065,630,841,595,805,31.334066833410574,0.6595046370894148,135.1543289325507,825.0945945945946,2025-12-09T09:58:00,NA,NA,NA,NA,NA,NA,NA,NA,NA,NA,NA,NA,"terra",NaN,NaN,NaN
17,"20qYco9TEw1h","qqlpjIo7osQy","FDv8x5Bdh8W6",890,560.661797752809,930.0,794,40.06621241770767,576,750,545,710,29.448877618385634,-0.01791617533807812,122.32590180780451,732.2179775280899,2025-12-11T03:40:00,150120000 milliseconds,26572.59292741813,0.23548912555315604,0.0022497187851518562,0.00322061191626409,0.06468746778624104,0.06203020376941384,247.0,0.278,0.993,0.007000000000000006,0.6526771278102268,"aqua",150120.0,26572.59292741813,0.17700901230627583
17,"20qYco9TEw1h","FDv8x5Bdh8W6","3DcJ0LdzzNE1",907,553.2083792723264,957.0,866,43.075508745729024,572,748,541,707,28.394941954516714,0.26460222409597456,130.5685424949238,728.4410143329658,2025-12-11T09:38:00,21480000 milliseconds,2088.9425857135493,0.1276859771218551,0.018920422927100722,0.028616852146263912,0.07238956052174579,0.036440735471854946,165.0,0.182,0.987,0.013000000000000012,0.47905354818882045,"terra",21480.0,2088.9425857135493,0.09725058592707399
18,"25LiFy0qRBnD",NA,"xzup0B8lo9nU",739,852.6481732070365,758.0,1327,32.69044233807066,867,625,836,593,29.118364643485116,0.7561914859369994,108.32590180780451,607.8349120433018,2025-12-11T09:38:00,NA,NA,NA,NA,NA,NA,NA,NA,NA,NA,NA,NA,"terra",NaN,NaN,NaN
18,"25LiFy0qRBnD","xzup0B8lo9nU","nd41vvqWcbou",712,858.3356741573034,751.0,854,34.375830687741306,877,638,841,608,27.2764229555837,-1.4316336902304045,125.22539674441619,622.4002808988764,2025-12-12T08:40:00,82920000 milliseconds,3909.1050522964265,0.06260578238783515,0.037215713301171606,0.00927766732935719,0.05026038494854146,0.06532311819299513,100.0,0.14,0.974,0.026000000000000023,0.39068266615990055,"terra",82920.0,3909.1050522964265,0.0471430903557215
19,"28WpSu0rIZoy",NA,"WzNdipr90Kgs",384,594.5703125,428.0,1043,24.44691951627013,606,690,581,669,21.098426258248104,-1.2698829379436916,87.32590180780451,679.7447916666666,2025-12-10T08:59:00,NA,NA,NA,NA,NA,NA,NA,NA,NA,NA,NA,NA,"terra",NaN,NaN,NaN
19,"28WpSu0rIZoy","WzNdipr90Kgs","8kSczWXDxsRV",389,612.5578406169666,403.0,947,23.62151716726715,623,676,601,655,21.87301083226826,-0.7164905300904363,78.5269119345812,665.0591259640103,2025-12-11T09:38:00,88740000 milliseconds,5805.277474466881,0.08689884700945859,0.0129366106080207,0.06016847172081829,0.03434279980591364,0.0360511365905007,115.0,0.296,0.991,0.009000000000000008,0.5353978657347119,"terra",88740.0,5805.277474466881,0.0654189483261988
20,"29IA38bgSm0Y",NA,"MyoVbRpEVw5h",551,846.8076225045372,610.0,1552,32.215030251460064,861,1004,832,978,23.233744138454846,-1.1366885906237523,111.36143571373725,991.4791288566244,2025-12-09T04:00:00,NA,NA,NA,NA,NA,NA,NA,NA,NA,NA,NA,NA,"aqua",NaN,NaN,NaN
20,"29IA38bgSm0Y","MyoVbRpEVw5h","KlHy0pLPtLJh",596,815.1006711409397,627.0,1061,33.94921525359655,829,1076,801,1045,22.83606812267693,0.6516378629032284,102.5685424949238,1059.8255033557048,2025-12-11T03:40:00,171600000 milliseconds,18835.733447264025,0.14607005387564193,0.07846556233653008,0.0274858528698464,0.05242060840862908,0.01726406061842915,162.0,0.272,0.975,0.025000000000000022,0.6187061381090766,"aqua",171600.0,18835.733447264025,0.10976534642927753
21,"2AAwxKVv5kP7",NA,"Yw5Tm7Ppz9Ar",532,1045.2781954887218,550.0,1908,29.222498191369272,1058,941,1031,915,23.79256347239824,0.7480294959538542,94.5685424949238,927.9699248120301,2025-12-09T04:00:00,NA,NA,NA,NA,NA,NA,NA,NA,NA,NA,NA,NA,"aqua",NaN,NaN,NaN
21,"2AAwxKVv5kP7","Yw5Tm7Ppz9Ar","jZpNbgbtJ0Oi",471,1064.5159235668789,483.0,1558,27.776213168458398,1076,957,1052,932,22.148093172385728,0.6917277057953178,87.25483399593904,944.2250530785562,2025-12-09T09:58:00,21480000 milliseconds,6296.42446438021,0.3848670210501351,0.12163509471585245,0.12971926427879962,0.05074799020562444,0.07159106639365903,70.0,0.149,0.989,0.01100000000000001,0.9185604366440708,"terra",21480.0,6296.42446438021,0.2931296305577379
22,"2CItKthHqVJD",NA,"DoOGJaXs82qe",324,1133.108024691358,356.0,2070,31.367165178149953,1141,60,1122,30,14.58029042306027,0.38988515319095346,83.25483399593904,43.91358024691358,2025-12-09T04:00:00,NA,NA,NA,NA,NA,NA,NA,NA,NA,NA,NA,NA,"aqua",NaN,NaN,NaN
22,"2CItKthHqVJD","DoOGJaXs82qe","TpcIn5B3A5iZ",308,1133.3311688311687,329.0,2040,25.603361829357855,1146,97,1121,79,15.947612836790794,-1.1278478589452474,77.59797974644667,87.37987012987013,2025-12-10T08:59:00,104340000 milliseconds,10866.715664979985,0.1384206823129735,0.05063291139240506,0.07883211678832117,0.2023433396721965,0.08957853424075583,114.0,0.37,0.977,0.02300000000000002,0.952807584406652,"terra",104340.0,10866.715664979985,0.10414716949377023
22,"2CItKthHqVJD","TpcIn5B3A5iZ","Q99vr44Rc72x",326,1142.2668711656443,330.0,1128,25.79702516640671,1150,205,1133,180,16.584769346468114,0.2389265122131804,73.35533905932738,191.6073619631902,2025-12-12T08:40:00,171660000 milliseconds,26152.457855423396,0.20274008958039766,0.056782334384858045,0.0030349013657056147,0.007535481671171529,0.03917060276054418,72.0,0.221,0.988,0.01200000000000001,0.5422634097626771,"terra",171660.0,26152.457855423396,0.15235033120950364
23,"2DL5OlLHE4wp",NA,"0fMvrigQGXYK",509,908.0019646365422,529.0,1660,28.926329956239165,920,1200,893,1178,23.37924967343007,1.15154359271757,90.52691193458118,1189.0117878192534,2025-12-09T04:00:00,NA,NA,NA,NA,NA,NA,NA,NA,NA,NA,NA,NA,"aqua",NaN,NaN,NaN
23,"2DL5OlLHE4wp","0fMvrigQGXYK","dBVDRn5GJc6u",453,888.3421633554084,468.0,1465,26.231475961345208,900,1195,875,1171,22.712983758644608,1.1840613914308362,86.84062043356595,1181.6313465783664,2025-12-10T03:01:00,82860000 milliseconds,5249.873208729996,0.08413932540636263,0.11642411642411643,0.12236710130391174,0.0977143289173087,0.028910116311344602,68.0,0.15,0.978,0.02200000000000002,0.6215549883630441,"aqua",82860.0,5249.873208729996,0.06335835395522563
23,"2DL5OlLHE4wp","dBVDRn5GJc6u","PNmRfxscJBUU",469,902.7462686567164,496.0,1623,27.45688870624164,915,1195,889,1171,22.774387063937773,1.2825035978527832,87.94112549695427,1181.4733475479745,2025-12-10T08:59:00,21480000 milliseconds,3601.2429557790824,0.22012487504762118,0.03470715835140998,0.058091286307053944,0.04564909929678848,0.0026997957535361172,62.0,0.132,0.985,0.015000000000000013,0.5082722147564098,"terra",21480.0,3601.2429557790824,0.16765563108841167
23,"2DL5OlLHE4wp","PNmRfxscJBUU","Qj77nfZ29D7G",478,930.6359832635983,515.0,1035,28.661450907933926,941,1163,918,1134,22.677439545217958,-0.059959362620387695,95.7401153701776,1149.0690376569037,2025-12-12T02:40:00,150060000 milliseconds,10688.415108102648,0.09475965342526396,0.01900739176346357,0.03758654797230465,0.04292935999082956,0.00426594598951879,123.0,0.257,0.991,0.009000000000000008,0.46454889914138053,"aqua",150060.0,10688.415108102648,0.0712276096768136
24,"2MePgWTdMiQ3",NA,"od8w1MPg7i2i",650,765.5723076923077,664.0,1195,43.598676258482584,782,558,748,526,19.39184239789892,-0.9110495169616047,109.39696961966997,542.6415384615385,2025-12-10T03:01:00,NA,NA,NA,NA,NA,NA,NA,NA,NA,NA,NA,NA,"aqua",NaN,NaN,NaN
24,"2MePgWTdMiQ3","od8w1MPg7i2i","TN8NDnvOVyKI",677,763.3426883308715,798.0,1346,45.69330544981432,781,574,745,537,21.159169336215584,-0.8879454128646407,127.63961030678928,553.9290989660266,2025-12-10T08:59:00,21480000 milliseconds,2876.4151369301026,0.1758199961448718,0.04069329314242653,0.18331053351573187,0.046916400582855546,0.08716561499894013,160.0,0.236,0.956,0.04400000000000004,0.8139058383848259,"terra",21480.0,2876.4151369301026,0.133911319223934
24,"2MePgWTdMiQ3","TN8NDnvOVyKI","ERZmWB37h5F7",673,774.1025260029718,694.0,1193,44.65175176205175,791,556,756,522,19.576340977649284,-0.8391211753465625,111.88225099390856,539.0356612184249,2025-12-11T09:38:00,88740000 milliseconds,4593.396038551117,0.06875826717388095,0.005925925925925926,0.13941018766756033,0.023057236774338245,0.07771246003158885,153.0,0.227,0.957,0.04300000000000004,0.5848640775732943,"terra",88740.0,4593.396038551117,0.051762407466205966
24,"2MePgWTdMiQ3","ERZmWB37h5F7","416dLiD1Lua7",675,611.7140740740741,782.0,668,44.270007000567084,623,604,599,564,21.76868888329896,-0.04231485266039136,124.22539674441619,584.4740740740741,2025-12-12T02:40:00,61320000 milliseconds,42156.4487079856,0.9116879045844636,0.002967359050445104,0.11924119241192412,0.008586082119760037,0.10605133981148343,157.0,0.233,0.96,0.040000000000000036,1.4215338779780766,"aqua",61320.0,42156.4487079856,0.687482855642296
25,"2YgYDJHpRROe",NA,"2cRbUmAQ5FZj",1947,918.522342064715,2172.0,985,67.42790172655849,954,975,885,928,38.2017338981367,-1.2627570300987403,208.99494936611666,951.0734463276837,2025-12-12T02:40:00,NA,NA,NA,NA,NA,NA,NA,NA,NA,NA,NA,NA,"aqua",NaN,NaN,NaN
25,"2YgYDJHpRROe","2cRbUmAQ5FZj","AqljyzAjoWaQ",1729,951.9103528050897,1987.0,933,59.73464290083562,975,835,927,778,39.81257148892059,-0.39939159098505783,215.6223663640862,806.9953730480046,2025-12-12T08:40:00,21600000 milliseconds,36974.01998463241,2.2476607893393563,0.11860718171926006,0.08896369319547968,0.12099881845342601,0.041295954191784126,487.0,0.282,0.989,0.01100000000000001,2.9105264368993065,"terra",21600.0,36974.01998463241,1.7117601844737227
26,"2bmzS8gkD1Fb",NA,"poDOUXPZRkwX",1953,549.9139784946236,2033.0,994,65.90372865647628,582,1190,512,1150,38.87579860412519,-1.3748697344832772,198.16652224137047,1170.7649769585253,2025-12-09T04:00:00,NA,NA,NA,NA,NA,NA,NA,NA,NA,NA,NA,NA,"aqua",NaN,NaN,NaN
26,"2bmzS8gkD1Fb","poDOUXPZRkwX","xPfdhK25uoy0",1956,567.069018404908,2120.0,758,67.50278320044094,600,1196,525,1156,38.79680028618951,-1.3968337301405938,215.13708498984758,1176.8241308793456,2025-12-09T09:58:00,21480000 milliseconds,4548.411402344515,0.2780202568670242,0.0015349194167306216,0.04189742354924151,0.023972661029915944,0.0020341360805304206,120.0,0.061,0.982,0.018000000000000016,0.42645939694344276,"terra",21480.0,4548.411402344515,0.21175099638475398
26,"2bmzS8gkD1Fb","xPfdhK25uoy0","L8tyFh7VpFl2",1914,548.8683385579938,1989.0,954,65.79063900991873,581,1183,511,1144,37.96469002012412,-1.3993466798022904,192.16652224137044,1163.878265412748,2025-12-10T08:59:00,82860000 milliseconds,5583.794518342298,0.08949105726968985,0.021705426356589147,0.06376247262107569,0.025689852689357102,0.02168040934965931,192.0,0.1,0.974,0.026000000000000023,0.34832921828637115,"terra",82860.0,5583.794518342298,0.06738829976276005
26,"2bmzS8gkD1Fb","L8tyFh7VpFl2","g8MuxmDy2eMT",2017,531.9583539910759,2104.0,797,69.0180692943884,566,1172,492,1132,38.462236900635546,-1.4574364467349374,197.33809511662426,1152.263262270699,2025-12-11T09:38:00,88740000 milliseconds,5128.693035530652,0.076771095509777,0.05240396845586365,0.05619350109943806,0.04788162908859422,0.013020198523153795,197.0,0.098,0.991,0.009000000000000008,0.3532703926768267,"terra",88740.0,5128.693035530652,0.057794602609090064
26,"2bmzS8gkD1Fb","g8MuxmDy2eMT","Cg8SeWTDbMTy",1888,470.43802966101697,2032.0,559,64.06518413375345,502,1200,441,1164,39.30339624051927,1.5110656734944923,196.02438661763952,1182.5143008474577,2025-12-12T08:40:00,82920000 milliseconds,17138.909753555254,0.27448606267705405,0.06606914212548015,0.03481624758220503,0.07443288367321518,0.021633189518483305,540.0,0.286,0.992,0.008000000000000007,0.7654375255764377,"terra",82920.0,17138.909753555254,0.20669210990780576
27,"2faeY9XZZSxc",NA,"Yph5JBsz5D8h",333,66.1981981981982,348.0,112,27.106005793761113,79,996,54,977,15.852958826794644,-1.1004075213205953,75.84062043356595,986.3453453453453,2025-12-09T04:00:00,NA,NA,NA,NA,NA,NA,NA,NA,NA,NA,NA,NA,"aqua",NaN,NaN,NaN
27,"2faeY9XZZSxc","Yph5JBsz5D8h","W4umMP0fucNS",312,39.493589743589745,333.0,33,25.3098701313342,48,1020,31,996,16.8251504483678,-0.023399230748140522,85.2193000900063,1008.9679487179487,2025-12-09T09:58:00,21480000 milliseconds,8749.708195377405,0.5348232393262472,0.06511627906976744,0.04405286343612335,0.0685340321315501,0.05950109373751847,80.0,0.256,0.967,0.03300000000000003,1.0610275077012066,"terra",21480.0,8749.708195377405,0.40734209475686245
27,"2faeY9XZZSxc","W4umMP0fucNS","Mm3eMoJhlrf2",327,62.84709480122324,336.0,109,27.251733938012723,75,994,51,974,15.45704470017306,-0.9487390189018289,75.59797974644665,984.0336391437309,2025-12-10T03:01:00,61380000 milliseconds,8540.733254600593,0.18452486236579005,0.046948356807511735,0.008968609865470852,0.07388906183747866,0.08475915233766732,88.0,0.269,0.966,0.03400000000000003,0.7020900432139187,"aqua",61380.0,8540.733254600593,0.1391452143141185
27,"2faeY9XZZSxc","Mm3eMoJhlrf2","let6GvN99bEf",321,71.56697819314641,351.0,119,25.102680999986436,83,994,60,974,17.19310745621482,-1.0326036141827166,78.91168824543142,984.0,2025-12-10T08:59:00,21480000 milliseconds,2179.9870693528273,0.13325104335897478,0.018518518518518517,0.043668122270742356,0.08209634051192466,0.10634331795615254,63.0,0.196,0.998,0.0020000000000000018,0.5818773426163129,"terra",21480.0,2179.9870693528273,0.10148915592890258
27,"2faeY9XZZSxc","let6GvN99bEf","luEblT2hA3cG",314,101.40127388535032,336.0,155,23.0450115773142,113,943,90,923,18.0881094411908,1.0447452027105582,76.42640687119285,932.6464968152866,2025-12-11T09:38:00,88740000 milliseconds,14847.700766432297,0.22225433375394502,0.02204724409448819,0.043668122270742356,0.08547323090794726,0.050735323987183334,79.0,0.252,0.996,0.0040000000000000036,0.6801782550143061,"terra",88740.0,14847.700766432297,0.16731688941212866
28,"2ffpEDWk5Rlc",NA,"iT5oVhSj4Csf",424,292.8867924528302,427.0,559,24.59397248540026,304,711,280,686,22.939891019336688,0.41012316185461245,80.42640687119285,699.6014150943396,2025-12-10T08:59:00,NA,NA,NA,NA,NA,NA,NA,NA,NA,NA,NA,NA,"terra",NaN,NaN,NaN
28,"2ffpEDWk5Rlc","iT5oVhSj4Csf","SiBGOMFfJQDL",434,306.8341013824885,442.0,485,26.83539098656072,318,708,295,681,21.518473448598645,0.42621770903284917,83.25483399593904,694.947004608295,2025-12-11T03:40:00,67260000 milliseconds,3675.858431644979,0.07250928950872826,0.023310023310023312,0.03452243958573072,0.08716493263162667,0.06394376346269828,70.0,0.161,0.993,0.007000000000000006,0.4494504484988072,"aqua",67260.0,3675.858431644979,0.05465147831764763
28,"2ffpEDWk5Rlc","SiBGOMFfJQDL","2Cf9GOEBXySK",425,299.6823529411765,437.0,469,28.874872530928737,310,701,289,672,19.240595725337347,0.13054914006313015,86.08326112068524,686.7576470588235,2025-12-11T09:38:00,21480000 milliseconds,2718.146000044117,0.16614584352347903,0.020954598370197905,0.011376564277588168,0.07321744381007098,0.11177280391466456,104.0,0.245,0.993,0.007000000000000006,0.6354672538960007,"terra",21480.0,2718.146000044117,0.12654310987170006
28,"2ffpEDWk5Rlc","2Cf9GOEBXySK","K2BGQzdpiVJe",466,314.0214592274678,516.0,377,29.805793776646446,325,709,301,679,22.261827038923347,0.12497648789082369,100.81118318204308,693.5085836909872,2025-12-12T08:40:00,82920000 milliseconds,3962.205150710337,0.06345620036371456,0.0920314253647587,0.1657922350472193,0.03172838020748701,0.14559300938872882,138.0,0.296,0.963,0.03700000000000003,0.8316012503719084,"terra",82920.0,3962.205150710337,0.04778346780885597
29,"2mPHkcwIclDG",NA,"qnl01OoKa3vB",1964,907.6532586558045,2224.0,1458,64.1009592922135,937,978,873,929,41.57347108788856,-1.3587890687173043,212.5452018978108,949.739816700611,2025-12-10T03:01:00,NA,NA,NA,NA,NA,NA,NA,NA,NA,NA,NA,NA,"aqua",NaN,NaN,NaN
29,"2mPHkcwIclDG","qnl01OoKa3vB","mA2WLZ40zaDF",2056,909.7928015564203,2253.0,1407,62.49861865666093,939,977,875,928,45.29656134888783,-1.3948667086001756,223.23759005323592,950.067120622568,2025-12-11T09:38:00,110220000 milliseconds,541.1083348614103,0.006526060843772662,0.045771144278606964,0.012955103864194774,0.02531352254901918,0.08571633177894619,380.0,0.185,0.984,0.016000000000000014,0.3772821633145398,"terra",110220.0,541.1083348614103,0.004909347984589097
29,"2mPHkcwIclDG","mA2WLZ40zaDF","0ngJpJFwcjsM",2349,898.330779054917,2571.0,881,67.32103332129125,929,790,869,725,45.77080695709628,0.5861387894695131,234.4213562373095,757.0604512558535,2025-12-12T08:40:00,82920000 milliseconds,48336.67886544416,0.7741300266727124,0.1330306469920545,0.1318407960199005,0.0742940624343891,0.010415269860769499,704.0,0.3,0.99,0.010000000000000009,1.4337108019798261,"terra",82920.0,48336.67886544416,0.5829314865586609
30,"2nSFRojvwrUq",NA,"f2lh3VdoaJUG",1836,621.177559912854,1957.0,1107,59.417208271465036,646,992,589,942,41.16496065679991,1.0130181304640327,188.65180361560903,966.0936819172114,2025-12-09T04:00:00,NA,NA,NA,NA,NA,NA,NA,NA,NA,NA,NA,NA,"aqua",NaN,NaN,NaN
30,"2nSFRojvwrUq","f2lh3VdoaJUG","ltnIpkAlI2pR",1804,639.2117516629712,1893.0,861,59.65418114633754,664,1004,606,956,40.683448836126814,1.0711400882750213,182.33809511662426,978.2272727272727,2025-12-09T09:58:00,21480000 milliseconds,5434.0138136211135,0.33215243359542257,0.017582417582417582,0.03324675324675325,0.003980349537049685,0.011765942030057664,154.0,0.085,0.994,0.006000000000000005,0.48972789599170075,"terra",21480.0,5434.0138136211135,0.25298015892090847
30,"2nSFRojvwrUq","ltnIpkAlI2pR","GQWkAu466L01",1761,622.4599659284497,1842.0,1056,58.413084981873524,647,983,590,937,40.374242238920836,1.042919308867226,180.99494936611666,958.0885860306644,2025-12-10T08:59:00,82860000 milliseconds,6548.8025010277115,0.10495716805878214,0.0241234221598878,0.027309236947791166,0.021023543699509272,0.007629296939131862,103.0,0.058,0.993,0.007000000000000006,0.25004266780510226,"terra",82860.0,6548.8025010277115,0.07903454623494703
30,"2nSFRojvwrUq","GQWkAu466L01","Y1Xo6GjJnsXz",1759,623.505969300739,1836.0,837,57.95134054700846,648,984,592,936,40.361122439253236,0.9959526452189161,179.03048327204937,957.8317225696419,2025-12-11T03:40:00,67260000 milliseconds,269.270065692541,0.00531157048412153,0.0011363636363636363,0.0032626427406199023,0.007936178651961884,0.0003250075037103572,91.0,0.052,0.996,0.0040000000000000036,0.07397176301677731,"aqua",67260.0,269.270065692541,0.004003420542559337
30,"2nSFRojvwrUq","Y1Xo6GjJnsXz","gWLluGeE0Mnf",1657,618.1436330718166,1727.0,931,54.786883038971794,642,977,591,929,39.80026913963938,0.806905573913437,171.5452018978108,950.7682558841279,2025-12-11T09:38:00,21480000 milliseconds,2217.081576213704,0.13551843375389389,0.059718969555035126,0.061184395172607355,0.05613814742474248,0.01399310287825723,196.0,0.118,0.99,0.010000000000000009,0.4545530487845361,"terra",21480.0,2217.081576213704,0.1032160882781054
31,"2rbJCDnltsFC",NA,"c2b9xe5hJLgr",989,448.9140546006067,1064.0,884,41.51766692493419,468,644,431,605,31.169657470727387,-0.7255303566878213,134.95331880577402,625.3731041456016,2025-12-09T04:00:00,NA,NA,NA,NA,NA,NA,NA,NA,NA,NA,NA,NA,"aqua",NaN,NaN,NaN
31,"2rbJCDnltsFC","c2b9xe5hJLgr","S155Le4CDUjp",918,463.18409586056646,951.0,635,39.717191247134465,481,654,446,617,29.93680989973507,-0.6868900024045262,121.05382386916237,636.1721132897603,2025-12-09T09:58:00,21480000 milliseconds,4473.901234217867,0.27346584561233905,0.07446250655479811,0.11215880893300248,0.04432766224533866,0.04035080488348597,89.0,0.097,0.971,0.029000000000000026,0.6707656282289642,"terra",21480.0,4473.901234217867,0.20828218036396026
31,"2rbJCDnltsFC","S155Le4CDUjp","SkUuY5lMKpaG",853,552.4396248534583,926.0,829,40.885800077304204,569,637,535,597,27.854036028717548,0.5716278538461699,132.71067811865476,617.8124267291911,2025-12-10T03:01:00,61380000 milliseconds,22781.060590986683,0.49219100337013466,0.07340485601355166,0.02663825253063399,0.02899666156224696,0.07207971565586979,152.0,0.178,0.972,0.028000000000000025,0.899310489132437,"aqua",61380.0,22781.060590986683,0.371147940550451
31,"2rbJCDnltsFC","SkUuY5lMKpaG","lY0vmJkWzfUh",855,574.366081871345,890.0,891,41.09513299932651,588,729,558,687,27.5117643115578,0.12959706733189805,123.39696961966999,706.9239766081871,2025-12-11T09:38:00,110220000 milliseconds,22942.370517224823,0.2766974674935153,0.00234192037470726,0.039647577092511016,0.005106868491643879,0.012364012262304984,184.0,0.215,0.981,0.019000000000000017,0.5701578457146824,"terra",110220.0,22942.370517224823,0.20815070329545293
31,"2rbJCDnltsFC","lY0vmJkWzfUh","IPjRXIURXl2J",759,474.9644268774704,816.0,522,37.10914553436377,489,702,457,663,29.34080762064368,0.4917776991156999,125.88225099390856,682.836627140975,2025-12-12T02:40:00,61320000 milliseconds,25569.622381691635,0.5529762625798365,0.11895910780669144,0.08675263774912075,0.10193783613119281,0.06434337961938016,185.0,0.244,0.995,0.0050000000000000044,1.1739692238862216,"aqua",61320.0,25569.622381691635,0.41698666636809584
32,"2uYzRZFaCNok",NA,"9hIkbpyCvYh8",1254,663.3692185007975,1485.0,1167,51.96606313359211,692,1034,635,998,34.09920606123949,1.4897744621703133,184.7878425849301,1015.0454545454545,2025-12-09T04:00:00,NA,NA,NA,NA,NA,NA,NA,NA,NA,NA,NA,NA,"aqua",NaN,NaN,NaN
32,"2uYzRZFaCNok","9hIkbpyCvYh8","iZ9rBCxTJ7Ge",1466,733.2905866302865,1663.0,1021,58.0861734961772,762,1200,710,1155,36.10459454535686,0.7830480247841008,193.57463914933368,1181.5422919508867,2025-12-09T09:58:00,21480000 milliseconds,45145.732485965964,2.7595191006091664,0.15588235294117647,0.11308767471410419,0.1112219169733729,0.05713048201920116,448.0,0.306,0.966,0.03400000000000003,3.536841527257021,"terra",21480.0,45145.732485965964,2.1017566334248587
32,"2uYzRZFaCNok","iZ9rBCxTJ7Ge","i7f0WIThJvpq",1472,764.5305706521739,1627.0,1161,59.41400945120731,791,1195,734,1155,33.19244319361754,1.2562366588483975,208.79393923933998,1172.8634510869565,2025-12-10T03:01:00,61380000 milliseconds,8105.780654990932,0.1751275932805646,0.0040844111640571815,0.02188449848024316,0.02260142787394132,0.08404836474276736,407.0,0.276,0.985,0.015000000000000013,0.5987462955415737,"aqua",61380.0,8105.780654990932,0.13205898753650916
32,"2uYzRZFaCNok","i7f0WIThJvpq","6jLsumHKR8UB",1514,780.9352708058124,1677.0,1364,58.84642146654599,809,1200,752,1159,34.05179980482661,1.2227791981413247,195.65180361560903,1177.2833553500661,2025-12-10T08:59:00,21480000 milliseconds,4247.423784085487,0.2596224806898219,0.02813127930341594,0.03026634382566586,0.009598950050436799,0.02555926196474392,223.0,0.147,0.991,0.009000000000000008,0.5091783158340843,"terra",21480.0,4247.423784085487,0.19773853743414743
32,"2uYzRZFaCNok","6jLsumHKR8UB","8anZogJNS3j0",1540,895.4545454545455,1708.0,885,59.10054963766786,924,1200,870,1155,34.891088716517835,0.9424136391766552,200.9594154601839,1180.7279220779221,2025-12-12T08:40:00,171660000 milliseconds,28642.766654531017,0.22204555722726474,0.017026850032743943,0.018316100443131464,0.004309193678188333,0.024347367210510385,348.0,0.226,0.99,0.010000000000000009,0.5220450685918389,"terra",171660.0,28642.766654531017,0.1668575477952407
33,"2vdGYoK4Ibkz",NA,"iiKoOWObqU6g",880,997.4943181818181,900.0,1674,40.46142216717116,1015,131,981,93,28.105787286960446,-0.7534370190967551,120.46803743153546,111.16363636363636,2025-12-10T03:01:00,NA,NA,NA,NA,NA,NA,NA,NA,NA,NA,NA,NA,"aqua",NaN,NaN,NaN
33,"2vdGYoK4Ibkz","iiKoOWObqU6g","5oo6oYNP527w",833,995.436974789916,852.0,1199,40.03178698216095,1013,119,979,83,27.07524307410837,-0.7815547475263904,116.8111831820431,100.18367346938776,2025-12-11T03:40:00,88740000 milliseconds,2792.761256705443,0.041804674151716834,0.05487448920023351,0.0547945205479452,0.01067506661867936,0.03735139435087973,107.0,0.128,0.995,0.0050000000000000044,0.3325001448694547,"aqua",88740.0,2792.761256705443,0.0314712785294731
33,"2vdGYoK4Ibkz","5oo6oYNP527w","51KKRkWDqUoL",851,998.6498237367803,962.0,971,42.02783509328729,1014,119,982,75,28.78100509976885,-0.21107919483903922,140.95331880577402,94.88719153936545,2025-12-12T08:40:00,104400000 milliseconds,1548.69136673555,0.01971599448422088,0.021377672209026127,0.12127894156560089,0.04864872785524419,0.061076856445873094,222.0,0.261,0.958,0.04200000000000004,0.5750981925599652,"terra",104400.0,1548.69136673555,0.014834208493635537
34,"2wdbYBDivb72",NA,"XcNsTOtJSHus",575,1105.1304347826087,585.0,2026,35.45810637720822,1115,1157,1094,1124,21.45824478978364,0.14496471569129663,96.28427124746189,1139.2365217391305,2025-12-09T04:00:00,NA,NA,NA,NA,NA,NA,NA,NA,NA,NA,NA,NA,"aqua",NaN,NaN,NaN
34,"2wdbYBDivb72","XcNsTOtJSHus","SStVcAA3XWs8",609,1127.71921182266,629.0,1635,34.93657103140581,1138,1168,1115,1136,23.070770284416454,0.23207074726696036,99.35533905932738,1150.584564860427,2025-12-09T09:58:00,21480000 milliseconds,6319.765278710698,0.3862937211925855,0.057432432432432436,0.07248764415156507,0.0148174653255414,0.07242583254742153,66.0,0.108,0.995,0.0050000000000000044,0.716457095649546,"terra",21480.0,6319.765278710698,0.29421626064761164
34,"2wdbYBDivb72","SStVcAA3XWs8","wldveO5c58jQ",573,1094.3403141361257,594.0,1888,34.86564367521284,1106,1156,1084,1123,21.819581201237124,-0.01306141872546,98.76955262170048,1139.5532286212915,2025-12-10T03:01:00,61380000 milliseconds,8788.633248367589,0.18988080908215596,0.06091370558375635,0.05723630417007359,0.002032237988180897,0.05574423196838613,60.0,0.105,0.995,0.0050000000000000044,0.4758072887925529,"aqua",61380.0,8788.633248367589,0.14318398905779714
34,"2wdbYBDivb72","wldveO5c58jQ","TJlCvFIGg6Ar",493,1048.8782961460447,558.0,1652,36.927541596554676,1063,1157,1037,1123,18.72143888489036,-0.5341409715251481,115.05382386916237,1138.6632860040568,2025-12-11T09:38:00,110220000 milliseconds,11367.681925068371,0.13710042724559332,0.150093808630394,0.0625,0.0574399342649775,0.1528398796954248,173.0,0.351,0.973,0.027000000000000024,0.9379740498363897,"terra",110220.0,11367.681925068371,0.10313629037441817
35,"2yao0Lh11aNU",NA,"IKYUo7hdV5c0",351,365.988603988604,363.0,701,28.41741206137547,375,705,359,679,16.415929118134432,0.01881260844004007,77.69848480983501,691.7521367521367,2025-12-10T08:59:00,NA,NA,NA,NA,NA,NA,NA,NA,NA,NA,NA,NA,"terra",NaN,NaN,NaN
35,"2yao0Lh11aNU","IKYUo7hdV5c0","xqVK3HfZ7b5y",352,426.45454545454544,365.0,525,26.204873775246416,438,726,414,706,17.478018027903897,0.926201441751583,80.42640687119285,715.3551136363636,2025-12-12T08:40:00,171660000 milliseconds,16227.350744884405,0.12579829252982214,0.002844950213371266,0.005494505494505495,0.08101229204310018,0.06267130264842027,89.0,0.253,0.989,0.01100000000000001,0.5418213429292194,"terra",171660.0,16227.350744884405,0.09453192790914834
36,"2yxcMiyMP1A0",NA,"dYQIETy9JaTJ",441,70.09977324263039,461.0,112,27.156221156640253,82,1184,56,1163,21.309849061952427,1.3687056399679984,85.59797974644667,1173.7573696145125,2025-12-10T08:59:00,NA,NA,NA,NA,NA,NA,NA,NA,NA,NA,NA,NA,"terra",NaN,NaN,NaN
36,"2yxcMiyMP1A0","dYQIETy9JaTJ","CaLNlC4TTDMR",388,83.94845360824742,436.0,129,27.93650331746257,96,1200,71,1181,20.43447132409348,1.4848117481542165,98.42640687119284,1191.7963917525774,2025-12-11T03:40:00,67260000 milliseconds,5685.465391937041,0.11215041704185899,0.1278648974668275,0.055741360089186176,0.02832614172817322,0.04193996834843979,99.0,0.255,0.949,0.051000000000000045,0.6720227846744857,"aqua",67260.0,5685.465391937041,0.08452966684414275
36,"2yxcMiyMP1A0","CaLNlC4TTDMR","vjNxEwcPHdSx",377,148.90450928381964,421.0,106,25.012927798460883,160,1177,136,1153,20.46100005771582,0.7618957161827433,87.70458146424487,1164.026525198939,2025-12-12T08:40:00,104400000 milliseconds,17660.787527271612,0.22483497806838462,0.02875816993464052,0.03500583430571762,0.11042896806959206,0.0012973922405571073,113.0,0.3,0.946,0.05400000000000005,0.754325342618892,"terra",104400.0,17660.787527271612,0.16916463148727598
37,"30kpXYCG6WIw",NA,"SYetmb8vj2e4",908,607.6563876651983,1112.0,892,38.47461895709876,626,165,587,129,33.71551151784407,-0.8477489683283118,173.50966799187808,146.41079295154185,2025-12-10T03:01:00,NA,NA,NA,NA,NA,NA,NA,NA,NA,NA,NA,NA,"aqua",NaN,NaN,NaN
37,"30kpXYCG6WIw","SYetmb8vj2e4","2VreirMZmFQy",1029,457.9922254616132,1087.0,507,41.27048257293344,475,244,440,208,32.9978217489721,-0.7906163311605848,138.3259018078045,225.0485908649174,2025-12-12T02:40:00,171540000 milliseconds,42266.464771706065,0.32788848199609066,0.12493546721734641,0.022737608003638016,0.07012000893325711,0.021515632145124912,307.0,0.298,0.955,0.04500000000000004,0.9101971982954571,"aqua",171540.0,42266.464771706065,0.24639422159091795
38,"36h3dvfGeRK0",NA,"DH8VRiMjVNIu",352,236.05113636363637,363.0,479,26.41996177824031,246,272,226,248,17.551207688661666,-0.43903015550741026,77.01219330881975,259.88352272727275,2025-12-09T04:00:00,NA,NA,NA,NA,NA,NA,NA,NA,NA,NA,NA,NA,"aqua",NaN,NaN,NaN
38,"36h3dvfGeRK0","DH8VRiMjVNIu","1XjbooBOFixx",392,264.109693877551,395.0,258,28.10584786533567,276,244,252,220,18.01101887692922,-0.7391867892666144,78.42640687119284,231.0127551020408,2025-12-09T09:58:00,21480000 milliseconds,10064.802137373952,0.6152079546072098,0.10752688172043011,0.08443271767810026,0.061838094587339444,0.025859527519711396,67.0,0.171,0.998,0.0020000000000000018,1.067865176112791,"terra",21480.0,10064.802137373952,0.4685662075127538
38,"36h3dvfGeRK0","1XjbooBOFixx","pZxuRBTthpm7",390,330.7205128205128,398.0,520,25.121884902114264,343,309,320,288,20.25169203936705,-0.9877491398918242,76.76955262170047,298.0769230769231,2025-12-11T03:40:00,150120000 milliseconds,23630.758327886004,0.20941827656758244,0.005115089514066497,0.007566204287515763,0.11212061112045604,0.11712046056221888,75.0,0.192,0.998,0.0020000000000000018,0.6453406420518396,"aqua",150120.0,23630.758327886004,0.15741245888546498
38,"36h3dvfGeRK0","pZxuRBTthpm7","uS06mQSUBo1q",396,330.3939393939394,403.0,315,24.896753906561496,343,313,319,292,20.70959647523358,-1.1348625030774462,77.35533905932738,302.55808080808083,2025-12-12T02:40:00,82800000 milliseconds,1123.2604555060532,0.01801540425831681,0.015267175572519083,0.012484394506866416,0.009001884134188726,0.022357911700131777,46.0,0.116,0.993,0.007000000000000006,0.20012677017202282,"aqua",82800.0,1123.2604555060532,0.013565947530266343
38,"36h3dvfGeRK0","uS06mQSUBo1q","BCXPQ67dsq8o",445,321.6741573033708,456.0,391,26.535846084347078,336,312,310,290,22.021561204995265,-1.200983664645644,84.01219330881976,300.27191011235954,2025-12-12T08:40:00,21600000 milliseconds,2253.624527247374,0.13699845150439963,0.11652794292508918,0.12339930151338765,0.06373748082248668,0.061405531747093886,61.0,0.137,0.983,0.017000000000000015,0.656068708512457,"terra",21600.0,2253.624527247374,0.10433446885404508
39,"39CSeaJd6eHi",NA,"CzBATV0f5CU8",791,545.8571428571429,807.0,1009,35.73706319694904,565,935,527,904,28.634495343827474,1.2855601508105519,112.81118318204308,919.3640960809103,2025-12-09T04:00:00,NA,NA,NA,NA,NA,NA,NA,NA,NA,NA,NA,NA,"aqua",NaN,NaN,NaN
39,"39CSeaJd6eHi","CzBATV0f5CU8","WD4HrnBgGAXM",808,562.9591584158416,819.0,781,36.71951568343482,582,944,544,914,28.326579608084856,1.3800821766394382,111.39696961966999,929.5544554455446,2025-12-09T09:58:00,21480000 milliseconds,4976.961674495557,0.3042152612772346,0.021263289555972485,0.014760147601476014,0.027118379080736933,0.010811443990569592,60.0,0.074,0.995,0.0050000000000000044,0.4571685215059897,"terra",21480.0,4976.961674495557,0.23170212637316376
39,"39CSeaJd6eHi","WD4HrnBgGAXM","cKhzifw9HxW8",758,547.2493403693932,775.0,973,35.12748005877906,566,927,529,897,27.974148503719665,1.398297520568525,111.05382386916236,911.6029023746702,2025-12-10T08:59:00,82860000 milliseconds,5963.727026307332,0.09558020716896118,0.06385696040868455,0.05520702634880803,0.044317388868087636,0.012519593127297316,86.0,0.113,0.994,0.006000000000000005,0.39048117592183873,"terra",82860.0,5963.727026307332,0.07197353398874405
39,"39CSeaJd6eHi","cKhzifw9HxW8","WsA0z4UtLcNQ",723,551.865836791148,734.0,784,34.774911021183264,571,921,535,892,26.85228838596943,1.3529035925904496,106.81118318204307,906.655601659751,2025-12-11T03:40:00,67260000 milliseconds,1691.6675126911546,0.03336951400909665,0.04726536124240378,0.054340622929092114,0.010087467170972265,0.04092405712986307,60.0,0.083,0.995,0.0050000000000000044,0.27398702248142787,"aqua",67260.0,1691.6675126911546,0.025151167301384992
39,"39CSeaJd6eHi","WsA0z4UtLcNQ","3zVgRcbwmmHd",734,544.2656675749319,739.0,846,34.95650331176504,562,914,527,886,26.968845819520926,1.3240171196646147,103.7401153701776,899.5476839237057,2025-12-11T09:38:00,21480000 milliseconds,2601.502770725843,0.15901606178030828,0.015099519560741249,0.006788866259334691,0.005208335219323748,0.00433128863864059,49.0,0.067,0.995,0.0050000000000000044,0.2624440714583486,"terra",21480.0,2601.502770725843,0.12111279193323292
39,"39CSeaJd6eHi","3zVgRcbwmmHd","zv444ocNJJgw",724,436.49723756906076,772.0,537,36.371408285712825,456,834,420,806,27.56116148071694,-1.5418867353671568,125.46803743153546,821.0372928176796,2025-12-12T08:40:00,82920000 milliseconds,33333.462932869275,0.5338479009107827,0.013717421124828532,0.04367968232958306,0.0396732483051646,0.021724393247731354,136.0,0.188,0.966,0.03400000000000003,0.8746426459180903,"terra",82920.0,33333.462932869275,0.40199545263952335
40,"39DWnOBtv9gK",NA,"DIzQ0zz0RUTg",538,884.1802973977696,554.0,1618,38.192565910501656,902,986,867,965,18.623795084902536,1.365453543307512,96.18376618407356,975.0743494423792,2025-12-09T04:00:00,NA,NA,NA,NA,NA,NA,NA,NA,NA,NA,NA,NA,"aqua",NaN,NaN,NaN
40,"39DWnOBtv9gK","DIzQ0zz0RUTg","kKCQ2uhWXT1y",512,903.2265625,531.0,1327,38.82381271676862,921,1002,886,981,17.342585651245173,1.2884225196295913,98.18376618407358,990.8125,2025-12-09T09:58:00,21480000 milliseconds,6176.819556407956,0.3775562076043983,0.049523809523809526,0.0423963133640553,0.016392534095168443,0.07124483517295885,69.0,0.135,0.994,0.006000000000000005,0.6981136997603904,"terra",21480.0,6176.819556407956,0.2875614318625678
40,"39DWnOBtv9gK","kKCQ2uhWXT1y","Txo5HjCr1r1K",542,881.9059040590406,560.0,1443,38.05995385756735,899,983,864,964,18.914109289891798,1.4137599210836862,96.5269119345812,973.0350553505535,2025-12-10T03:01:00,61380000 milliseconds,6939.956838033045,0.14993965297684012,0.056925996204933584,0.05316223648029331,0.019870484843187933,0.08668874210393449,84.0,0.155,0.999,0.0010000000000000009,0.5225871126091894,"aqua",61380.0,6939.956838033045,0.11306544213152565
40,"39DWnOBtv9gK","Txo5HjCr1r1K","3MivRxa1MANp",536,884.1399253731344,550.0,1387,37.54752070826537,901,983,866,964,18.87099678295796,1.49965687590082,96.5269119345812,973.7108208955224,2025-12-11T09:38:00,110220000 milliseconds,583.4975526722568,0.0070372978673612354,0.011131725417439703,0.018018018018018018,0.013555092330343596,0.002281984168614842,62.0,0.116,0.994,0.006000000000000005,0.1740241178017774,"terra",110220.0,583.4975526722568,0.005293935335440545
40,"39DWnOBtv9gK","3MivRxa1MANp","GLeLaE13Ql4L",477,893.5576519916143,494.0,971,36.796828504742926,912,990,876,971,17.18515567966442,-1.4651954094141886,100.87615433949868,980.8993710691824,2025-12-12T02:40:00,61320000 milliseconds,2961.9337882924265,0.06405566151151441,0.11648568608094768,0.10727969348659004,0.020195003694809113,0.09351197996187577,154.0,0.323,0.989,0.01100000000000001,0.735528024735737,"aqua",61320.0,2961.9337882924265,0.04830289935245314
41,"3EyIed0u5h0M",NA,"AZE93NXTPnPm",871,841.4408725602756,928.0,1533,40.74225232921419,857,639,822,600,29.18878279448244,0.6982755967831614,131.63961030678928,617.6268656716418,2025-12-09T04:00:00,NA,NA,NA,NA,NA,NA,NA,NA,NA,NA,NA,NA,"aqua",NaN,NaN,NaN
41,"3EyIed0u5h0M","AZE93NXTPnPm","XO13IeDseBif",846,854.4373522458629,900.0,1229,40.2557530976908,872,652,836,615,28.531654729183014,0.7532468630359548,128.46803743153546,632.4621749408983,2025-12-09T09:58:00,21480000 milliseconds,4930.7383152296115,0.30138987256904715,0.029120559114735003,0.030634573304157548,0.012012622507412741,0.022769337638163304,110.0,0.13,0.992,0.008000000000000007,0.5339269651335157,"terra",21480.0,4930.7383152296115,0.22955020089523331
41,"3EyIed0u5h0M","XO13IeDseBif","DECCUOnBPWmt",846,845.5177304964539,909.0,1365,40.94145622340184,859,629,827,589,28.318145730047238,0.538089281736686,128.22539674441617,606.5851063829788,2025-12-10T03:01:00,61380000 milliseconds,6842.798811998454,0.147840527427859,0.0,0.009950248756218905,0.016889820018307404,0.007511336800166734,79.0,0.093,0.999,0.0010000000000000009,0.27619193300255207,"aqua",61380.0,6842.798811998454,0.11148254825673597
41,"3EyIed0u5h0M","DECCUOnBPWmt","9HtTnEasStGk",863,840.2039397450753,925.0,1481,40.79267870416465,855,631,821,592,28.855416688385706,0.6692423412602584,129.88225099390857,609.6778679026651,2025-12-10T08:59:00,21480000 milliseconds,1537.0740460182813,0.09395318129696095,0.01989467524868344,0.017448200654307525,0.0036405234941078338,0.01879438452361505,62.0,0.072,0.999,0.0010000000000000009,0.22673096521767483,"terra",21480.0,1537.0740460182813,0.07155838203064624
42,"3bVoeGm87Vmw",NA,"6nWobWvqdrTv",885,789.1717514124293,930.0,1427,41.22982584063845,807,406,769,372,27.962820304201312,-1.0262096538412329,126.71067811865474,387.67005649717515,2025-12-09T04:00:00,NA,NA,NA,NA,NA,NA,NA,NA,NA,NA,NA,NA,"aqua",NaN,NaN,NaN
42,"3bVoeGm87Vmw","6nWobWvqdrTv","HXQnZcKAWjFt",922,801.1258134490239,970.0,1128,42.48536161186989,820,432,780,397,28.395087754496522,-1.00468718823634,130.12489168102783,413.26138828633407,2025-12-09T09:58:00,21480000 milliseconds,7061.40859672119,0.4316264423423711,0.04095185390149419,0.042105263157894736,0.029995412049783902,0.015340081460972457,91.0,0.099,0.991,0.009000000000000008,0.6680190529125164,"terra",21480.0,7061.40859672119,0.32874341697957127
42,"3bVoeGm87Vmw","HXQnZcKAWjFt","Ii5qwd2NHnDI",917,783.2082878953108,967.0,1226,42.341229037326656,801,382,764,346,28.30600317854047,-0.8356803527258889,131.88225099390854,362.96619411123226,2025-12-10T03:01:00,61380000 milliseconds,13347.856286402219,0.2883840614972933,0.005437737901033171,0.003097573567372225,0.0033982875756329908,0.003142252626541451,88.0,0.096,0.99,0.010000000000000009,0.4094599131678731,"aqua",61380.0,13347.856286402219,0.2174626309286774
42,"3bVoeGm87Vmw","Ii5qwd2NHnDI","sdi62Q1LYEI5",928,786.5797413793103,990.0,1381,41.39395547953703,805,393,766,357,29.27598301722642,-0.9220305496923528,131.29646455628165,373.7758620689655,2025-12-10T08:59:00,21480000 milliseconds,2830.808408732585,0.17303229882228516,0.011924119241192412,0.02350536535513541,0.022625460569657058,0.033690391831508425,72.0,0.078,0.995,0.0050000000000000044,0.3477776358197785,"terra",21480.0,2830.808408732585,0.13178810096520416
42,"3bVoeGm87Vmw","sdi62Q1LYEI5","gTwmCuODtHPx",898,789.7806236080178,934.0,1215,41.475666528348654,807,381,771,344,28.100374040889143,-0.75663982395502,124.22539674441617,361.9554565701559,2025-12-11T09:38:00,88740000 milliseconds,3061.531818370749,0.045827884415399284,0.03285870755750274,0.058212058212058215,0.0019720386513613305,0.04097886434813286,91.0,0.101,0.986,0.014000000000000012,0.29484955318445444,"terra",88740.0,3061.531818370749,0.03450002049099334
43,"3e4q2u2hg4Mb",NA,"X5Eb0oOCrHdB",503,1090.6660039761432,567.0,1968,40.29519174669452,1104,128,1079,90,17.115221641042027,0.5581512290224986,111.39696961966999,109.60437375745526,2025-12-10T08:59:00,NA,NA,NA,NA,NA,NA,NA,NA,NA,NA,NA,NA,"terra",NaN,NaN,NaN
43,"3e4q2u2hg4Mb","X5Eb0oOCrHdB","qR2VQ4iDdWKO",424,1149.1745283018868,480.0,1407,40.77493296231863,1159,59,1141,22,14.632083998742631,-0.19350772882777206,118.9827560572969,39.68632075471698,2025-12-12T02:40:00,150060000 milliseconds,22792.243135645193,0.2020678499547426,0.1704422869471413,0.166189111747851,0.011835215928088318,0.15643139424012162,162.0,0.382,0.976,0.02400000000000002,1.112965858817945,"aqua",150060.0,22792.243135645193,0.15188753255794477
44,"3fbafF0akB7t",NA,"mAT6oLXltN2D",362,764.3259668508288,400.0,1398,26.27406353000249,776,672,756,644,19.51349331386285,0.23270860385115522,83.01219330881976,658.4696132596686,2025-12-09T04:00:00,NA,NA,NA,NA,NA,NA,NA,NA,NA,NA,NA,NA,"aqua",NaN,NaN,NaN
44,"3fbafF0akB7t","mAT6oLXltN2D","LFrbQbV9vtot",390,714.0076923076923,401.0,1006,24.551894434627307,725,697,701,676,20.91849392962294,1.2190007197229562,77.01219330881976,685.1102564102564,2025-12-09T09:58:00,21480000 milliseconds,14233.878205876063,0.8700414551268987,0.07446808510638298,0.0024968789013732834,0.06776730491036309,0.06949945879726493,112.0,0.287,0.978,0.02200000000000002,1.393273182842283,"terra",21480.0,14233.878205876063,0.6626572721543791
44,"3fbafF0akB7t","LFrbQbV9vtot","7xDs10PY2nmM",347,712.1210374639769,387.0,1091,26.944607090365782,724,663,699,640,17.839228223756848,0.925320843774374,89.91168824543142,650.3861671469741,2025-12-10T03:01:00,61380000 milliseconds,8693.826263733472,0.18783247842137782,0.11668928086838534,0.03553299492385787,0.09292719252305734,0.15889817743572276,85.0,0.245,0.974,0.026000000000000023,0.8628801241724011,"aqua",61380.0,8693.826263733472,0.14163939823612695
44,"3fbafF0akB7t","7xDs10PY2nmM","jqCWwu8gke0T",354,733.819209039548,373.0,1144,26.65939381039952,746,594,722,575,17.690807740381068,-1.2620991651790097,79.59797974644665,583.6666666666666,2025-12-11T09:38:00,110220000 milliseconds,17539.78048976218,0.211539293128652,0.019971469329529243,0.03684210526315789,0.010641492245859155,0.008354648642944669,68.0,0.192,0.975,0.025000000000000022,0.504349008610143,"terra",110220.0,17539.78048976218,0.15913428134424043
45,"3iAjEvgwMjPf",NA,"nYw0vOgDwpVR",643,18.29860031104199,875.0,7,52.106145035383406,44,364,1,329,20.298029053932158,0.9127553678119553,147.1959594928933,349.23639191290823,2025-12-10T03:01:00,NA,NA,NA,NA,NA,NA,NA,NA,NA,NA,NA,NA,"aqua",NaN,NaN,NaN
45,"3iAjEvgwMjPf","nYw0vOgDwpVR","8DihcgXHsIKw",688,181.32558139534885,819.0,107,52.06685924929775,202,223,168,179,21.07202495699796,0.5830196446789064,138.71067811865476,203.95203488372093,2025-12-12T02:40:00,171540000 milliseconds,54592.4336325828,0.4235090464495776,0.067618332081142,0.06611570247933884,0.0007542412039552484,0.03741817222966691,198.0,0.288,0.981,0.019000000000000017,0.9024154944436806,"aqua",171540.0,54592.4336325828,0.31824900100607906
46,"3pIggV6Aezol",NA,"bocABU39PhOL",803,981.2702366127023,902.0,1795,41.858865574690576,998,1094,966,1056,26.11217374509845,-0.5505584646820126,137.88225099390857,1073.8567870485679,2025-12-09T04:00:00,NA,NA,NA,NA,NA,NA,NA,NA,NA,NA,NA,NA,"aqua",NaN,NaN,NaN
46,"3pIggV6Aezol","bocABU39PhOL","Gv0i35WHUPa4",897,1004.2051282051282,1006.0,1478,46.253046252704245,1027,1115,986,1075,27.036522956312943,-0.6818910494249418,160.50966799187808,1092.7146042363433,2025-12-09T09:58:00,21480000 milliseconds,7423.049076373058,0.45373160613527247,0.11058823529411765,0.1090146750524109,0.09974089965546468,0.034783513748511075,208.0,0.232,0.963,0.03700000000000003,1.076858929885777,"terra",21480.0,7423.049076373058,0.3455795659391554
47,"3r7ZrF8l0jq6",NA,"Ab9kpfXMde1s",300,743.9533333333334,316.0,1344,24.47602897055344,756,1127,734,1107,16.246219568781946,0.7714836219104665,71.18376618407356,1117.2633333333333,2025-12-09T04:00:00,NA,NA,NA,NA,NA,NA,NA,NA,NA,NA,NA,NA,"aqua",NaN,NaN,NaN
47,"3r7ZrF8l0jq6","Ab9kpfXMde1s","CXzXzbIwAB2c",326,756.4693251533743,343.0,1353,25.926898348906178,765,1088,748,1063,16.478347603665092,0.26612541821559565,76.18376618407356,1075.1411042944785,2025-12-10T08:59:00,104340000 milliseconds,10985.593493415234,0.139934953103818,0.08306709265175719,0.0819423368740516,0.05757083786649769,0.01418677494861355,61.0,0.187,0.975,0.025000000000000022,0.5887019954447381,"terra",104340.0,10985.593493415234,0.10528650079945595
47,"3r7ZrF8l0jq6","CXzXzbIwAB2c","RhrEDaCnyA37",321,759.8504672897196,334.0,1004,26.318408952707532,771,1119,747,1098,16.548113031170313,0.9778731893039585,76.42640687119285,1107.9127725856697,2025-12-11T03:40:00,67260000 milliseconds,8236.406849827008,0.16246980668363759,0.015455950540958269,0.026587887740029542,0.014987397874459872,0.004224820108736338,98.0,0.305,0.989,0.01100000000000001,0.5397258629478217,"aqua",67260.0,8236.406849827008,0.12245624219189724
47,"3r7ZrF8l0jq6","RhrEDaCnyA37","dCwvbPnFjV1M",318,840.0943396226415,334.0,838,26.356239321064002,851,1080,829,1058,15.858830957748074,0.7525352742859881,76.42640687119285,1068.6572327044025,2025-12-12T08:40:00,104400000 milliseconds,22332.818421484597,0.2843134108400331,0.009389671361502348,0.0,0.001436378584242289,0.042539159117128765,90.0,0.283,0.997,0.0030000000000000027,0.6236786199029065,"terra",104400.0,22332.818421484597,0.2139158852632624
48,"3viSCbghkDKH",NA,"07GcoUreR2Zu",361,930.0415512465374,363.0,1541,24.546724657806752,941,56,919,31,19.028806418889182,-0.4299568148952804,74.66904755831213,43.501385041551245,2025-12-10T03:01:00,NA,NA,NA,NA,NA,NA,NA,NA,NA,NA,NA,NA,"aqua",NaN,NaN,NaN
48,"3viSCbghkDKH","07GcoUreR2Zu","jkfxRXCyv72L",307,885.9837133550488,328.0,1592,21.846422321688525,895,53,875,32,18.877998726916346,-1.082419160907053,75.84062043356595,42.384364820846905,2025-12-10T08:59:00,21480000 milliseconds,11017.998950144458,0.6734718184684877,0.16167664670658682,0.10130246020260492,0.11640953511136892,0.007956760871446004,72.0,0.235,0.99,0.010000000000000009,1.3058172213604942,"terra",21480.0,11017.998950144458,0.512942223004863
48,"3viSCbghkDKH","jkfxRXCyv72L","QCvN17xkKR77",306,866.8692810457517,315.0,867,22.449537428072684,876,37,857,15,17.788236621236763,-0.5603354279368562,69.35533905932738,26.202614379084967,2025-12-12T08:40:00,171660000 milliseconds,6261.043093337994,0.04853709906072324,0.0032626427406199023,0.04043545878693624,0.02723115651139765,0.059442268633912235,78.0,0.255,0.98,0.020000000000000018,0.4539086257335893,"terra",171660.0,6261.043093337994,0.0364735121364208
49,"3ylkQPl7dpwX",NA,"08Haf04SuUuY",654,1166.9281345565748,667.0,2127,44.26185480758417,1177,640,1156,598,19.36713238326099,-0.1767603137327921,109.84062043356593,620.9189602446484,2025-12-09T04:00:00,NA,NA,NA,NA,NA,NA,NA,NA,NA,NA,NA,NA,"aqua",NaN,NaN,NaN
49,"3ylkQPl7dpwX","08Haf04SuUuY","LdBNrs58TJbb",592,1158.6587837837837,613.0,1996,42.86166720342805,1170,639,1147,598,18.07194783747619,-0.31942019688810996,108.32590180780451,620.2550675675676,2025-12-10T03:01:00,82860000 milliseconds,2073.989448052683,0.03323967382086198,0.09951845906902086,0.084375,0.03214258496067555,0.0691889083892295,72.0,0.122,0.99,0.010000000000000009,0.4504646262397879,"aqua",82860.0,2073.989448052683,0.025030044026703877
49,"3ylkQPl7dpwX","LdBNrs58TJbb","8ELYTTBw3qhc",630,1161.5761904761905,645.0,2080,44.80096755397003,1172,637,1149,596,18.39488514645806,-0.3643265285417037,110.32590180780451,618.4079365079365,2025-12-10T08:59:00,21480000 milliseconds,863.2480437406786,0.05276577284478475,0.062193126022913256,0.05087440381558029,0.044244628419141174,0.01771128900193443,69.0,0.11,0.994,0.006000000000000005,0.34378922010435387,"terra",21480.0,863.2480437406786,0.04018845641250831
49,"3ylkQPl7dpwX","8ELYTTBw3qhc","DibWsMF9VoYc",620,1166.7048387096775,638.0,1428,42.440572344407855,1178,641,1153,603,19.204998052395304,-0.4745024387085375,107.49747468305833,624.2241935483871,2025-12-12T02:40:00,150060000 milliseconds,1938.6186877426487,0.017187097723681447,0.016,0.010911925175370226,0.054111727333370135,0.0430912458771654,68.0,0.11,0.995,0.0050000000000000044,0.2563019961095872,"aqua",150060.0,1938.6186877426487,0.01291895700215013
50,"4LFhHett8HvH",NA,"GXoXmsu5IS2e",417,809.7529976019184,436.0,1300,27.312994229351975,822,1114,799,1087,20.109842509990937,0.5451321690754387,83.42640687119285,1101.9832134292567,2025-12-10T03:01:00,NA,NA,NA,NA,NA,NA,NA,NA,NA,NA,NA,NA,"aqua",NaN,NaN,NaN
50,"4LFhHett8HvH","GXoXmsu5IS2e","cLwYvni62m7J",433,825.5219399538106,466.0,1465,27.574182286156514,838,1114,813,1088,20.597281733707018,0.6232764561254318,91.39087296526012,1102.2933025404157,2025-12-10T08:59:00,21480000 milliseconds,3942.9977345459997,0.24101453145146698,0.03764705882352941,0.06651884700665188,0.009517270640829535,0.02394859537598228,54.0,0.125,0.972,0.028000000000000025,0.5316463032984601,"terra",21480.0,3942.9977345459997,0.18356600253938546
50,"4LFhHett8HvH","cLwYvni62m7J","TcEoR7FwMonT",427,855.4988290398127,458.0,1342,27.038912723798816,870,1093,843,1070,21.56492843181058,-0.9351745484211562,89.66904755831213,1081.8032786885246,2025-12-11T09:38:00,88740000 milliseconds,9077.633766315195,0.1358825502030566,0.013953488372093023,0.017316017316017316,0.019602242365503158,0.045901137265092984,93.0,0.218,0.985,0.015000000000000013,0.46565543552176303,"terra",88740.0,9077.633766315195,0.10229472353296366
50,"4LFhHett8HvH","TcEoR7FwMonT","AilQusxVbFml",460,870.1391304347826,490.0,934,28.871302083541348,885,1105,857,1081,21.452675641569165,-0.8900573191680188,92.42640687119284,1093.4304347826087,2025-12-12T02:40:00,61320000 milliseconds,4673.924901593376,0.10107969077840345,0.07440811724915446,0.06751054852320675,0.06554757001226784,0.005218923399356775,53.0,0.115,0.987,0.013000000000000012,0.4417648499623893,"aqua",61320.0,4673.924901593376,0.07622186727973541
51,"4QcXWUzOcP4H",NA,"ovQufEfSHG2S",846,187.39716312056737,925.0,305,37.4363458278711,206,138,167,104,30.578985493963753,-1.5366748829501449,139.78174593052023,120.82387706855792,2025-12-10T03:01:00,NA,NA,NA,NA,NA,NA,NA,NA,NA,NA,NA,NA,"aqua",NaN,NaN,NaN
51,"4QcXWUzOcP4H","ovQufEfSHG2S","iOpLbqZLQYRp",948,290.32278481012656,979.0,537,39.8788311076215,310,188,272,152,30.910224982479942,-1.0097498468800117,123.88225099390857,171.25316455696202,2025-12-10T08:59:00,21480000 milliseconds,28653.96638858481,1.7514649381775556,0.11371237458193979,0.05672268907563025,0.063182556816452,0.010773906054399122,182.0,0.192,0.966,0.03400000000000003,2.2218564647059766,"terra",21480.0,28653.96638858481,1.333983537643613
51,"4QcXWUzOcP4H","iOpLbqZLQYRp","Dqfagk0Rrm1H",999,279.6386386386386,1029.0,418,41.285711431864186,300,186,261,152,31.208046163454007,-1.1095693615164322,130.12489168102783,169.68568568568568,2025-12-11T09:38:00,88740000 milliseconds,2699.6292503047803,0.0404105867869887,0.05238828967642527,0.049800796812749,0.034667362871126955,0.009588843201202303,94.0,0.094,0.984,0.016000000000000014,0.2968558793484922,"terra",88740.0,2699.6292503047803,0.030421785556736313
51,"4QcXWUzOcP4H","Dqfagk0Rrm1H","JiogvnMATBEc",927,288.59654800431497,973.0,253,37.4247751389455,308,208,270,173,32.25445762807868,-1.3929923598401244,126.46803743153546,191.2071197411003,2025-12-12T02:40:00,61320000 milliseconds,5827.822620870255,0.12603422622989308,0.07476635514018691,0.055944055944055944,0.09810474972595436,0.032977314228320447,179.0,0.193,0.994,0.006000000000000005,0.5868267012684107,"aqua",61320.0,5827.822620870255,0.09503950784198067
51,"4QcXWUzOcP4H","JiogvnMATBEc","J71u1kUtckDu",1040,276.32307692307694,1092.0,291,40.957166662078315,296,199,257,164,32.74455773323128,-1.1573270541426282,132.71067811865476,181.84423076923076,2025-12-12T08:40:00,21600000 milliseconds,3859.2565854833256,0.23460526355521735,0.11489578037620743,0.1152542372881356,0.09013278931261885,0.015080231675150168,170.0,0.163,0.989,0.01100000000000001,0.7439683022073295,"terra",21600.0,3859.2565854833256,0.1786692863649688
52,"4Yuqp0C6oWGh",NA,"apNP9g6w47Pk",2612,335.24885145482386,2721.0,368,75.23297023997281,367,961,309,891,45.39045660058104,-0.5064732353029161,229.03657992645924,923.7963246554365,2025-12-09T09:58:00,NA,NA,NA,NA,NA,NA,NA,NA,NA,NA,NA,NA,"terra",NaN,NaN,NaN
52,"4Yuqp0C6oWGh","apNP9g6w47Pk","ecCwauFenD40",2740,333.89744525547445,3008.0,594,77.07573754947182,370,818,303,748,47.235271244777095,0.6718235254514604,263.21424945612296,783.048905109489,2025-12-10T08:59:00,82860000 milliseconds,35188.47681375838,0.5639630870063047,0.04783258594917788,0.10019200558561704,0.024197793235124776,0.039833741382870165,502.0,0.183,0.97,0.030000000000000027,0.9890192131590947,"terra",82860.0,35188.47681375838,0.42467386934296864
52,"4Yuqp0C6oWGh","ecCwauFenD40","9iuvVbL11iq3",3025,257.06545454545454,3394.0,243,84.80835985802182,291,892,227,811,49.11568909296058,0.44350381221440816,324.0904037956216,855.356694214876,2025-12-12T08:40:00,171660000 milliseconds,26376.565311102513,0.20447742401722946,0.09887250650477017,0.12058731646360513,0.09553282172103024,0.03903267474640795,718.0,0.237,0.936,0.06399999999999995,0.8595027434530429,"terra",171660.0,26376.565311102513,0.15365586223408198
53,"4hE86yUiuzak",NA,"G3pfYjSmK2eL",364,485.43131868131866,392.0,901,35.247866586029446,496,532,477,502,14.096277407355117,-0.367607680107221,84.76955262170048,515.7912087912088,2025-12-10T08:59:00,NA,NA,NA,NA,NA,NA,NA,NA,NA,NA,NA,NA,"terra",NaN,NaN,NaN
53,"4hE86yUiuzak","G3pfYjSmK2eL","daULckTrT1QK",348,497.132183908046,381.0,789,36.05884839073344,507,523,489,491,13.184255262763914,-0.2744289022934593,84.18376618407356,505.9971264367816,2025-12-11T09:38:00,88740000 milliseconds,3814.727187323965,0.05710242028776237,0.0449438202247191,0.028460543337645538,0.022746295491757582,0.06686248803273269,58.0,0.167,0.998,0.0020000000000000018,0.3891155673746173,"terra",88740.0,3814.727187323965,0.042987685230155115
53,"4hE86yUiuzak","daULckTrT1QK","qUhn7IoguuhV",314,291.0923566878981,385.0,335,33.81024522398742,301,428,281,398,14.53212668338782,0.3331433283856966,91.84062043356595,413.7547770700637,2025-12-12T08:40:00,82920000 milliseconds,56436.39197007551,0.9038499674899985,0.1027190332326284,0.010443864229765013,0.06436617538351042,0.09726171498448781,104.0,0.331,0.979,0.02100000000000002,1.5306407553203902,"terra",82920.0,56436.39197007551,0.6806125418484745
54,"4yHn7e0lkClF",NA,"RjPjbTYzupHh",421,496.9192399049881,461.0,907,34.101791873772044,511,886,480,864,17.77409846060168,-1.1108049329828287,97.49747468305833,876.0973871733967,2025-12-10T08:59:00,NA,NA,NA,NA,NA,NA,NA,NA,NA,NA,NA,NA,"terra",NaN,NaN,NaN
54,"4yHn7e0lkClF","RjPjbTYzupHh","oDWfru0yYUyO",398,507.1859296482412,436.0,735,32.75492220912687,520,879,490,859,17.23422050295925,-1.260642246733081,93.46194077712558,870.1934673366834,2025-12-11T03:40:00,67260000 milliseconds,2960.7979047310328,0.058404140541099374,0.05616605616605617,0.055741360089186176,0.04029123127335054,0.03084283813823645,89.0,0.224,0.985,0.015000000000000013,0.48044562620792874,"aqua",67260.0,2960.7979047310328,0.044020188889845865
55,"4ybyZAvNber3",NA,"34KRs3law5He",303,1080.4719471947194,309.0,1585,25.213295046073895,1091,1200,1067,1184,16.622883354548943,-1.2982245770497194,70.8700576850888,1193.6963696369637,2025-12-09T09:58:00,NA,NA,NA,NA,NA,NA,NA,NA,NA,NA,NA,NA,"terra",NaN,NaN,NaN
55,"4ybyZAvNber3","34KRs3law5He","bTJEWORbuk08",311,1079.5209003215434,323.0,1858,22.70172931575506,1090,1200,1070,1181,17.761471698867844,-0.8485959406840553,67.698484809835,1190.8102893890675,2025-12-10T03:01:00,61380000 milliseconds,759.685352311828,0.016413208432793085,0.026058631921824105,0.04430379746835443,0.10483416271910113,0.06622711652145757,72.0,0.232,0.983,0.017000000000000015,0.5068369170635304,"aqua",61380.0,759.685352311828,0.012376757124663212
55,"4ybyZAvNber3","bTJEWORbuk08","TkBRkYszvyVC",311,1090.8745980707395,315.0,1974,23.423770616660388,1101,1200,1081,1180,17.074957696032428,-0.7682172696780338,67.94112549695429,1189.8102893890675,2025-12-10T08:59:00,21480000 milliseconds,2849.4127967453587,0.17416948635362828,0.0,0.025078369905956112,0.03130768455467305,0.039413568770392725,25.0,0.08,0.992,0.008000000000000007,0.35796910958465017,"terra",21480.0,2849.4127967453587,0.13265422703656232
55,"4ybyZAvNber3","TkBRkYszvyVC","rnmYFT8btb89",305,1101.2852459016394,312.0,1728,23.471683895717113,1111,1148,1091,1127,17.0889171619396,0.6820940784645145,71.35533905932738,1137.3901639344263,2025-12-11T09:38:00,88740000 milliseconds,13360.976622564289,0.19999965006458034,0.01948051948051948,0.009569377990430622,0.0020434082388125466,0.0008172062428636726,70.0,0.23,0.985,0.015000000000000013,0.4769101620172067,"terra",88740.0,13360.976622564289,0.15056318033090252
55,"4ybyZAvNber3","rnmYFT8btb89","Iwob2PNJFUYu",309,1121.106796116505,340.0,1366,23.58770608647186,1130,1126,1110,1104,18.263451428832838,-0.36270163724401844,77.01219330881976,1116.0453074433658,2025-12-12T02:40:00,61320000 milliseconds,7282.24189185755,0.15748793018723076,0.013029315960912053,0.08588957055214724,0.004930883753429873,0.06644727432491236,69.0,0.223,0.981,0.019000000000000017,0.5697849747786323,"aqua",61320.0,7282.24189185755,0.11875802171979045
56,"52gBp2e2oZy6",NA,"Hzj42Z3z0OpI",569,363.5026362038664,615.0,685,34.053615276017204,375,929,349,892,23.650183949157203,-0.12710115202205702,107.15432893255071,912.2179261862917,2025-12-10T08:59:00,NA,NA,NA,NA,NA,NA,NA,NA,NA,NA,NA,NA,"terra",NaN,NaN,NaN
56,"52gBp2e2oZy6","Hzj42Z3z0OpI","w1i0IOkwBxjY",582,312.085910652921,607.0,290,31.360746570684686,329,871,299,845,25.579245306871556,-0.9694331231732146,100.59797974644667,856.8058419243986,2025-12-12T02:40:00,150060000 milliseconds,18898.046771803547,0.16754330220137015,0.022589052997393572,0.01309328968903437,0.08233264467650812,0.07837025075719786,116.0,0.199,0.992,0.008000000000000007,0.5709285403215041,"aqua",150060.0,18898.046771803547,0.12593660383715546
56,"52gBp2e2oZy6","w1i0IOkwBxjY","bkjY6au1tJkD",515,304.93592233009707,539.0,360,31.135287148460385,321,873,292,847,22.328470821714895,-0.8185325966815332,95.49747468305831,858.8776699029127,2025-12-12T08:40:00,21600000 milliseconds,1861.0280120989562,0.11313240195130433,0.12215132178669097,0.11867364746945899,0.007215159388754404,0.13570985001378222,94.0,0.183,0.976,0.02400000000000002,0.703882380609991,"terra",21600.0,1861.0280120989562,0.08615870426384056
57,"53Bg24GAMQvz",NA,"CrWWPDqMmeWw",708,731.276836158192,722.0,1036,32.60293318881264,746,496,717,463,27.91377185314328,0.04814557242067379,104.91168824543142,480.4406779661017,2025-12-09T09:58:00,NA,NA,NA,NA,NA,NA,NA,NA,NA,NA,NA,NA,"terra",NaN,NaN,NaN
57,"53Bg24GAMQvz","CrWWPDqMmeWw","j0Zf2pWqpz7W",701,720.5663338088445,719.0,1107,32.911605434591856,735,449,706,416,27.40891118688927,-0.0025479108474481004,106.81118318204308,433.34522111269615,2025-12-10T03:01:00,61380000 milliseconds,12074.500291954017,0.26087285928387205,0.0099361249112846,0.004163775156141568,0.009423015173885177,0.0182514888473028,49.0,0.07,0.999,0.0010000000000000009,0.3736472633724862,"aqua",61380.0,12074.500291954017,0.19671717647367248
57,"53Bg24GAMQvz","j0Zf2pWqpz7W","Eot8CdUpSlpR",723,719.01244813278,740.0,1272,33.9310322632496,734,462,705,428,27.387533350738956,-0.03844474054800232,106.56854249492379,445.9280774550484,2025-12-10T08:59:00,21480000 milliseconds,3169.6099368312784,0.1937414386816185,0.03089887640449438,0.02878684030157642,0.03050229206291968,0.0007802636222368242,66.0,0.091,0.998,0.0020000000000000018,0.3777097110728458,"terra",21480.0,3169.6099368312784,0.14756098402380252
57,"53Bg24GAMQvz","Eot8CdUpSlpR","N40uS0t15sfF",672,730.1041666666666,705.0,967,32.82539294916007,745,445,716,412,26.833387957030425,-0.08547251313642645,123.05382386916237,429.51488095238096,2025-12-11T03:40:00,67260000 milliseconds,4952.393609850055,0.09768998145477967,0.07311827956989247,0.04844290657439446,0.033124581209120735,0.02044027952100204,82.0,0.122,0.986,0.014000000000000012,0.4088160283291894,"aqua",67260.0,4952.393609850055,0.07363059188001866
57,"53Bg24GAMQvz","N40uS0t15sfF","Pl7vUCNzyT3L",713,726.781206171108,724.0,1127,33.841285231856865,741,445,713,411,27.139939579496684,-0.04072472504901389,105.39696961967,429.14866760168303,2025-12-11T09:38:00,21480000 milliseconds,835.7698050776521,0.051086173904501965,0.0592057761732852,0.026592022393282014,0.030476763217102,0.011359374582150646,78.0,0.109,0.983,0.017000000000000015,0.3047201102703218,"terra",21480.0,835.7698050776521,0.03890920880249777
58,"56ra56m5qqQ2",NA,"CUw20Fl9lv6K",425,225.21176470588236,448.0,459,28.1642973035005,239,147,213,120,20.153024697520166,0.731977757031926,91.1543289325507,134.3929411764706,2025-12-09T04:00:00,NA,NA,NA,NA,NA,NA,NA,NA,NA,NA,NA,NA,"aqua",NaN,NaN,NaN
58,"56ra56m5qqQ2","CUw20Fl9lv6K","6J0h72HLSk6c",418,162.07894736842104,434.0,269,28.60976062865969,174,252,151,226,19.094236275491077,0.6958771074627863,82.91168824543142,240.2224880382775,2025-12-10T03:01:00,82860000 milliseconds,30807.51289655317,0.49374970585067984,0.0166073546856465,0.031746031746031744,0.01569249552996464,0.05395476758274545,75.0,0.179,0.971,0.029000000000000026,0.8197503553950682,"aqua",82860.0,30807.51289655317,0.3718019900621913
58,"56ra56m5qqQ2","6J0h72HLSk6c","UhxV3frjx0kU",407,220.26289926289925,435.0,160,30.186660832417243,228,272,208,241,18.742801558902478,0.11229642935687019,91.25483399593904,255.7936117936118,2025-12-12T02:40:00,171540000 milliseconds,15057.87201321723,0.1168137156294731,0.02666666666666667,0.0023014959723820483,0.053639325815141886,0.018576227775904175,86.0,0.211,0.966,0.03400000000000003,0.4629974318595679,"aqua",171540.0,15057.87201321723,0.0877805293996574
59,"58rMRTWAoFju",NA,"jjTB4anBOqjB",1033,1130.164569215876,1059.0,1376,51.73545006226035,1143,61,1118,11,25.733634021461594,-0.12223405787018579,135.1543289325507,35.88673765730881,2025-12-12T02:40:00,NA,NA,NA,NA,NA,NA,NA,NA,NA,NA,NA,NA,"aqua",NaN,NaN,NaN
59,"58rMRTWAoFju","jjTB4anBOqjB","RBLiGd9T8ow7",1034,1131.4323017408124,1063.0,1113,51.83467761712715,1145,70,1119,20,25.709343600890094,-0.162062433976545,134.8111831820431,45.45164410058027,2025-12-12T08:40:00,21600000 milliseconds,2412.1383281141493,0.14663454882152882,0.0009675858732462506,0.003770028275212064,0.0019161423682699332,0.0009443629313146889,63.0,0.061,0.995,0.0050000000000000044,0.22023266826957175,"terra",21600.0,2412.1383281141493,0.11167307074602544
60,"5A5dpO2qs1DQ",NA,"pPoEnf8jwGXJ",724,853.8494475138122,794.0,1239,38.61918028674147,867,1095,841,1057,25.37151358679753,0.1648105164229335,120.5685424949238,1074.9102209944751,2025-12-09T09:58:00,NA,NA,NA,NA,NA,NA,NA,NA,NA,NA,NA,NA,"terra",NaN,NaN,NaN
60,"5A5dpO2qs1DQ","pPoEnf8jwGXJ","oZhS89YflM8r",679,874.4771723122238,717.0,1434,38.0793554109217,889,1050,860,1015,23.334225434126544,0.6030308747396411,117.05382386916237,1032.5287187039764,2025-12-10T03:01:00,61380000 milliseconds,11783.714309266401,0.25459034912534084,0.06414825374198146,0.10191925876902713,0.014076536687680606,0.08365700607871951,164.0,0.242,0.978,0.02200000000000002,0.7823914044027496,"aqua",61380.0,11783.714309266401,0.19197970526664063
60,"5A5dpO2qs1DQ","oZhS89YflM8r","JpUpbNMVLzy5",619,826.9531502423264,659.0,1073,36.30158395310097,838,1045,813,1008,23.014487151924634,0.03975477351406766,111.56854249492379,1028.0306946688206,2025-12-11T03:40:00,88740000 milliseconds,11934.102642011201,0.1786408598459876,0.09244992295839753,0.08430232558139535,0.047801801725580705,0.013797072857559252,129.0,0.208,0.991,0.009000000000000008,0.6339919829689205,"aqua",88740.0,11934.102642011201,0.13448391528072123
61,"5ADETAR4c4zf",NA,"Dk79iUpuaH7g",366,220.1693989071038,380.0,408,31.11283974708809,229,260,211,229,15.65906791174686,-0.25430197514322744,82.18376618407356,244.54371584699453,2025-12-10T08:59:00,NA,NA,NA,NA,NA,NA,NA,NA,NA,NA,NA,NA,"terra",NaN,NaN,NaN
61,"5ADETAR4c4zf","Dk79iUpuaH7g","s55cRDNQsMG8",369,214.07588075880759,382.0,328,30.529457944360093,221,255,205,224,15.934616255690143,-0.07594505990437107,82.18376618407356,239.3279132791328,2025-12-11T09:38:00,88740000 milliseconds,2005.2362680387664,0.03001626028049946,0.00816326530612245,0.005249343832020997,0.018927970714139347,0.01744325495456371,40.0,0.108,0.999,0.0010000000000000009,0.18880009508734596,"terra",88740.0,2005.2362680387664,0.022596757584389976
61,"5ADETAR4c4zf","s55cRDNQsMG8","ezIVUMLsr2vP",400,213.875,429.0,198,31.88542031129045,223,265,204,233,17.03125278927967,-0.02365265616705613,90.42640687119285,249.27,2025-12-12T08:40:00,82920000 milliseconds,2486.0289801773165,0.039814685781187006,0.08062418725617686,0.1159062885326757,0.04344997234077271,0.06653163197934014,65.0,0.162,0.977,0.02300000000000002,0.5313267658901525,"terra",82920.0,2486.0289801773165,0.029981053788920846
62,"5HW3YTjXPcFu",NA,"AGnGzetpECuf",312,590.5384615384615,333.0,1039,22.694451804946347,603,649,580,628,18.909139209278848,-0.9504657702343305,78.01219330881976,638.2115384615385,2025-12-10T08:59:00,NA,NA,NA,NA,NA,NA,NA,NA,NA,NA,NA,NA,"terra",NaN,NaN,NaN
62,"5HW3YTjXPcFu","AGnGzetpECuf","k2eP2x7YT6uw",311,515.0450160771704,373.0,586,28.058589716935582,529,668,502,645,18.089355461369582,-0.9986548334769788,95.91168824543142,655.2604501607717,2025-12-12T02:40:00,150060000 milliseconds,19348.652565723387,0.1715382114962843,0.0032102728731942215,0.11331444759206799,0.21138192908799422,0.04431443793628801,128.0,0.412,0.931,0.06899999999999995,1.0247592989858287,"aqua",150060.0,19348.652565723387,0.12893944132829127
63,"5KFFz2mTLd4h",NA,"LPoAJ5eejiLR",719,292.57301808066757,773.0,551,36.269216566406776,307,520,278,482,26.499389610459772,-0.2009607870907273,118.22539674441619,499.0486787204451,2025-12-10T08:59:00,NA,NA,NA,NA,NA,NA,NA,NA,NA,NA,NA,NA,"terra",NaN,NaN,NaN
63,"5KFFz2mTLd4h","LPoAJ5eejiLR","cerbpDXDUtkT",656,326.1753048780488,705.0,502,31.973341822083164,340,513,310,481,27.923519202025894,-0.5604475581698793,117.1543289325507,496.9207317073171,2025-12-11T09:38:00,88740000 milliseconds,8417.399526071506,0.12599954383760956,0.09163636363636364,0.09201623815967523,0.12590016686854377,0.05233566608771188,192.0,0.293,0.988,0.01200000000000001,0.7928879785899041,"terra",88740.0,8417.399526071506,0.09485462616713439
64,"5Puby8pbstU8",NA,"J9Tgzbd23Z9i",469,1171.5543710021323,548.0,2129,32.20434792280941,1187,985,1157,958,21.026101952876996,-1.0412387943769668,108.74011537017759,968.8379530916844,2025-12-09T04:00:00,NA,NA,NA,NA,NA,NA,NA,NA,NA,NA,NA,NA,"aqua",NaN,NaN,NaN
64,"5Puby8pbstU8","J9Tgzbd23Z9i","Uswzkeq3pJnd",371,1176.2964959568733,447.0,1682,26.353812501856275,1189,997,1164,971,21.678674741345866,-0.5192269484870428,102.18986283848345,982.3018867924528,2025-12-09T09:58:00,21480000 milliseconds,3568.6592351423146,0.21813320508204856,0.23333333333333334,0.20301507537688443,0.1998196452390192,0.030562051319994402,143.0,0.385,0.956,0.04400000000000004,1.31386331035128,"terra",21480.0,3568.6592351423146,0.16613869809787313
65,"5RNRR2gwaxLN",NA,"AWv8yEPK2Lom",552,195.2355072463768,568.0,388,32.95498321123072,206,826,181,795,22.464934739447795,-0.40488403875011136,96.08326112068524,811.2373188405797,2025-12-09T04:00:00,NA,NA,NA,NA,NA,NA,NA,NA,NA,NA,NA,NA,"aqua",NaN,NaN,NaN
65,"5RNRR2gwaxLN","AWv8yEPK2Lom","wbK3EJr5JDZv",507,192.9723865877712,522.0,337,31.05483011440383,204,812,181,780,21.38906185238467,0.045229133424989014,94.5685424949238,797.1794871794872,2025-12-10T03:01:00,82860000 milliseconds,3559.7080825453927,0.05705117529522226,0.08498583569405099,0.08440366972477065,0.059370680778596086,0.049066127180002486,94.0,0.185,0.987,0.013000000000000012,0.5328774886726424,"aqua",82860.0,3559.7080825453927,0.042960512702696026
65,"5RNRR2gwaxLN","wbK3EJr5JDZv","wNBBjBsDMJQn",561,210.4367201426025,575.0,357,32.929102385718636,221,813,198,781,22.393237321043394,-0.26497775784712607,96.59797974644667,796.6096256684492,2025-12-11T03:40:00,88740000 milliseconds,4368.407094240477,0.06539042128943158,0.10112359550561797,0.09662716499544212,0.058585716697272944,0.04587129902342667,86.0,0.153,0.98,0.020000000000000018,0.5405981975111913,"aqua",88740.0,4368.407094240477,0.04922703509398779
66,"5Repoju8evfd",NA,"8a17uYCsz4LI",523,226.35946462715106,536.0,410,26.584878371792847,239,93,212,67,25.570734689583514,0.8090146018981261,91.01219330881975,81.10898661567877,2025-12-10T08:59:00,NA,NA,NA,NA,NA,NA,NA,NA,NA,NA,NA,NA,"terra",NaN,NaN,NaN
66,"5Repoju8evfd","8a17uYCsz4LI","R0TpR7PzsTni",461,223.95227765726682,517.0,375,30.53681069420752,235,119,209,89,22.112125194632117,0.5165439007636441,99.1543289325507,103.96312364425162,2025-12-11T03:40:00,67260000 milliseconds,5745.139948408378,0.11332754607768769,0.12601626016260162,0.03608736942070275,0.1383688888418014,0.1450672003881333,137.0,0.297,0.986,0.014000000000000012,0.8698672648909267,"aqua",67260.0,5745.139948408378,0.08541688891478409
66,"5Repoju8evfd","R0TpR7PzsTni","lq8CqR9nE7mr",469,192.46481876332624,509.0,120,31.247609145841146,204,61,181,28,20.34432876905516,-0.17687046693825634,101.60407640085654,42.97228144989339,2025-12-12T02:40:00,82800000 milliseconds,17159.80568649946,0.27521741277465056,0.017204301075268817,0.015594541910331383,0.023008986844054998,0.08327574540676157,126.0,0.269,0.991,0.009000000000000008,0.6923009880110673,"aqua",82800.0,17159.80568649946,0.20724403003018674
67,"5UDj8XTzQ8q5",NA,"S2sLExfsOGQM",365,301.2191780821918,372.0,619,29.2877091049306,308,493,293,466,16.184744190514145,-0.08000878140153367,78.5269119345812,479.72328767123287,2025-12-09T04:00:00,NA,NA,NA,NA,NA,NA,NA,NA,NA,NA,NA,NA,"aqua",NaN,NaN,NaN
67,"5UDj8XTzQ8q5","S2sLExfsOGQM","A9SluXfn2RG4",369,312.06775067750675,384.0,361,28.627058436446788,320,498,304,471,16.745177097411798,0.006706408985264515,80.94112549695429,485.38482384823845,2025-12-09T09:58:00,21480000 milliseconds,3059.253577665659,0.18699593995511363,0.010899182561307902,0.031746031746031744,0.022814584139073234,0.034037913543579615,64.0,0.173,0.991,0.009000000000000008,0.4684936519451061,"terra",21480.0,3059.253577665659,0.1424233509155335
67,"5UDj8XTzQ8q5","A9SluXfn2RG4","17YBSQ7wWOV8",378,301.6904761904762,385.0,577,29.93969078843856,309,485,293,457,16.481168431309158,-0.030306611157280432,79.4558441227157,471.2645502645503,2025-12-10T08:59:00,82860000 milliseconds,4380.852883981162,0.07021160163444447,0.024096385542168676,0.002600780234070221,0.044825173647644705,0.0158915259503595,34.0,0.09,0.999,0.0010000000000000009,0.24862546700868757,"terra",82860.0,4380.852883981162,0.052870539270832274
67,"5UDj8XTzQ8q5","17YBSQ7wWOV8","F9xR86gDFyS7",348,309.5086206896552,375.0,491,27.65515809454637,317,484,301,458,16.584673440815266,-0.06328595795023688,79.94112549695429,471.9454022988506,2025-12-11T03:40:00,67260000 milliseconds,1961.9337224829558,0.038700734243672076,0.08264462809917356,0.02631578947368421,0.07933114638545756,0.006260539798526416,51.0,0.147,0.992,0.008000000000000007,0.3882528380005138,"aqua",67260.0,1961.9337224829558,0.029169398193323755
67,"5UDj8XTzQ8q5","F9xR86gDFyS7","vB4CQmHnhDI7",390,320.65384615384613,405.0,307,30.206968169635786,328,482,312,453,16.893161817957104,-0.13133985246193902,84.35533905932738,468.6923076923077,2025-12-12T02:40:00,82800000 milliseconds,2902.5707911992545,0.04655285952204097,0.11382113821138211,0.07692307692307693,0.08820312144903117,0.01842941007131,52.0,0.133,0.986,0.014000000000000012,0.49092960617684117,"aqua",82800.0,2902.5707911992545,0.03505520279226153
67,"5UDj8XTzQ8q5","vB4CQmHnhDI7","q66bf27hfcXv",415,312.9301204819277,427.0,382,31.765026671396438,321,481,305,451,17.219510627058522,-0.018325097410904028,85.94112549695429,466.4626506024096,2025-12-12T08:40:00,21600000 milliseconds,2009.7778016733673,0.12217494235096459,0.062111801242236024,0.052884615384615384,0.05028266415361691,0.019133582080233802,53.0,0.128,0.993,0.007000000000000006,0.44158760521166673,"terra",21600.0,2009.7778016733673,0.09304526859598923
68,"5WclhjXUQoJE",NA,"dh2O5IisrhSS",337,860.2611275964392,346.0,1254,25.781816446724786,872,536,850,514,17.0043385623755,0.7701991181966716,72.76955262170047,524.3382789317508,2025-12-09T09:58:00,NA,NA,NA,NA,NA,NA,NA,NA,NA,NA,NA,NA,"terra",NaN,NaN,NaN
68,"5WclhjXUQoJE","dh2O5IisrhSS","DeonpQyzFDN6",316,845.2626582278481,317.0,1384,24.099595693009647,855,497,835,476,16.950555403425128,0.6635249897247404,67.94112549695427,485.8512658227848,2025-12-10T03:01:00,61380000 milliseconds,10326.556364085895,0.2231080558298778,0.06431852986217458,0.08748114630467571,0.06744880233152498,0.003167917944585207,42.0,0.133,0.985,0.015000000000000013,0.5935244522728382,"aqua",61380.0,10326.556364085895,0.16823975829400284
68,"5WclhjXUQoJE","DeonpQyzFDN6","4IdqBQU60rgM",343,844.932944606414,345.0,1511,25.49383869063745,855,507,835,484,17.365169083967096,0.6354375648391656,73.35533905932738,495.2857142857143,2025-12-10T08:59:00,21480000 milliseconds,2360.0520236828415,0.1442574586603204,0.0819423368740516,0.08459214501510574,0.05622691854095669,0.02416464677552123,42.0,0.122,0.976,0.02400000000000002,0.5371835058659556,"terra",21480.0,2360.0520236828415,0.10987206814165928
68,"5WclhjXUQoJE","4IdqBQU60rgM","khyX1Prz42tN",326,849.5920245398773,330.0,1335,24.458871640378277,859,495,840,474,17.206944178884356,0.6175418756788293,69.11269837220809,484.3036809815951,2025-12-11T09:38:00,88740000 milliseconds,2982.3656855672393,0.044642851366922226,0.05082212257100149,0.044444444444444446,0.04143787367695882,0.009153325622865895,42.0,0.129,0.985,0.015000000000000013,0.33450061768219286,"terra",88740.0,2982.3656855672393,0.03360790720720351
69,"5sL6AVUNP3Up",NA,"km1UhcCwf5Jo",1127,223.06654835847382,1195.0,413,63.68640263111389,250,940,190,914,23.355344762719028,1.4662361017173462,160.2253967444162,927.1925465838509,2025-12-09T04:00:00,NA,NA,NA,NA,NA,NA,NA,NA,NA,NA,NA,NA,"aqua",NaN,NaN,NaN
69,"5sL6AVUNP3Up","km1UhcCwf5Jo","nNZE5uMo4X9v",1066,173.47748592870545,1249.0,158,62.57309314944869,189,954,161,892,24.730738469360425,0.14227285902801612,190.16652224137047,925.7889305816135,2025-12-09T09:58:00,21480000 milliseconds,12402.230773496965,0.7580825656171739,0.05563155494756042,0.044189852700491,0.017635259427934397,0.057205478766207206,275.0,0.258,0.955,0.04500000000000004,1.235744711459367,"terra",21480.0,12402.230773496965,0.5773850453210878
70,"5tGiNrOwYngk",NA,"c9r82U7aVRP9",327,420.8348623853211,334.0,654,27.019895942443025,430,487,409,464,15.937118142343643,0.6318279973480001,75.59797974644667,474.0611620795107,2025-12-11T03:40:00,NA,NA,NA,NA,NA,NA,NA,NA,NA,NA,NA,NA,"aqua",NaN,NaN,NaN
70,"5tGiNrOwYngk","c9r82U7aVRP9","6wwwroyZxCYS",317,377.782334384858,334.0,474,26.477507491601777,386,583,369,557,16.389495760944303,0.3157217282458306,76.18376618407358,568.968454258675,2025-12-12T08:40:00,104400000 milliseconds,26053.927578212562,0.3316859016958951,0.031055900621118012,0.0,0.02027718790164987,0.027987937119182734,56.0,0.177,0.993,0.007000000000000006,0.5950069273378458,"terra",104400.0,26053.927578212562,0.24955869327789812
71,"60To30Htqb4z",NA,"cOOBlPiexCRk",2669,482.79355563881603,2911.0,640,68.84857188108884,511,768,450,696,51.911315179997864,-0.6046939771360347,228.79393923933998,733.9295616335706,2025-12-09T09:58:00,NA,NA,NA,NA,NA,NA,NA,NA,NA,NA,NA,NA,"terra",NaN,NaN,NaN
71,"60To30Htqb4z","cOOBlPiexCRk","OhTOfPEoln2c",2695,475.56734693877553,2896.0,853,69.1640404691666,504,751,443,680,52.00519154389564,-0.6219326589415488,229.03657992645927,717.038961038961,2025-12-10T08:59:00,82860000 milliseconds,4592.864578773035,0.07360949721569092,0.009694258016405667,0.0051661787497847425,0.00457159070762514,0.0018067651975101,178.0,0.066,0.997,0.0030000000000000027,0.16384828988701655,"terra",82860.0,4592.864578773035,0.05542921287440303
71,"60To30Htqb4z","OhTOfPEoln2c","Godo2ESQJYOl",2618,497.0068754774637,2819.0,710,68.47936214788812,525,741,465,671,50.67371545691401,-0.6255394541960996,237.45079348883235,707.6252864782276,2025-12-11T03:40:00,67260000 milliseconds,5853.794990733707,0.11547085493113142,0.028985507246376812,0.02694663167104112,0.009948581744718268,0.025934753804325788,197.0,0.075,0.994,0.006000000000000005,0.2882863293975934,"aqua",67260.0,5853.794990733707,0.08703233706116127
71,"60To30Htqb4z","Godo2ESQJYOl","BYVjbE91mfa9",2671,507.2205166604268,2870.0,595,65.26788202014858,534,733,475,668,54.20488367057593,-0.45133725410534953,236.10764773832474,703.0,2025-12-12T08:40:00,104400000 milliseconds,2803.0311853865805,0.03568467454343196,0.020041595764794858,0.017929337317630516,0.04802312223651838,0.0673382032757598,552.0,0.207,0.993,0.007000000000000006,0.40301693313813547,"terra",104400.0,2803.0311853865805,0.026848957714430847
72,"63rIKFzYS6KS",NA,"4ZBZu77gRm06",449,538.0155902004454,486.0,760,34.52397680226523,546,300,527,263,18.276735044626598,0.07437432937901357,99.49747468305833,282.445434298441,2025-12-09T09:58:00,NA,NA,NA,NA,NA,NA,NA,NA,NA,NA,NA,NA,"terra",NaN,NaN,NaN
72,"63rIKFzYS6KS","4ZBZu77gRm06","5G18mXtFTmAw",394,511.2309644670051,407.0,937,29.53863340358491,519,279,501,247,17.983926765222463,0.061888386824841025,86.66904755831214,262.79441624365484,2025-12-10T08:59:00,82860000 milliseconds,8305.038705019708,0.1331042343940974,0.13048635824436536,0.1769316909294513,0.15563972128706874,0.01615018947749058,81.0,0.206,0.957,0.04300000000000004,0.8613121943324733,"terra",82860.0,8305.038705019708,0.1002297695512878
72,"63rIKFzYS6KS","5G18mXtFTmAw","WO7UFOg8KPeH",354,511.0734463276836,355.0,809,25.38994747431511,520,272,501,246,18.406861095690644,-0.07286540841538408,73.59797974644665,260.43502824858757,2025-12-11T09:38:00,88740000 milliseconds,591.1600711462822,0.008849039310624687,0.10695187165775401,0.13648293963254593,0.15105745908461957,0.023244032642802386,95.0,0.268,0.955,0.04500000000000004,0.7395853423283466,"terra",88740.0,591.1600711462822,0.006661709163244109
72,"63rIKFzYS6KS","WO7UFOg8KPeH","09NR8jsM0oWB",326,511.2515337423313,326.0,616,23.17533918561026,520,285,501,262,18.275832846084317,0.00039140792137678127,68.76955262170047,273.76073619631904,2025-12-12T08:40:00,82920000 milliseconds,3331.7244731096994,0.05335881603314701,0.08235294117647059,0.08516886930983847,0.09120128556894862,0.007143872792674576,34.0,0.104,0.983,0.017000000000000015,0.4402257848810793,"terra",82920.0,3331.7244731096994,0.040179986409909545
73,"64kBc4yLKiM6",NA,"SKuU8d18SQOc",634,22.134069400630914,639.0,33,34.48820434643295,40,125,6,102,23.741169366290567,-1.553051928962087,99.25483399593904,112.96372239747635,2025-12-10T08:59:00,NA,NA,NA,NA,NA,NA,NA,NA,NA,NA,NA,NA,"terra",NaN,NaN,NaN
73,"64kBc4yLKiM6","SKuU8d18SQOc","YUp5Y5U9JD92",538,147.27695167286245,636.0,99,31.864396651445702,164,24,132,1,24.14394015928122,-1.552129696603157,134.15432893255073,11.472118959107807,2025-12-12T08:40:00,171660000 milliseconds,40281.2662349794,0.3122699812781844,0.16382252559726962,0.004705882352941176,0.07908680761651332,0.01682238161220308,162.0,0.301,0.94,0.06000000000000005,0.9377075784571116,"terra",171660.0,40281.2662349794,0.23465726572864615
74,"66J8lqclSkpJ",NA,"SfHtc5t91xSL",1181,679.6985605419136,1212.0,941,43.371103738524205,700,178,662,135,35.395565500846985,0.42510856777605277,140.88225099390854,158.0999153259949,2025-12-09T09:58:00,NA,NA,NA,NA,NA,NA,NA,NA,NA,NA,NA,NA,"terra",NaN,NaN,NaN
74,"66J8lqclSkpJ","SfHtc5t91xSL","PpplfycIcecb",1186,643.093591905565,1216.0,950,43.57529988869786,664,137,625,95,35.57125542501984,0.5375002005824789,139.78174593052023,117.45278246205734,2025-12-10T03:01:00,61380000 milliseconds,13675.052876786853,0.2954532327273815,0.004224757076468103,0.0032948929159802307,0.004697057995616191,0.004951325757043177,69.0,0.058,0.992,0.008000000000000007,0.37862126647248917,"aqua",61380.0,13675.052876786853,0.22279330200043748
74,"66J8lqclSkpJ","PpplfycIcecb","mR0u7miXqm7e",1172,653.4982935153583,1205.0,1138,43.390855695234116,674,151,636,109,35.28115127584718,0.4825239228899674,135.88225099390854,131.97525597269623,2025-12-10T08:59:00,21480000 milliseconds,4466.262786547926,0.2729989478330028,0.011874469889737066,0.009087154068566708,0.004241746509899204,0.008188970923668371,74.0,0.063,0.995,0.0050000000000000044,0.3743912892248742,"terra",21480.0,4466.262786547926,0.2079265729305366
74,"66J8lqclSkpJ","mR0u7miXqm7e","UXBUsxodCRsY",1313,494.06321401370906,1396.0,767,47.69622695728446,516,38,471,1,37.67823962778441,1.3861179466176488,155.7401153701776,16.118050266565117,2025-12-11T09:38:00,88740000 milliseconds,49271.21160584673,0.7375377831875867,0.11348088531187123,0.14686658977316416,0.09453308057904518,0.06571020734269621,270.0,0.206,0.952,0.04800000000000004,1.4121285461943633,"terra",88740.0,49271.21160584673,0.5552311427298482
74,"66J8lqclSkpJ","UXBUsxodCRsY","RLn2h5gPkebf",1437,477.1544885177453,1526.0,517,51.03396169199845,500,41,449,1,38.409721000061886,1.0587911054644836,208.5096679918781,17.750869867780096,2025-12-12T02:40:00,61320000 milliseconds,4246.845136009549,0.0918435366784072,0.09018181818181818,0.08898015058179329,0.06761325548704364,0.019227256618303285,379.0,0.264,0.92,0.07999999999999996,0.7018460175473655,"aqua",61320.0,4246.845136009549,0.06925709615149296
74,"66J8lqclSkpJ","RLn2h5gPkebf","NpnRj1fznqRJ",1572,475.64694656488547,1627.0,572,54.003959298874584,493,55,457,1,37.84535791283286,0.1391787959294456,161.98275605729688,24.282442748091604,2025-12-12T08:40:00,21600000 milliseconds,1675.8230632746768,0.10187374244830862,0.0897308075772682,0.06406596891849033,0.05655095947937134,0.014801980281829911,427.0,0.272,0.914,0.08599999999999997,0.6850234587052684,"terra",21600.0,1675.8230632746768,0.07758440107753133
75,"66j4LtRS6892",NA,"m6jjLqnJG4zb",756,681.6481481481482,803.0,950,38.91415620572159,694,555,666,515,25.56650767542432,0.15422486362189497,119.67514421272202,535.675925925926,2025-12-09T09:58:00,NA,NA,NA,NA,NA,NA,NA,NA,NA,NA,NA,NA,"terra",NaN,NaN,NaN
75,"66j4LtRS6892","m6jjLqnJG4zb","GpjPeIVbRmAV",818,670.7334963325184,889.0,1013,39.91059111589792,689,506,655,466,27.966603327933598,-0.3017767639107697,137.29646455628165,485.78239608801954,2025-12-10T03:01:00,61380000 milliseconds,12768.354298671606,0.27586376360962744,0.07878017789072427,0.1016548463356974,0.025282286186359595,0.08966770686496178,166.0,0.203,0.958,0.04200000000000004,0.8162487808873706,"aqua",61380.0,12768.354298671606,0.20802141249057682
75,"66j4LtRS6892","GpjPeIVbRmAV","KqXzFRiOsCxw",810,668.3567901234568,859.0,1168,38.78924141324767,683,520,652,480,27.663554891874007,-0.14892308065769835,131.95331880577405,499.6641975308642,2025-12-10T08:59:00,21480000 milliseconds,3520.9475260819036,0.21521684144754913,0.009828009828009828,0.034324942791762014,0.028496876463745213,0.010895113217624737,121.0,0.149,0.979,0.02100000000000002,0.46876178374869093,"terra",21480.0,3520.9475260819036,0.16391748259226738
75,"66j4LtRS6892","KqXzFRiOsCxw","lbfM7fRu53nW",760,676.3144736842105,800.0,1039,39.19425824319589,690,502,663,462,25.434739891373958,-0.15501088593889578,120.81118318204308,481.7710526315789,2025-12-11T09:38:00,88740000 milliseconds,4895.721103932934,0.07328375277199213,0.06369426751592357,0.07112718505123568,0.01038724426917281,0.0839505302231747,72.0,0.095,0.984,0.016000000000000014,0.4134429798314989,"terra",88740.0,4895.721103932934,0.05516927094808355
76,"6C6n74ZeXkHf",NA,"WcweElFk8Nq1",394,369.4441624365482,412.0,700,28.931242065040387,383,678,358,656,18.04224893421796,-0.949454797040919,81.59797974644667,666.8274111675127,2025-12-10T08:59:00,NA,NA,NA,NA,NA,NA,NA,NA,NA,NA,NA,NA,"terra",NaN,NaN,NaN
76,"6C6n74ZeXkHf","WcweElFk8Nq1","kIneizsg0TS1",366,390.7568306010929,377.0,612,28.747023748514547,404,670,380,648,16.989255819657487,-0.9991686138685948,79.59797974644667,657.6857923497267,2025-12-11T03:40:00,67260000 milliseconds,5797.623537394942,0.11436282744639396,0.07368421052631578,0.08871989860583017,0.006387789713419113,0.06011692172280907,49.0,0.134,0.991,0.009000000000000008,0.48627164801476813,"aqua",67260.0,5797.623537394942,0.08619719799873539
77,"6CRnRXNnJ8Cb",NA,"JrtrANoam89B",363,658.3581267217631,387.0,1187,29.03926945221649,668,895,650,868,16.605770635846017,0.29261042791287856,81.84062043356595,881.6831955922866,2025-12-09T04:00:00,NA,NA,NA,NA,NA,NA,NA,NA,NA,NA,NA,NA,"aqua",NaN,NaN,NaN
77,"6CRnRXNnJ8Cb","JrtrANoam89B","TCLP2fTEQFHm",343,651.5860058309038,351.0,981,29.56288147307254,666,972,637,956,15.172457027348766,1.3727242625815854,77.35533905932738,964.9125364431487,2025-12-10T03:01:00,82860000 milliseconds,20876.099970764128,0.33457969341716687,0.056657223796033995,0.0975609756097561,0.017870061511004745,0.09020727170114021,68.0,0.198,0.989,0.01100000000000001,0.8058752260351019,"aqua",82860.0,20876.099970764128,0.25194424294912054
77,"6CRnRXNnJ8Cb","TCLP2fTEQFHm","KLXnRXQsYXrH",315,470.5936507936508,367.0,533,30.70560206093955,479,932,462,903,14.795084253704584,-0.24943167124154522,88.9116882454314,918.8952380952381,2025-12-12T02:40:00,171540000 milliseconds,46687.67525346736,0.36218668983722396,0.0851063829787234,0.04456824512534819,0.0379210001931482,0.025185434474250482,112.0,0.356,0.97,0.030000000000000027,0.9409677526086943,"aqua",171540.0,46687.67525346736,0.2721678632008124
78,"6DheSFEEjEEl",NA,"f2H74PqmfQLY",1582,921.5240202275601,1686.0,1668,51.963196435065285,943,1165,897,1108,41.12065847887042,0.34560091149623245,178.40916292848974,1136.063211125158,2025-12-09T04:00:00,NA,NA,NA,NA,NA,NA,NA,NA,NA,NA,NA,NA,"aqua",NaN,NaN,NaN
78,"6DheSFEEjEEl","f2H74PqmfQLY","zTDxbmBTIJla",1583,940.7441566645609,1706.0,1373,52.813952932343284,963,1175,916,1117,40.53727207236236,0.32879381088474513,181.82337649086287,1145.4851547694252,2025-12-09T09:58:00,21480000 milliseconds,5351.323823904907,0.3270980332460212,0.000631911532385466,0.01179245283018868,0.016239351851323237,0.014288542522934348,131.0,0.083,0.993,0.007000000000000006,0.46005029198285297,"terra",21480.0,5351.323823904907,0.24913053183914838
78,"6DheSFEEjEEl","zTDxbmBTIJla","3WlNVuuTij2Q",1520,906.7203947368421,1617.0,1474,50.4684343065701,927,1159,883,1103,40.455458717316006,0.24179859465561615,172.16652224137044,1130.1986842105264,2025-12-10T03:01:00,61380000 milliseconds,9325.008571920227,0.2014693436733332,0.04060586529165324,0.05356605476978634,0.045419527733175154,0.0020202641458974815,215.0,0.141,0.983,0.017000000000000015,0.5010810556138454,"aqua",61380.0,9325.008571920227,0.15192258996285804
78,"6DheSFEEjEEl","3WlNVuuTij2Q","liJB7Yz3CfU4",1490,909.4302013422819,1532.0,1422,47.697801572931404,931,1156,886,1104,41.08055132958821,0.04066139637281423,155.92388155425118,1130.389932885906,2025-12-11T09:38:00,110220000 milliseconds,679.1367634136534,0.008190758769989186,0.019933554817275746,0.05398539218799619,0.056447773693587174,0.01533292129238641,242.0,0.162,0.973,0.027000000000000024,0.3428904007612348,"terra",110220.0,679.1367634136534,0.0061616472819239106
79,"6M8pBftF8qBD",NA,"na4ZnsG9O0FI",658,1159.142857142857,674.0,2115,36.372868647359994,1173,676,1146,644,23.39527924108141,-0.5847493744814065,102.42640687119285,659.8738601823708,2025-12-09T04:00:00,NA,NA,NA,NA,NA,NA,NA,NA,NA,NA,NA,NA,"aqua",NaN,NaN,NaN
79,"6M8pBftF8qBD","na4ZnsG9O0FI","GPIjLQlwiH6T",632,1089.0917721518988,684.0,1587,33.61194206617305,1105,816,1071,790,25.2054466672481,1.4523020447267336,111.1543289325507,801.7642405063291,2025-12-09T09:58:00,21480000 milliseconds,39560.108171686035,2.4180995214967016,0.040310077519379844,0.014727540500736377,0.0789007372610657,0.07449137404165608,157.0,0.248,0.983,0.017000000000000015,2.8915292508195387,"terra",21480.0,39560.108171686035,1.8417182575272828
80,"6OTetv5XZxLI",NA,"dTw7Yl7gsJDT",1496,369.4866310160428,1581.0,683,46.24360712587178,392,381,348,333,42.180064858310935,0.10801825609506904,167.4386001800126,357.4398395721925,2025-12-10T08:59:00,NA,NA,NA,NA,NA,NA,NA,NA,NA,NA,NA,NA,"terra",NaN,NaN,NaN
80,"6OTetv5XZxLI","dTw7Yl7gsJDT","m6YOz67mnJvu",1439,376.68450312717164,1518.0,577,46.35391969194368,398,385,356,337,40.477247005750975,0.22420162137883753,162.19595949289334,362.455872133426,2025-12-11T03:40:00,67260000 milliseconds,2193.312927735133,0.04326487676763257,0.03884156729131175,0.04065827686350436,0.0023826244579714527,0.04120186863469288,138.0,0.096,0.991,0.009000000000000008,0.271349214015113,"aqua",67260.0,2193.312927735133,0.032609469636264245
80,"6OTetv5XZxLI","m6YOz67mnJvu","SCNNLPU2NMnR",1395,371.1698924731183,1430.0,570,47.13584613920809,390,376,351,329,38.54614004311769,0.30025221646061484,148.12489168102783,352.81648745519715,2025-12-11T09:38:00,21480000 milliseconds,2776.3360256896112,0.1697026910568222,0.031051517290049402,0.05970149253731343,0.016727530341163067,0.04887431518062052,148.0,0.106,0.982,0.018000000000000016,0.4500575464059686,"terra",21480.0,2776.3360256896112,0.12925214272298005
80,"6OTetv5XZxLI","SCNNLPU2NMnR","d4SCAE5YCyCx",1336,384.6639221556886,1421.0,383,44.763171813912514,407,388,364,342,39.123546068235385,-0.18132742691208614,169.71677477306463,365.36526946107784,2025-12-12T02:40:00,61320000 milliseconds,4606.793671478598,0.09962789081917384,0.04320761625778103,0.006313574184496668,0.051636554516957346,0.014868246648760335,273.0,0.204,0.971,0.029000000000000026,0.4486538824271692,"aqua",61320.0,4606.793671478598,0.07512709836070773
81,"6VQE7S2qoc6o",NA,"NMrBsGH5PbT0",516,296.1666666666667,536.0,608,41.07559599895092,304,767,288,725,16.39783086980038,0.00014939290572959894,105.84062043356595,745.0717054263566,2025-12-09T04:00:00,NA,NA,NA,NA,NA,NA,NA,NA,NA,NA,NA,NA,"aqua",NaN,NaN,NaN
81,"6VQE7S2qoc6o","NMrBsGH5PbT0","rU5LqbjgzhYt",579,215.2987910189983,662.0,372,44.37161012721532,236,885,193,865,18.157250702197732,-1.4551277555546167,127.5685424949238,875.7633851468048,2025-12-10T08:59:00,104340000 milliseconds,38421.94072069936,0.4894203008814643,0.11506849315068493,0.21035058430717862,0.07714738205477908,0.10183276973208519,172.0,0.297,0.969,0.031000000000000028,1.3218195301261921,"terra",104340.0,38421.94072069936,0.3682378830812666
81,"6VQE7S2qoc6o","rU5LqbjgzhYt","uyHnWIfGxTGF",618,219.59708737864077,654.0,320,43.28972498783749,240,915,198,894,18.575512310224305,1.3511103229123727,116.22539674441619,904.2783171521036,2025-12-11T09:38:00,88740000 milliseconds,7209.267901727814,0.10791509470440556,0.06516290726817042,0.0121580547112462,0.02468329139541146,0.022773217897337453,140.0,0.227,0.979,0.02100000000000002,0.4806925659765712,"terra",88740.0,7209.267901727814,0.08124034146639413
82,"6Yxnx7oh62ap",NA,"uhoEFRFugfCX",400,544.6125,401.0,768,24.52251866788492,556,246,535,221,20.937047981586023,0.09138867346317352,75.59797974644665,233.015,2025-12-09T09:58:00,NA,NA,NA,NA,NA,NA,NA,NA,NA,NA,NA,NA,"terra",NaN,NaN,NaN
82,"6Yxnx7oh62ap","uhoEFRFugfCX","ld3f8T7FQSd9",401,519.5536159600997,401.0,948,23.579375613209983,531,227,509,203,21.863285030373433,0.2720721349178229,75.01219330881976,214.5860349127182,2025-12-10T08:59:00,82860000 milliseconds,7776.464586789338,0.12463281652038365,0.0024968789013732834,0.0,0.039214383082855575,0.043281768323092114,42.0,0.105,0.999,0.0010000000000000009,0.3156258468277046,"terra",82860.0,7776.464586789338,0.09385064671481219
82,"6Yxnx7oh62ap","ld3f8T7FQSd9","eX39L4FKoqlA",404,516.9430693069307,409.0,818,24.36803816974983,528,226,507,202,21.41051072618919,0.2697826572319808,77.94112549695429,213.52970297029702,2025-12-11T09:38:00,88740000 milliseconds,704.0415027251133,0.010538754625029763,0.007453416149068323,0.019753086419753086,0.03289698001689229,0.020926026768316355,32.0,0.079,0.988,0.01200000000000001,0.18256826397905984,"terra",88740.0,704.0415027251133,0.00793375594686853
82,"6Yxnx7oh62ap","eX39L4FKoqlA","7czzH7c88Rpi",387,531.3643410852713,408.0,607,23.549171281815102,543,266,521,241,21.9009917426225,0.09414050593228247,81.01219330881976,252.59173126614988,2025-12-12T02:40:00,61320000 milliseconds,10409.776457406435,0.22512492338681736,0.04298356510745891,0.0024479804161566705,0.03417840468203579,0.022648995692841758,67.0,0.173,0.992,0.008000000000000007,0.5083838692853104,"aqua",61320.0,10409.776457406435,0.16976152083180748
83,"6f2iRKEXBlN3",NA,"oJtEJJvcxZHm",2046,458.430596285435,2209.0,878,74.59559076752262,499,1167,426,1125,38.0812167736018,1.307602240213792,227.55129855222071,1149.480449657869,2025-12-09T04:00:00,NA,NA,NA,NA,NA,NA,NA,NA,NA,NA,NA,NA,"aqua",NaN,NaN,NaN
83,"6f2iRKEXBlN3","oJtEJJvcxZHm","T6TvkmtqJyaV",2056,461.12110894941634,2255.0,834,76.3646519877336,504,1160,428,1118,37.64480145444775,1.3153938871314195,245.34419177103416,1142.4961089494163,2025-12-10T08:59:00,104340000 milliseconds,1871.1606279057357,0.0238349229718583,0.0048756704046806435,0.02060931899641577,0.023437445355451055,0.011526165758241308,232.0,0.113,0.973,0.027000000000000024,0.2242835234866471,"terra",104340.0,1871.1606279057357,0.017933301015006092
83,"6f2iRKEXBlN3","T6TvkmtqJyaV","v7zuFfBZl0qu",2123,453.86528497409324,2269.0,666,77.27184134924654,496,1153,419,1110,38.14364123955925,1.2987788838002177,226.82337649086284,1134.4093264248704,2025-12-11T03:40:00,67260000 milliseconds,2716.190268098118,0.05357905647693299,0.03206508734146925,0.00618921308576481,0.011809555683143007,0.013164006737162988,243.0,0.114,0.981,0.019000000000000017,0.24980691932447308,"aqua",67260.0,2716.190268098118,0.04038344139307341
84,"6gTkhXNMybzT",NA,"3L2DTJFPGiMb",9280,515.317672413793,9778.0,664,123.35718000328824,578,524,467,396,100.10583244569054,0.23569291311654805,417.6883835420683,464.0006465517241,2025-12-09T09:58:00,NA,NA,NA,NA,NA,NA,NA,NA,NA,NA,NA,NA,"terra",NaN,NaN,NaN
84,"6gTkhXNMybzT","3L2DTJFPGiMb","3LWXR9TRs07l",8867,504.24732152926583,9480.0,720,119.92455829041961,565,494,455,368,98.6520094785469,0.3644723728828898,516.8843430349616,435.73846847862865,2025-12-10T03:01:00,61380000 milliseconds,7588.244931067356,0.16394609335783422,0.04551716537168678,0.030948177380828747,0.02821931261214935,0.014629087869627862,572.0,0.065,0.972,0.028000000000000025,0.376259836592127,"aqua",61380.0,7588.244931067356,0.12362732048008075
84,"6gTkhXNMybzT","3LWXR9TRs07l","DKp1MCLnW3Qj",9218,502.73454111520937,9861.0,865,124.6524109630464,564,511,454,377,98.12930023923302,0.386256761909911,438.2091988222396,443.8467129529182,2025-12-10T08:59:00,21480000 milliseconds,2062.0398431528924,0.12604155520494453,0.03881669892175836,0.0393981696913293,0.03866147075955554,0.005312590307113446,688.0,0.075,0.984,0.016000000000000014,0.33923048488470126,"terra",21480.0,2062.0398431528924,0.0959981305006002
84,"6gTkhXNMybzT","DKp1MCLnW3Qj","dIZakHs7kGPW",9144,508.8616579177603,9566.0,755,122.77337581949877,571,493,461,367,98.70114207316462,0.41068332879175445,414.41630560342617,433.27734033245844,2025-12-11T09:38:00,88740000 milliseconds,3054.2306508987094,0.04571859368159134,0.008060124169480449,0.030370103464250786,0.01518867671783188,0.005810501944856749,441.0,0.048,0.981,0.019000000000000017,0.17214799997801122,"terra",88740.0,3054.2306508987094,0.03441774454472289
84,"6gTkhXNMybzT","dIZakHs7kGPW","j8cAQN8Qsr6Y",7915,520.0061907770057,8939.0,592,118.82037015135431,580,499,474,377,94.5186868375385,0.27787394817274264,479.97265478953017,439.8701200252685,2025-12-12T08:40:00,82920000 milliseconds,3237.141454361486,0.05184403354198408,0.14408816460519375,0.06776546879221831,0.032724403955567326,0.043292194793931336,1550.0,0.196,0.948,0.052000000000000046,0.5877142656888947,"terra",82920.0,3237.141454361486,0.03903933254174489
85,"6hBWPnDdciSM",NA,"Cyxle3Bb31eD",672,980.4270833333334,702.0,1626,34.37131944199044,997,1073,962,1044,25.542244678088394,-1.0215003323747003,107.5685424949238,1058.4598214285713,2025-12-10T03:01:00,NA,NA,NA,NA,NA,NA,NA,NA,NA,NA,NA,NA,"aqua",NaN,NaN,NaN
85,"6hBWPnDdciSM","Cyxle3Bb31eD","YTPrBnHblzFJ",639,980.3161189358373,653.0,1755,33.59153423350581,995,1075,963,1047,24.77690772650012,-0.9771857132757065,101.49747468305833,1061.2785602503911,2025-12-10T08:59:00,21480000 milliseconds,705.2305315970173,0.043107000708864134,0.05034324942791762,0.07232472324723248,0.022947394534310855,0.030419310143963582,93.0,0.146,0.983,0.017000000000000015,0.3821416780622887,"terra",21480.0,705.2305315970173,0.03283196143375313
85,"6hBWPnDdciSM","YTPrBnHblzFJ","DZcxM4JHGRAY",709,987.5190409026799,729.0,1547,35.60603618107395,1004,1073,969,1043,25.788431531489,-1.001119917051155,111.05382386916237,1057.839210155148,2025-12-11T09:38:00,88740000 milliseconds,1995.4826160930395,0.02987025845510126,0.10385756676557864,0.10998552821997105,0.058224643885580254,0.040008583738674816,84.0,0.118,0.984,0.016000000000000014,0.475946581064906,"terra",88740.0,1995.4826160930395,0.022486844896247908
85,"6hBWPnDdciSM","DZcxM4JHGRAY","vcVdsqnkpCvr",694,1000.0345821325649,709.0,1136,33.95169440176643,1015,1072,983,1043,26.475518625458353,-0.9178767387561128,104.32590180780453,1057.7391930835736,2025-12-12T02:40:00,61320000 milliseconds,3128.985215804376,0.06766836539369325,0.021382751247327157,0.027816411682892908,0.04756744550017377,0.026292964535058968,53.0,0.076,0.994,0.006000000000000005,0.27272793835914605,"aqua",61320.0,3128.985215804376,0.05102715616119335
86,"6mbFlFrA6E4m",NA,"Grm3fTAxOW3E",316,147.99367088607596,345.0,266,28.55097375958179,160,61,138,38,14.82071611863856,-0.6328203944397756,80.84062043356595,49.037974683544306,2025-12-10T08:59:00,NA,NA,NA,NA,NA,NA,NA,NA,NA,NA,NA,NA,"terra",NaN,NaN,NaN
86,"6mbFlFrA6E4m","Grm3fTAxOW3E","w3XobM8MziLD",308,152.50974025974025,320.0,87,29.305096488036888,160,123,144,95,13.745542617669596,0.2313408988514721,76.18376618407356,108.08441558441558,2025-12-12T02:40:00,150060000 milliseconds,14804.722780349166,0.13125336034708246,0.02564102564102564,0.07518796992481203,0.026068923285923903,0.07527576578324563,61.0,0.198,0.996,0.0040000000000000036,0.5354270449820897,"aqua",150060.0,14804.722780349166,0.09865868839363698
87,"6nqaSFS1Y8uJ",NA,"3gMGljOBJHQV",356,960.7612359550562,370.0,1753,26.550596195890314,973,697,948,676,17.340859475648102,1.2114815866442463,75.56244584051392,685.7134831460675,2025-12-09T04:00:00,NA,NA,NA,NA,NA,NA,NA,NA,NA,NA,NA,NA,"aqua",NaN,NaN,NaN
87,"6nqaSFS1Y8uJ","3gMGljOBJHQV","K5yChZp9Z3pz",376,975.6489361702128,379.0,1629,24.829936532141392,989,651,963,632,19.59525228951353,1.5225794009972662,73.59797974644665,642.1143617021277,2025-12-10T03:01:00,82860000 milliseconds,11517.722779427208,0.184593681856354,0.0546448087431694,0.02403204272363151,0.06697710484462067,0.12206985013467425,56.0,0.149,0.98,0.020000000000000018,0.6213174883024498,"aqua",82860.0,11517.722779427208,0.1390022058825393
87,"6nqaSFS1Y8uJ","K5yChZp9Z3pz","IYJU0T4zOKoF",372,972.9516129032259,375.0,1750,24.380055674812183,986,659,961,640,19.77323415875527,1.467407829421844,73.94112549695429,649.9704301075269,2025-12-10T08:59:00,21480000 milliseconds,2076.5560971976715,0.1269288567969237,0.0106951871657754,0.010610079575596816,0.018284126339107153,0.00904184464777989,32.0,0.086,0.993,0.007000000000000006,0.2685600945251829,"terra",21480.0,2076.5560971976715,0.09667393376153033
87,"6nqaSFS1Y8uJ","IYJU0T4zOKoF","ZDu5Wt9NCmUL",382,981.1649214659686,387.0,1546,24.91883097698762,994,645,969,625,20.069774265216864,-1.4508889411531494,76.76955262170047,636.1675392670157,2025-12-11T09:38:00,88740000 milliseconds,4015.4252039937423,0.06010665674715579,0.026525198938992044,0.031496062992125984,0.021857503841043364,0.01488542749112176,77.0,0.202,0.992,0.008000000000000007,0.36487085001043895,"terra",88740.0,4015.4252039937423,0.04524932616625808
87,"6nqaSFS1Y8uJ","ZDu5Wt9NCmUL","utPUYqm55Gh3",365,979.5753424657535,391.0,1113,25.42519921131955,991,670,968,645,19.306232200822013,0.4655384768982648,87.08326112068524,657.0301369863014,2025-12-12T02:40:00,61320000 milliseconds,5230.766823532352,0.11312211988608027,0.04551539491298527,0.010282776349614395,0.02011631696699317,0.038782097674297834,89.0,0.244,0.87,0.13,0.6018187057899709,"aqua",61320.0,5230.766823532352,0.08530278577189093
88,"6o8htjkVIg3R",NA,"Yuv4CJOgsP6Z",303,1161.6435643564357,306.0,1796,22.178804549989096,1172,563,1151,543,17.692619168256638,0.7338929497854223,67.35533905932738,553.3861386138614,2025-12-11T09:38:00,NA,NA,NA,NA,NA,NA,NA,NA,NA,NA,NA,NA,"terra",NaN,NaN,NaN
88,"6o8htjkVIg3R","Yuv4CJOgsP6Z","wn7zO2MuM5B7",300,1171.38,304.0,1158,21.55465515337112,1182,571,1160,551,18.040976725755506,1.096260868505686,67.01219330881976,561.34,2025-12-12T08:40:00,82920000 milliseconds,3143.0686636547857,0.05033742254411892,0.009950248756218905,0.006557377049180328,0.028543335050623536,0.019497481223670666,36.0,0.12,0.991,0.009000000000000008,0.24388586462381234,"terra",82920.0,3143.0686636547857,0.03790483193023138
89,"6rVDtubBVXSx",NA,"J7Ez41JcXf0y",452,631.7323008849557,505.0,942,28.963659183202775,645,527,619,500,22.36777301848436,1.0507130248295287,105.74011537017762,513.9070796460177,2025-12-10T03:01:00,NA,NA,NA,NA,NA,NA,NA,NA,NA,NA,NA,NA,"aqua",NaN,NaN,NaN
89,"6rVDtubBVXSx","J7Ez41JcXf0y","oxp22HagSHUv",466,626.6824034334763,499.0,1103,29.000734693997817,640,537,613,511,21.89613159932968,1.015154907538921,96.66904755831213,524.1459227467811,2025-12-10T08:59:00,21480000 milliseconds,2854.1129566875693,0.1744567821936167,0.030501089324618737,0.01195219123505976,0.0012792512201054741,0.021310429941820655,37.0,0.079,0.994,0.006000000000000005,0.32449974391522135,"terra",21480.0,2854.1129566875693,0.13287304267633004
89,"6rVDtubBVXSx","oxp22HagSHUv","jEManZc9XvmN",500,604.418,561.0,664,29.604753072619523,620,556,591,529,23.136045718947404,1.2384068168127622,111.01828996322963,541.73,2025-12-12T02:40:00,150060000 milliseconds,7092.705024776171,0.06288137794030028,0.07039337474120083,0.1169811320754717,0.02061303136071722,0.055067917807051364,109.0,0.218,0.993,0.007000000000000006,0.5509368339247414,"aqua",150060.0,7092.705024776171,0.04726579384763542
90,"6s1N1koCW9wz",NA,"UZMqhBSbUazZ",320,685.359375,323.0,1236,23.505925782420313,696,1003,674,983,17.541127119183304,-1.141352790018402,69.35533905932738,992.884375,2025-12-09T04:00:00,NA,NA,NA,NA,NA,NA,NA,NA,NA,NA,NA,NA,"aqua",NaN,NaN,NaN
90,"6s1N1koCW9wz","UZMqhBSbUazZ","NnGBys9urO8v",356,702.5421348314607,363.0,988,24.444863818759718,714,1016,691,995,18.872369890724936,-1.0926449872450945,74.18376618407356,1005.1769662921348,2025-12-09T09:58:00,21480000 milliseconds,5281.779033272826,0.32284712917315567,0.10650887573964497,0.11661807580174927,0.0391625682975739,0.07311809525898576,38.0,0.107,0.985,0.015000000000000013,0.7802547442711095,"terra",21480.0,5281.779033272826,0.24589287864398632
90,"6s1N1koCW9wz","NnGBys9urO8v","tk6ghZBd49e2",351,762.6780626780627,363.0,1009,24.28403447071547,774,1020,751,1000,18.92985138045498,-1.2534526488456577,74.18376618407356,1009.6125356125356,2025-12-11T03:40:00,150120000 milliseconds,15074.821916791852,0.13359466427500755,0.014144271570014143,0.0,0.00660098437230567,0.0030411699522994735,45.0,0.128,0.998,0.0020000000000000018,0.2873810901696268,"aqua",150120.0,15074.821916791852,0.10041847799621538
90,"6s1N1koCW9wz","tk6ghZBd49e2","5ysfjVRFDcdZ",356,756.5337078651686,358.0,1176,24.796661974560394,768,1014,744,995,18.57961750569175,-1.3135584879817785,72.52691193458118,1004.1488764044943,2025-12-11T09:38:00,21480000 milliseconds,2055.5514468195142,0.125644953962073,0.014144271570014143,0.013869625520110958,0.020889169916995614,0.01867442462735488,48.0,0.135,0.998,0.0020000000000000018,0.33022244559654856,"terra",21480.0,2055.5514468195142,0.0956960636321934
91,"6sdowh68JCmQ",NA,"3iIwb71MYg53",456,465.02412280701753,465.0,643,31.769054819951663,478,570,451,545,18.530219795219825,-0.8192304337816015,85.84062043356595,558.4013157894736,2025-12-09T09:58:00,NA,NA,NA,NA,NA,NA,NA,NA,NA,NA,NA,NA,"terra",NaN,NaN,NaN
91,"6sdowh68JCmQ","3iIwb71MYg53","Qw3z0cgQIY2Y",488,454.85655737704917,498.0,851,32.764001995378905,468,553,440,526,19.253723692181733,-0.8076184840921877,90.66904755831213,539.9754098360655,2025-12-10T08:59:00,82860000 milliseconds,5261.2581490583625,0.0843217909938034,0.06779661016949153,0.06853582554517133,0.030835271859952593,0.038296897051158726,58.0,0.119,0.987,0.013000000000000012,0.4217863956195776,"terra",82860.0,5261.2581490583625,0.06349575366954335
91,"6sdowh68JCmQ","Qw3z0cgQIY2Y","09tXoXIQ0t9m",450,458.0511111111111,502.0,694,32.70398954833183,470,576,445,546,19.07871364993409,0.5946799598777106,98.32590180780451,560.0533333333333,2025-12-11T03:40:00,67260000 milliseconds,5082.6185765923465,0.10025877456538804,0.08102345415778252,0.008,0.0018333370440119124,0.009131172155095848,101.0,0.224,0.981,0.019000000000000017,0.44324673792227837,"aqua",67260.0,5082.6185765923465,0.0755667347099665
92,"6yAWboAj096F",NA,"WEACQbAikB9C",329,268.7112462006079,343.0,413,28.14284457036031,277,427,258,402,15.570643783080385,-0.5237148891018479,77.01219330881976,414.88449848024317,2025-12-11T09:38:00,NA,NA,NA,NA,NA,NA,NA,NA,NA,NA,NA,NA,"terra",NaN,NaN,NaN
92,"6yAWboAj096F","WEACQbAikB9C","MPrgdBczBBv7",336,274.49107142857144,365.0,302,29.006131692087397,283,437,264,411,15.63757136898946,-0.4998113633959283,80.08326112068524,424.0297619047619,2025-12-12T08:40:00,82920000 milliseconds,2704.6513496387633,0.04331600495898084,0.021052631578947368,0.062146892655367235,0.030211814040642694,0.0042891005193955644,34.0,0.101,0.997,0.0030000000000000027,0.2650164437533337,"terra",82920.0,2704.6513496387633,0.03261759948913125
93,"72ZCreP6pZaq",NA,"bAe0YVNPTicu",706,190.77337110481585,772.0,307,43.996243042919374,210,315,168,289,21.9459888695541,1.3156259100847252,127.29646455628165,301.20113314447593,2025-12-10T03:01:00,NA,NA,NA,NA,NA,NA,NA,NA,NA,NA,NA,NA,"aqua",NaN,NaN,NaN
93,"72ZCreP6pZaq","bAe0YVNPTicu","owl8Ery9Uv3L",720,9.620833333333334,747.0,11,44.740483035105385,22,440,1,397,21.462712685262748,-0.13050023377185802,119.8050865276332,416.9138888888889,2025-12-11T09:38:00,110220000 milliseconds,53738.76846782414,0.6481187778788415,0.019635343618513323,0.032916392363396975,0.016774114283450395,0.02226632757863384,203.0,0.282,0.979,0.02100000000000002,1.042710955722836,"terra",110220.0,53738.76846782414,0.48755914051736654
94,"76aeECNGudcr",NA,"D14eSiN2v5uo",1150,832.3234782608696,1208.0,1510,47.75386837417219,849,922,812,878,32.29315980569372,-0.5196840911345915,147.1959594928933,901.9026086956521,2025-12-09T04:00:00,NA,NA,NA,NA,NA,NA,NA,NA,NA,NA,NA,NA,"aqua",NaN,NaN,NaN
94,"76aeECNGudcr","D14eSiN2v5uo","d81dXsGy79io",1086,850.8103130755064,1129.0,1223,46.905562249177976,868,934,833,888,30.630386324189526,-0.37760443024642176,140.36753236814712,911.889502762431,2025-12-09T09:58:00,21480000 milliseconds,5252.981977914613,0.32108691796544087,0.057245080500894455,0.06760804450149764,0.017923330394192343,0.05285059675664143,110.0,0.101,0.987,0.013000000000000012,0.6307139701186667,"terra",21480.0,5252.981977914613,0.24455223360868775
94,"76aeECNGudcr","d81dXsGy79io","Zcjto1SAIpNe",1128,832.1843971631206,1179.0,1321,48.10225206474908,850,922,810,882,31.564021850317136,-0.8006893364810083,145.78174593052023,903.8102836879433,2025-12-10T03:01:00,61380000 milliseconds,5075.668209881543,0.10966119066396333,0.037940379403794036,0.043327556325823226,0.025191397659501444,0.030023134025425283,97.0,0.086,0.987,0.013000000000000012,0.34514365807850733,"aqua",61380.0,5075.668209881543,0.08269254170546665
94,"76aeECNGudcr","Zcjto1SAIpNe","2x5AslMsu8GS",1085,951.2294930875576,1103.0,1171,47.22148393739876,969,830,936,785,29.959395597082903,0.36280978455173324,134.71067811865473,809.7428571428571,2025-12-11T03:40:00,88740000 milliseconds,37931.20054822414,0.567789844296447,0.03886127428829643,0.06660823838737949,0.01847951337808406,0.052163105360852946,279.0,0.257,0.979,0.02100000000000002,1.02190197571106,"aqua",88740.0,37931.20054822414,0.42744197146973334
94,"76aeECNGudcr","2x5AslMsu8GS","dSovkxBKwMHM",1138,915.3576449912126,1256.0,901,53.706910519688506,943,969,888,937,28.22373293951493,1.4988283739709622,178.65180361560903,951.1467486818981,2025-12-12T08:40:00,104400000 milliseconds,36470.75029067138,0.4642998127392919,0.04768331084120558,0.12971598134802884,0.12851540177917367,0.05966206016151985,243.0,0.214,0.939,0.061000000000000054,1.10487656686922,"terra",104400.0,36470.75029067138,0.3493366886079634
95,"76tesnOzRnOF",NA,"OEIJYk7yVKK0",306,269.4477124183006,312.0,551,26.25459627567007,279,444,259,421,15.261541120931854,-0.6795445790517831,71.84062043356595,433.45098039215685,2025-12-09T04:00:00,NA,NA,NA,NA,NA,NA,NA,NA,NA,NA,NA,NA,"aqua",NaN,NaN,NaN
95,"76tesnOzRnOF","OEIJYk7yVKK0","LzYEfqZdn724",308,233.67532467532467,324.0,415,26.071621592901412,243,507,226,481,15.403139848454204,0.21964058310530757,75.52691193458118,494.0422077922078,2025-12-10T03:01:00,82860000 milliseconds,17590.765621979233,0.2819258854392056,0.006514657980456026,0.03773584905660377,0.006993613917529422,0.009235297615762868,40.0,0.13,0.975,0.025000000000000022,0.4974053040095577,"aqua",82860.0,17590.765621979233,0.21229502319550125
95,"76tesnOzRnOF","LzYEfqZdn724","IVnXMDBkvVbs",321,182.42990654205607,325.0,280,26.18228326891649,193,513,171,492,15.88975201523173,0.799143447828821,71.35533905932738,502.2741433021807,2025-12-11T09:38:00,110220000 milliseconds,12975.59642630611,0.15649275072430935,0.04133545310015898,0.0030816640986132513,0.0042355370879062475,0.03110049201571036,47.0,0.146,0.984,0.016000000000000014,0.3982458970266982,"terra",110220.0,12975.59642630611,0.11772451847492388
96,"77roRnryWjsL",NA,"wf2fHFTUF4Zh",1249,1027.2073658927143,1332.0,1223,57.124403254531046,1046,751,1004,701,28.843492969739824,0.5874240032859408,158.61017305526642,724.8422738190552,2025-12-11T03:40:00,NA,NA,NA,NA,NA,NA,NA,NA,NA,NA,NA,NA,"aqua",NaN,NaN,NaN
96,"77roRnryWjsL","wf2fHFTUF4Zh","Sh5DfTHwhvr9",1185,918.5189873417721,1374.0,903,60.652969978960975,944,667,891,623,27.57444146092284,0.8564370427543055,174.40916292848974,643.0548523206751,2025-12-12T08:40:00,104400000 milliseconds,34005.83217202105,0.43291956934463466,0.05258833196384552,0.031042128603104215,0.05991926339594268,0.0449875211357353,284.0,0.24,0.981,0.019000000000000017,0.8804568144432624,"terra",104400.0,34005.83217202105,0.3257263618009679
97,"7MS0joyJzx5t",NA,"vQIWunL5hfVB",435,1112.7701149425288,440.0,1922,30.530777803743636,1123,728,1103,700,18.41150398007606,-0.37019800445362716,82.18376618407356,713.0781609195402,2025-12-10T03:01:00,NA,NA,NA,NA,NA,NA,NA,NA,NA,NA,NA,NA,"aqua",NaN,NaN,NaN
97,"7MS0joyJzx5t","vQIWunL5hfVB","z0GEraRBBtwc",436,1114.3394495412845,446.0,2010,30.202488639695193,1126,733,1103,706,18.617775497910237,-0.5064469417264513,83.25483399593904,718.7798165137615,2025-12-10T08:59:00,21480000 milliseconds,1478.4216160733358,0.09036806944213545,0.002296211251435132,0.013544018058690745,0.010810851557084599,0.011140995490166401,40.0,0.092,0.992,0.008000000000000007,0.22816014579951233,"terra",21480.0,1478.4216160733358,0.06882782197734338
97,"7MS0joyJzx5t","z0GEraRBBtwc","vr1dmqoaFoJN",464,1103.9806034482758,476.0,1330,31.142869194990666,1116,657,1091,627,19.31705658523109,-0.5546388710083949,89.32590180780451,643.2974137931035,2025-12-12T02:40:00,150060000 milliseconds,19047.471638091236,0.1688680494533555,0.06222222222222222,0.0650759219088937,0.0306585726610193,0.03686749348399622,77.0,0.166,0.985,0.015000000000000013,0.544692259729487,"aqua",150060.0,19047.471638091236,0.1269323713054194
98,"7pDvgSzglLGk",NA,"tcqeIPZWuX80",507,1132.0848126232743,552.0,2059,31.08142237864521,1146,1079,1114,1057,21.685772556317282,-1.558158600639278,103.49747468305833,1068.8027613412228,2025-12-09T04:00:00,NA,NA,NA,NA,NA,NA,NA,NA,NA,NA,NA,NA,"aqua",NaN,NaN,NaN
98,"7pDvgSzglLGk","tcqeIPZWuX80","IL6F37XBP30h",434,1155.7603686635944,454.0,1667,26.273005539926668,1168,1088,1143,1067,21.38238387481524,-1.4148414177378201,82.42640687119285,1078.115207373272,2025-12-09T09:58:00,21480000 milliseconds,6360.2948286526225,0.3887710775460038,0.155154091392136,0.19483101391650098,0.1676737791036892,0.014088770295388492,98.0,0.226,0.947,0.05300000000000005,1.1995187322537184,"terra",21480.0,6360.2948286526225,0.29610311120356714
98,"7pDvgSzglLGk","IL6F37XBP30h","1qxiGBcqGxac",424,1124.9740566037735,430.0,1945,26.409926252403075,1138,1085,1114,1062,20.726375324095518,-0.9374743377962105,81.59797974644665,1073.2028301886792,2025-12-10T03:01:00,61380000 milliseconds,7793.941797352835,0.16839023003895073,0.023310023310023312,0.05429864253393665,0.005197915446928159,0.031157819095115554,58.0,0.137,0.999,0.0010000000000000009,0.42035463042495447,"aqua",61380.0,7793.941797352835,0.12697852390604164
98,"7pDvgSzglLGk","1qxiGBcqGxac","5O54bAPYFPtg",436,1127.26376146789,439.0,2030,27.109471690971617,1140,1082,1115,1060,20.653382144155536,-1.1162216132714853,80.76955262170047,1070.8073394495414,2025-12-10T08:59:00,21480000 milliseconds,828.4444853931574,0.05063841597757686,0.027906976744186046,0.020713463751438434,0.026141752913912988,0.003527965575727989,37.0,0.085,0.999,0.0010000000000000009,0.21492857496284234,"terra",21480.0,828.4444853931574,0.03856817902202781
98,"7pDvgSzglLGk","5O54bAPYFPtg","rU1jf7kdwv5R",458,1120.3799126637555,463.0,1364,27.33405448583482,1131,1096,1109,1070,21.497006644165275,-0.3572345814330492,81.59797974644667,1082.419213973799,2025-12-12T02:40:00,150060000 milliseconds,3374.750030791988,0.029919322938002466,0.049217002237136466,0.05321507760532151,0.008250119367135243,0.040029263039371696,35.0,0.076,0.998,0.0020000000000000018,0.2586307851869674,"aqua",150060.0,3374.750030791988,0.022489337803491858
98,"7pDvgSzglLGk","rU1jf7kdwv5R","5f31xvhf7LhG",378,1125.1216931216932,401.0,1109,26.62279949299126,1138,1094,1115,1070,19.11001207601081,-0.8417168839586622,92.91168824543142,1081.2354497354497,2025-12-12T08:40:00,21600000 milliseconds,1221.8270050234862,0.07427519787376816,0.19138755980861244,0.14351851851851852,0.026363842233006154,0.11756561517619891,81.0,0.214,0.998,0.0020000000000000018,0.7691107336101041,"terra",21600.0,1221.8270050234862,0.056566065047383624
99,"7tKbkWx314N2",NA,"N82qUxXKsd9v",755,514.7403973509934,796.0,717,51.03548151671229,530,376,502,329,19.731644638033305,0.37251589712945793,135.29646455628165,353.9523178807947,2025-12-09T09:58:00,NA,NA,NA,NA,NA,NA,NA,NA,NA,NA,NA,NA,"terra",NaN,NaN,NaN
99,"7tKbkWx314N2","N82qUxXKsd9v","fVImDQdMVZnh",781,494.0012804097311,832.0,780,51.50105236205274,510,350,480,302,20.224775182189592,0.45856290045501913,138.36753236814712,327.5685019206146,2025-12-11T09:38:00,171600000 milliseconds,8389.7881235315,0.06506233519605661,0.033854166666666664,0.044226044226044224,0.00908107242811471,0.024683419904738404,82.0,0.105,0.999,0.0010000000000000009,0.2829070384216206,"terra",171600.0,8389.7881235315,0.048891539181418996
100,"7zR1pwTkrDzp",NA,"t7nTYAX6j45P",444,445.6644144144144,477.0,686,35.36094585105292,456,654,437,620,16.908092719778185,-0.020934166133008667,95.39087296526012,635.5225225225225,2025-12-11T03:40:00,NA,NA,NA,NA,NA,NA,NA,NA,NA,NA,NA,NA,"aqua",NaN,NaN,NaN
100,"7zR1pwTkrDzp","t7nTYAX6j45P","jJwakLc0UBWa",452,421.13495575221236,480.0,520,32.91010869572736,435,648,409,619,18.38024566571753,0.691387777610359,94.08326112068522,634.6061946902655,2025-12-12T08:40:00,104400000 milliseconds,6136.64199174133,0.07812402281020152,0.017857142857142856,0.006269592476489028,0.07179725497417681,0.08343566250455323,150.0,0.332,0.986,0.014000000000000012,0.6034836756225634,"terra",104400.0,6136.64199174133,0.05878009570633457
101,"84uXzHDyLrU6",NA,"IqLj95cFqEH0",392,1063.2066326530612,429.0,1820,28.271692243510937,1076,858,1052,835,19.106377754980798,0.8965758948862136,93.53300858899107,847.3775510204082,2025-12-10T03:01:00,NA,NA,NA,NA,NA,NA,NA,NA,NA,NA,NA,NA,"aqua",NaN,NaN,NaN
101,"84uXzHDyLrU6","IqLj95cFqEH0","0YEGJr3aGSAk",400,1136.7475,407.0,1767,26.15004531528633,1148,863,1126,835,20.05178620493624,-0.24295114580157934,82.08326112068524,849.5075,2025-12-11T09:38:00,110220000 milliseconds,18392.9263794463,0.22182869661033952,0.020202020202020204,0.05263157894736842,0.07797056923926321,0.048286658737277714,128.0,0.32,0.956,0.04400000000000004,0.7849195237362692,"terra",110220.0,18392.9263794463,0.16687467228675648
101,"84uXzHDyLrU6","0YEGJr3aGSAk","4XEUq7waqI9q",403,1138.454094292804,415.0,1390,26.379539543050186,1149,855,1127,828,19.914577190189423,-0.3400869061507885,81.84062043356593,841.5111662531017,2025-12-12T02:40:00,61320000 milliseconds,2044.1045941930324,0.04420641423427838,0.007471980074719801,0.019464720194647202,0.008737713362203877,0.006866224649478608,55.0,0.136,0.993,0.007000000000000006,0.2297470525153279,"aqua",61320.0,2044.1045941930324,0.03333503904424384
102,"86BU6KpcWdap",NA,"rww705HxPRoM",333,408.66366366366367,337.0,823,21.845320647673596,419,752,398,730,19.64295859716066,-0.7901687819495595,69.59797974644667,740.8678678678679,2025-12-09T04:00:00,NA,NA,NA,NA,NA,NA,NA,NA,NA,NA,NA,NA,"aqua",NaN,NaN,NaN
102,"86BU6KpcWdap","rww705HxPRoM","MT2Qfoovhz3N",315,420.84761904761905,315.0,575,21.757792369278626,431,761,411,739,18.6654608471199,-0.4234753191713042,68.18376618407356,749.584126984127,2025-12-09T09:58:00,21480000 milliseconds,3745.1797501921224,0.2289229676156554,0.05555555555555555,0.06748466257668712,0.004014771989373344,0.05103305039575063,45.0,0.143,0.999,0.0010000000000000009,0.551011008133022,"terra",21480.0,3745.1797501921224,0.17435659917095542
102,"86BU6KpcWdap","MT2Qfoovhz3N","X1VSjTuWha0u",321,413.62928348909657,322.0,790,22.349933154169797,424,745,404,723,18.494525565749534,-0.6306637472980468,67.59797974644665,734.2554517133956,2025-12-10T08:59:00,82860000 milliseconds,4235.804629811814,0.06788692410949297,0.018867924528301886,0.02197802197802198,0.02684975377278881,0.009199964686271583,34.0,0.106,0.992,0.008000000000000007,0.2587825890748772,"terra",82860.0,4235.804629811814,0.051120017255754456
102,"86BU6KpcWdap","X1VSjTuWha0u","d6HL2te5yWqs",308,431.5,309.0,669,21.142977484613876,441,736,421,716,18.673395619494492,-0.7632991016805604,66.18376618407356,725.5876623376623,2025-12-11T03:40:00,67260000 milliseconds,4965.462473898775,0.09794777539991666,0.04133545310015898,0.04120443740095087,0.05550125994463334,0.009624969492023754,44.0,0.143,0.999,0.0010000000000000009,0.3896138953376836,"aqua",67260.0,4965.462473898775,0.07382489553819171
102,"86BU6KpcWdap","d6HL2te5yWqs","H0P5JUGcEQYD",306,423.11764705882354,310.0,667,21.440169031813998,432,731,413,710,18.357580724820068,-0.620236310413012,67.59797974644665,720.5751633986928,2025-12-11T09:38:00,21480000 milliseconds,2441.682135890395,0.1492470743209288,0.006514657980456026,0.0032310177705977385,0.013958176955546008,0.0170567954643147,50.0,0.163,0.999,0.0010000000000000009,0.3540077224918433,"terra",21480.0,2441.682135890395,0.11367235269508356
103,"8H5olMxJxAkd",NA,"2P74YfqZFo3K",829,465.22195416164055,856.0,903,36.814423119554185,485,694,451,658,30.433129261691747,-0.7251033028610887,119.05382386916236,676.0506634499396,2025-12-09T04:00:00,NA,NA,NA,NA,NA,NA,NA,NA,NA,NA,NA,NA,"aqua",NaN,NaN,NaN
103,"8H5olMxJxAkd","2P74YfqZFo3K","CCb7bIqKmaRm",814,477.96928746928745,860.0,660,37.58337877148025,497,705,463,671,28.832981452154076,-0.9140588344655115,126.84671708797583,687.3697788697789,2025-12-09T09:58:00,21480000 milliseconds,4261.872243685035,0.2605056383670559,0.018259281801582473,0.004662004662004662,0.020671461585714646,0.0539987453289673,139.0,0.171,0.978,0.02200000000000002,0.551097131745325,"terra",21480.0,4261.872243685035,0.19841118452909845
103,"8H5olMxJxAkd","CCb7bIqKmaRm","5KYfXWp9S9rE",839,469.3432657926102,881.0,866,37.24064255336186,490,689,454,653,30.573901117542412,-0.8867756034923865,123.43250352560274,670.6483909415971,2025-12-10T08:59:00,82860000 milliseconds,4703.808724130169,0.07538759073852343,0.030248033877797943,0.024124066628374498,0.009161127992050292,0.058610032712821766,84.0,0.1,0.993,0.007000000000000006,0.30453085194956797,"terra",82860.0,4703.808724130169,0.05676814776888932
103,"8H5olMxJxAkd","5KYfXWp9S9rE","mnEtAhoHDcxU",776,492.1855670103093,834.0,727,34.53613393698443,510,679,478,643,29.897337900077535,-0.22403656495414898,120.05382386916237,661.2925257731958,2025-12-11T03:40:00,67260000 milliseconds,6171.015607101272,0.12172828892595466,0.07801857585139318,0.05481049562682216,0.0753588764672701,0.022376363655050715,215.0,0.277,0.99,0.010000000000000009,0.6392926005264908,"aqua",67260.0,6171.015607101272,0.09174867093519583
103,"8H5olMxJxAkd","mnEtAhoHDcxU","RRDkRg0NbpXT",821,503.584652862363,873.0,605,37.1078385741431,520,677,489,639,29.083408266589934,-0.27704852136299757,126.12489168102785,656.9902557856273,2025-12-12T08:40:00,104400000 milliseconds,3045.9879894340556,0.03877769560068817,0.056355666875391355,0.04569420035149385,0.07179123510381129,0.02759984185983684,153.0,0.186,0.855,0.14500000000000002,0.5712186397912216,"terra",104400.0,3045.9879894340556,0.02917613016699287
104,"8SIn3kvctkDp",NA,"dt8xHcm4dZVQ",467,208.31905781584584,492.0,378,25.060556705991168,221,230,196,206,24.262628564770154,1.1623575611196555,88.66904755831213,218.25695931477517,2025-12-10T08:59:00,NA,NA,NA,NA,NA,NA,NA,NA,NA,NA,NA,NA,"terra",NaN,NaN,NaN
104,"8SIn3kvctkDp","dt8xHcm4dZVQ","35b7NUePb5Aj",435,212.1126436781609,491.0,142,25.406679965050554,225,119,198,93,24.293785020333786,0.6984148716144056,107.81118318204308,106.35632183908046,2025-12-12T02:40:00,150060000 milliseconds,27991.230726293554,0.24816020857567758,0.07095343680709534,0.002034587995930824,0.013716750981057485,0.0012833095883008322,149.0,0.343,0.958,0.04200000000000004,0.721148293948062,"aqua",150060.0,27991.230726293554,0.18653359140539486
105,"8TO4QJ9pXnTu",NA,"wJSd2B7GzmbI",394,353.48730964467006,470.0,707,35.94108776930947,370,1013,337,994,15.85256731888819,1.3606230085838364,97.49747468305833,1003.8451776649746,2025-12-09T04:00:00,NA,NA,NA,NA,NA,NA,NA,NA,NA,NA,NA,NA,"aqua",NaN,NaN,NaN
105,"8TO4QJ9pXnTu","wJSd2B7GzmbI","OI6f9UDKtK0P",407,281.84766584766584,447.0,522,35.96888610846199,299,989,264,970,15.376372597304076,1.3469352152196923,95.1543289325507,979.4963144963145,2025-12-10T08:59:00,104340000 milliseconds,18916.107060134917,0.24095416929029892,0.03245942571785269,0.05016357688113413,0.0007731427965686191,0.03049701481139326,99.0,0.243,0.989,0.01100000000000001,0.6088473294972476,"terra",104340.0,18916.107060134917,0.1812929562980153
105,"8TO4QJ9pXnTu","OI6f9UDKtK0P","24TBlGsm19y9",430,442.10697674418606,468.0,483,40.73221014991049,462,949,425,929,14.295637822019634,1.2387860071621066,101.98275605729688,939.2976744186046,2025-12-12T02:40:00,150060000 milliseconds,41306.00546010591,0.36620422412434867,0.054958183990442055,0.04590163934426229,0.12420484905203828,0.07284540278946658,128.0,0.298,0.982,0.018000000000000016,0.9801142993005578,"aqua",150060.0,41306.00546010591,0.2752632644282681
106,"8WpTGvmcgphx",NA,"hRfo57T72cRj",383,1143.33681462141,393.0,2097,25.690984280588243,1153,871,1133,846,19.304855758035043,-0.4472511019925154,77.35533905932738,858.9242819843342,2025-12-09T04:00:00,NA,NA,NA,NA,NA,NA,NA,NA,NA,NA,NA,NA,"aqua",NaN,NaN,NaN
106,"8WpTGvmcgphx","hRfo57T72cRj","rMNhZWsgEmPk",394,1135.0583756345177,405.0,1965,26.138759079490036,1146,866,1124,838,19.788004947311872,-0.3467175407214087,82.66904755831213,852.2791878172588,2025-12-10T03:01:00,82860000 milliseconds,2653.8866374267695,0.042533642718595555,0.028314028314028315,0.03007518796992481,0.01727868092230188,0.024718026798726818,42.0,0.107,0.993,0.007000000000000006,0.2569195667235774,"aqua",82860.0,2653.8866374267695,0.03202856188060306
106,"8WpTGvmcgphx","rMNhZWsgEmPk","3fP6UrbyabXf",386,1136.7331606217617,393.0,2053,25.80060098206399,1147,867,1126,840,19.522180553655947,-0.3650932757041731,79.84062043356595,853.8886010362694,2025-12-10T08:59:00,21480000 milliseconds,580.684706995969,0.035494175244252385,0.020512820512820513,0.03007518796992481,0.013021265453609371,0.01352445379070426,41.0,0.106,0.993,0.007000000000000006,0.22562790297131136,"terra",21480.0,580.684706995969,0.027033738686963175
106,"8WpTGvmcgphx","3fP6UrbyabXf","xjRmtsT8gDDH",348,1160.6695402298851,379.0,1322,24.093752642652742,1171,847,1149,822,19.77331573838176,0.33009941451679387,88.32590180780451,833.9913793103449,2025-12-11T03:40:00,67260000 milliseconds,7781.587647914416,0.1534981289656656,0.10354223433242507,0.03626943005181347,0.06841849690044717,0.012781881305654932,115.0,0.33,0.976,0.02400000000000002,0.7285101715560063,"aqua",67260.0,7781.587647914416,0.11569413690030354
107,"8ZJRlCK3B6T0",NA,"JG7SBhPy58h1",622,111.17041800643086,643.0,180,32.88772854692104,123,546,99,513,24.820162574283614,-0.008676320256436634,103.49747468305833,529.0096463022508,2025-12-10T08:59:00,NA,NA,NA,NA,NA,NA,NA,NA,NA,NA,NA,NA,"terra",NaN,NaN,NaN
107,"8ZJRlCK3B6T0","JG7SBhPy58h1","6HjuWI8oZVHo",556,112.69964028776978,598.0,167,32.14218078188014,125,537,99,506,23.738290258745316,-0.5823959030004645,114.39696961966999,520.9388489208633,2025-12-11T09:38:00,88740000 milliseconds,2053.5988404072855,0.030740196697961013,0.11205432937181664,0.072522159548751,0.022929380426206437,0.04455958756587156,192.0,0.345,0.985,0.015000000000000013,0.6428056536106066,"terra",88740.0,2053.5988404072855,0.023141749384801503
108,"8aZPSEGcF5Qi",NA,"516JX0H6AWQF",1950,62.47948717948718,2157.0,88,64.93913621309848,88,588,40,524,39.87080728095726,0.426572918849097,228.48632739476508,554.7169230769231,2025-12-09T04:00:00,NA,NA,NA,NA,NA,NA,NA,NA,NA,NA,NA,NA,"aqua",NaN,NaN,NaN
108,"8aZPSEGcF5Qi","516JX0H6AWQF","Cf9NOXtMGYb2",1759,59.86355884025014,1903.0,78,60.437404814946,89,576,38,520,39.09726389215066,0.5544973208680241,200.65180361560903,549.9539511085844,2025-12-10T03:01:00,82860000 milliseconds,1358.5144240861805,0.02177280910467474,0.10299272040981397,0.12512315270935961,0.07181138291485523,0.01959129499594582,418.0,0.238,0.956,0.04400000000000004,0.6232913601346494,"aqua",82860.0,1358.5144240861805,0.016395298383854458
108,"8aZPSEGcF5Qi","Cf9NOXtMGYb2","KSt0hdyILZZm",1806,65.3765227021041,1895.0,88,58.05879541623004,88,574,41,519,40.574175280031035,0.37610854876341127,182.16652224137047,547.9889258028793,2025-12-10T08:59:00,21480000 milliseconds,1463.1749509664162,0.0894361216972137,0.026367461430575036,0.00421274354923644,0.04014659363043699,0.037075052320532466,263.0,0.146,0.981,0.019000000000000017,0.3622379726279946,"terra",21480.0,1463.1749509664162,0.06811801447702123
108,"8aZPSEGcF5Qi","KSt0hdyILZZm","MMYCwhjS2777",1668,71.70443645083932,1721.0,98,57.72749323465626,94,587,51,532,37.546535353391626,0.4134231628210273,168.61017305526642,561.1666666666666,2025-12-11T03:40:00,67260000 milliseconds,3654.580573442756,0.07208956649458045,0.07944732297063903,0.09623893805309734,0.005722649640713684,0.0775118378235562,187.0,0.112,0.986,0.014000000000000012,0.4570103149825867,"aqua",67260.0,3654.580573442756,0.054335125980415636
108,"8aZPSEGcF5Qi","MMYCwhjS2777","GBMRKmL6O6SM",1733,66.17888055395268,1865.0,79,56.414861035104266,89,570,37,516,40.825859093986246,0.5211285785381747,199.48023074035524,543.798615118292,2025-12-11T09:38:00,21480000 milliseconds,4556.458208936914,0.2785121154606916,0.03822405174948545,0.08031232571109871,0.022999914588230013,0.08368568457600155,239.0,0.138,0.974,0.026000000000000023,0.6677340920855074,"terra",21480.0,4556.458208936914,0.2121256149411971
109,"8g2CwtrtC9js",NA,"Knk3bxfKJD08",305,421.74754098360654,318.0,857,25.666510377987453,430,660,414,635,15.487727642450976,0.16329525229818537,72.94112549695427,646.8688524590164,2025-12-09T04:00:00,NA,NA,NA,NA,NA,NA,NA,NA,NA,NA,NA,NA,"aqua",NaN,NaN,NaN
109,"8g2CwtrtC9js","Knk3bxfKJD08","zQfGYDh4z1On",307,481.7654723127036,319.0,736,23.8330525504135,495,690,470,674,17.377423497008643,1.4998338118759205,69.698484809835,683.1530944625407,2025-12-10T03:01:00,82860000 milliseconds,17533.35802619276,0.2810058181936495,0.006535947712418301,0.0031397174254317113,0.07407975824861224,0.11499693681851347,66.0,0.215,0.989,0.01100000000000001,0.7057581783986252,"aqua",82860.0,17533.35802619276,0.21160219679209222
109,"8g2CwtrtC9js","zQfGYDh4z1On","8dpPSsfmbUib",306,425.8529411764706,325.0,457,24.469158813718614,437,790,414,773,16.617985535218477,-1.1118992114539739,75.35533905932738,781.7320261437909,2025-12-12T02:40:00,171540000 milliseconds,28332.861783489167,0.21979645307388515,0.0032626427406199023,0.018633540372670808,0.02633859797886898,0.04467885419882612,93.0,0.304,0.981,0.019000000000000017,0.635710088364871,"aqua",171540.0,28332.861783489167,0.1651676680860975
110,"8piKiAsjnvnp",NA,"YpPMS3aI8RR6",359,431.99721448467966,404.0,868,26.89019905726864,442,325,422,298,18.149657943039895,0.24504321756214476,87.08326112068524,310.8635097493036,2025-12-09T04:00:00,NA,NA,NA,NA,NA,NA,NA,NA,NA,NA,NA,NA,"aqua",NaN,NaN,NaN
110,"8piKiAsjnvnp","YpPMS3aI8RR6","GV0m7ZcAXWsI",325,452.72615384615386,345.0,710,24.644627281902856,463,382,443,359,17.74675549928701,-0.4020008929571012,75.35533905932738,370.4307692307692,2025-12-10T03:01:00,82860000 milliseconds,15767.742643574431,0.25270843246373,0.09941520467836257,0.157543391188251,0.08714773813679969,0.022448061247133267,74.0,0.228,0.978,0.02200000000000002,0.8692628277142764,"aqua",82860.0,15767.742643574431,0.19029378039553985
111,"8xLumxEJUZyo",NA,"9nUIk80PPdP1",624,1066.190705128205,685.0,1814,35.78134884855541,1081,359,1050,326,24.016320003645397,-0.9193350685880514,127.05382386916237,342.1378205128205,2025-12-10T03:01:00,NA,NA,NA,NA,NA,NA,NA,NA,NA,NA,NA,NA,"aqua",NaN,NaN,NaN
111,"8xLumxEJUZyo","9nUIk80PPdP1","tu3UJ6k5mFeX",647,986.3153013910355,667.0,1115,37.53366616509239,1007,192,969,168,22.64504431115025,-1.5376862386572527,106.9116882454314,178.9938176197836,2025-12-12T02:40:00,171540000 milliseconds,45412.03433709716,0.35229071282802965,0.03619197482297404,0.026627218934911243,0.047802413085799196,0.05877563644491786,124.0,0.192,0.966,0.03400000000000003,0.7476879561166321,"aqua",171540.0,45412.03433709716,0.26473145818524635
112,"8xmjWzdeZz5N",NA,"PGDrfY7xeEhD",1336,525.2627245508982,1509.0,776,53.5677780730431,553,651,498,615,33.5269419769003,1.3381809584773698,172.4386001800126,634.4850299401197,2025-12-10T03:01:00,NA,NA,NA,NA,NA,NA,NA,NA,NA,NA,NA,NA,"aqua",NaN,NaN,NaN
112,"8xmjWzdeZz5N","PGDrfY7xeEhD","ELMf1YLzLtYk",1395,331.4121863799283,1586.0,503,57.0446867436333,348,795,311,739,34.298066029511,0.09547658966286224,183.03048327204937,764.2035842293907,2025-12-11T09:38:00,110220000 milliseconds,58312.163437438794,0.7032764088215497,0.04320761625778103,0.04975767366720517,0.06286648934824215,0.02273863506327371,376.0,0.27,0.986,0.014000000000000012,1.1658468231580517,"terra",110220.0,58312.163437438794,0.5290524717604681
113,"98CF5ZV6ilFI",NA,"MPPpcxW5wNGi",471,269.859872611465,507.0,410,28.179235427312527,283,98,258,70,22.00091324393269,-0.5832057147045463,91.1543289325507,82.48195329087049,2025-12-11T09:38:00,NA,NA,NA,NA,NA,NA,NA,NA,NA,NA,NA,NA,"terra",NaN,NaN,NaN
113,"98CF5ZV6ilFI","MPPpcxW5wNGi","pxkBy2HRp9gh",493,266.40973630831644,526.0,286,28.624922935225985,282,110,253,85,22.989216975285142,-1.3412305286903985,96.08326112068524,97.21298174442191,2025-12-12T08:40:00,82920000 milliseconds,3782.41523211067,0.060576797439312456,0.04564315352697095,0.036786060019361085,0.01569207328340182,0.043934246312996535,109.0,0.221,0.982,0.018000000000000016,0.4416323305820429,"terra",82920.0,3782.41523211067,0.045615234347692594
114,"98GmBwTNeVpp",NA,"Jz93Tdrm2DIS",313,807.9840255591055,333.0,1442,27.827649837354706,819,257,799,232,15.535524232915238,0.3978826399384297,76.76955262170047,245.92651757188497,2025-12-10T08:59:00,NA,NA,NA,NA,NA,NA,NA,NA,NA,NA,NA,NA,"terra",NaN,NaN,NaN
114,"98GmBwTNeVpp","Jz93Tdrm2DIS","qajNFDLLbPEM",319,776.2382445141066,324.0,791,28.142217241912487,788,339,762,322,14.966260656139356,-1.3272940971584584,73.11269837220809,330.8526645768025,2025-12-12T08:40:00,171660000 milliseconds,22666.391777334506,0.17571527405972717,0.0189873417721519,0.0273972602739726,0.011240598592534658,0.03732657474613289,129.0,0.404,0.989,0.01100000000000001,0.6856670494445192,"terra",171660.0,22666.391777334506,0.1320423615130753
115,"98pXwjC2MhDt",NA,"nHqA4oOaxMPi",1419,372.36504580690627,1471.0,453,48.17306295764627,393,1072,353,1026,37.845609773300836,-0.43538754055304846,157.6812408671319,1048.966878083157,2025-12-09T09:58:00,NA,NA,NA,NA,NA,NA,NA,NA,NA,NA,NA,NA,"terra",NaN,NaN,NaN
115,"98pXwjC2MhDt","nHqA4oOaxMPi","Bp8f7kLTVmiu",1492,537.8981233243968,1528.0,804,46.842733767245,564,1171,517,1131,41.34828876342707,1.543964000775441,151.63961030678928,1151.3016085790885,2025-12-10T03:01:00,61380000 milliseconds,48652.84987675853,1.0511580398997198,0.05015458605290278,0.038012670890296765,0.028002274069292024,0.08845830436044995,246.0,0.165,0.995,0.0050000000000000044,1.4257858752726613,"aqua",61380.0,48652.84987675853,0.7926498839484936
115,"98pXwjC2MhDt","Bp8f7kLTVmiu","1PEm45fpcZd3",1415,547.7752650176678,1500.0,772,49.126011215584484,574,1177,522,1139,37.71871861330137,1.3156819987051096,159.7817459305202,1157.7194346289753,2025-12-11T03:40:00,88740000 milliseconds,2944.76674835587,0.04408003515239682,0.052975576195390436,0.018494055482166448,0.04758377216974134,0.09180997916949066,291.0,0.206,0.993,0.007000000000000006,0.4679434181691857,"aqua",88740.0,2944.76674835587,0.03318420946986556
116,"9Bc4aCITTTkt",NA,"ey0uDRG2z8Mu",379,1085.311345646438,396.0,1981,23.562897086028315,1096,22,1075,1,20.969275035179336,-0.6657124126672533,77.69848480983498,11.12664907651715,2025-12-09T04:00:00,NA,NA,NA,NA,NA,NA,NA,NA,NA,NA,NA,NA,"aqua",NaN,NaN,NaN
116,"9Bc4aCITTTkt","ey0uDRG2z8Mu","A6CmeVpYxTDT",375,1170.776,415.0,1678,28.17925830042591,1180,28,1159,1,18.498822949765376,-0.10517550929281091,89.25483399593905,12.658666666666667,2025-12-09T09:58:00,21480000 milliseconds,21369.59613222482,1.3062100325320793,0.010610079575596816,0.0468557336621455,0.1784371439465056,0.1251872885466295,126.0,0.336,0.974,0.026000000000000023,2.029300278262957,"terra",21480.0,21369.59613222482,0.9948601551315093
116,"9Bc4aCITTTkt","A6CmeVpYxTDT","YjOOLSFACKId",338,1162.4112426035504,372.0,2086,22.764768895308638,1175,85,1152,64,21.253145224086953,-0.7175636833897777,93.7401153701776,74.98816568047337,2025-12-10T08:59:00,82860000 milliseconds,15722.069706334767,0.2519764357133547,0.10378681626928471,0.10927573062261753,0.21256621053196273,0.13857539140078548,136.0,0.402,0.984,0.016000000000000014,1.2341805845380052,"terra",82860.0,15722.069706334767,0.18974257429803001
116,"9Bc4aCITTTkt","YjOOLSFACKId","nN1Ir0TIQkhE",351,1189.4216524216524,379.0,1829,27.250604977799043,1200,84,1176,64,17.41875945270286,1.19297830217009,85.01219330881976,73.07122507122507,2025-12-11T09:38:00,88740000 milliseconds,6769.586858891434,0.10133353579659357,0.03773584905660377,0.018641810918774968,0.179378288518697,0.19830343519053106,133.0,0.379,0.98,0.020000000000000018,0.9343929194812004,"terra",88740.0,6769.586858891434,0.0762856305937732
117,"9Gj8SGWxEnuI",NA,"DwmpqI1Gpwdd",702,511.82336182336184,797.0,965,37.06999974699146,532,838,493,810,27.614241734818567,-1.4109012266880394,143.78174593052023,824.934472934473,2025-12-09T04:00:00,NA,NA,NA,NA,NA,NA,NA,NA,NA,NA,NA,NA,"aqua",NaN,NaN,NaN
117,"9Gj8SGWxEnuI","DwmpqI1Gpwdd","A3Qv9oEHqbvl",734,638.5585831062671,830.0,949,36.235867404600334,654,756,623,717,28.192133238417632,-0.3105236506331139,132.12489168102783,734.5463215258856,2025-12-10T03:01:00,82860000 milliseconds,38916.44433003922,0.6237109436659865,0.04456824512534819,0.040565457897971724,0.022757587483855753,0.020710590998831685,182.0,0.248,0.975,0.025000000000000022,1.0253128251719938,"aqua",82860.0,38916.44433003922,0.4696650293270483
118,"9IWAoBWXYFrF",NA,"5B6gn18GkEbB",2939,1016.1884994896224,3054.0,1827,79.44620412114465,1046,801,983,724,48.4135769083046,0.4907485577794165,233.62236636408616,758.7972099353522,2025-12-09T04:00:00,NA,NA,NA,NA,NA,NA,NA,NA,NA,NA,NA,NA,"aqua",NaN,NaN,NaN
118,"9IWAoBWXYFrF","5B6gn18GkEbB","7VMzZhEu1Exb",2978,1030.2777031564808,3134.0,1493,79.4876424157715,1061,823,997,747,48.98668883503671,0.46855608008540356,238.20815280171306,782.0194761584956,2025-12-09T09:58:00,21480000 milliseconds,6790.5233068997,0.4150686617909352,0.013182355923609938,0.025856496444731737,0.0005214533660359427,0.011768179939925695,154.0,0.052,0.992,0.008000000000000007,0.5263971474652386,"terra",21480.0,6790.5233068997,0.3161323699673976
118,"9IWAoBWXYFrF","7VMzZhEu1Exb","jBHAYjGdc9Z7",2947,1017.91007804547,3057.0,1681,79.40738098564553,1047,778,984,702,48.58279146616173,0.5235312574578861,233.03657992645927,737.1642348150662,2025-12-10T03:01:00,61380000 milliseconds,11632.258021510197,0.2513180948797709,0.010464135021097047,0.02487481828460669,0.0010102447314942972,0.008279174340749627,143.0,0.049,0.991,0.009000000000000008,0.3539464672577186,"aqua",61380.0,11632.258021510197,0.1895121867303714
118,"9IWAoBWXYFrF","jBHAYjGdc9Z7","mBYOPv8AIzAr",2938,1013.8502382573179,3071.0,1795,78.97339725752887,1043,787,980,711,48.71439606183804,0.5062722156445713,235.86500705120545,745.7345132743363,2025-12-10T08:59:00,21480000 milliseconds,2370.811727748712,0.14491514228292862,0.003058623619371283,0.0045691906005221935,0.005480257553101916,0.00270520862976507,126.0,0.043,0.996,0.0040000000000000036,0.20772842268568908,"terra",21480.0,2370.811727748712,0.11037298546316165
118,"9IWAoBWXYFrF","mBYOPv8AIzAr","LvzxmbL4Dez8",2999,1023.5808602867622,3117.0,1593,79.9136768912751,1052,772,990,696,49.27085454777499,0.5074935600600705,235.62236636408616,730.2274091363788,2025-12-11T09:38:00,88740000 milliseconds,4576.811689275129,0.06851001705374042,0.020549098871483915,0.014867485455720749,0.0118358228796588,0.011358005056372392,135.0,0.045,0.998,0.0020000000000000018,0.1741204293169763,"terra",88740.0,4576.811689275129,0.051575520501184684
119,"9J3Gq13ZPD7L",NA,"f6PQ4RAZ81Vb",695,998.7007194244604,714.0,1800,31.93861021473429,1013,900,983,869,28.499339485205798,-0.38687052228028856,107.49747468305831,885.4287769784173,2025-12-10T08:59:00,NA,NA,NA,NA,NA,NA,NA,NA,NA,NA,NA,NA,"terra",NaN,NaN,NaN
119,"9J3Gq13ZPD7L","f6PQ4RAZ81Vb","SgQxjyFCfcli",616,978.849025974026,641.0,958,30.172297023713824,993,961,964,934,26.452860809108923,1.2315030513607605,101.49747468305833,947.8587662337662,2025-12-12T08:40:00,171660000 milliseconds,16377.56333233252,0.1269627763272415,0.12051868802440885,0.1077490774907749,0.056876103394834204,0.0744821377537671,155.0,0.252,0.984,0.016000000000000014,0.7545887829910266,"terra",171660.0,16377.56333233252,0.09540698667326412
120,"9OlpeHur5dTj",NA,"nitECLLrSJKR",559,438.66010733452595,585.0,875,32.532223158023854,453,819,425,791,22.723263482280572,0.7447703822973688,100.91168824543142,804.9463327370304,2025-12-09T04:00:00,NA,NA,NA,NA,NA,NA,NA,NA,NA,NA,NA,NA,"aqua",NaN,NaN,NaN
120,"9OlpeHur5dTj","nitECLLrSJKR","yecVD5r8URBp",567,521.1446208112875,593.0,726,33.47179588213986,536,848,506,820,22.245237656612332,-0.6844089146228883,97.91168824543142,834.8165784832452,2025-12-09T09:58:00,21480000 milliseconds,21931.60753404393,1.3405628077043967,0.014209591474245116,0.013582342954159592,0.0284701670528357,0.021260474045678136,135.0,0.238,0.991,0.009000000000000008,1.665085383231315,"terra",21480.0,21931.60753404393,1.0210245593130323
120,"9OlpeHur5dTj","yecVD5r8URBp","wBrhJYZ0c5ad",551,540.3811252268603,639.0,808,37.45799743303476,557,914,521,886,21.238575527383702,1.2434541173401101,121.29646455628166,897.7350272232305,2025-12-10T03:01:00,61380000 milliseconds,16448.355339471855,0.35537118590195216,0.028622540250447227,0.07467532467532467,0.11239851026161392,0.046300545215253855,174.0,0.316,0.95,0.050000000000000044,0.9833681063045918,"aqua",61380.0,16448.355339471855,0.267975811982272
120,"9OlpeHur5dTj","wBrhJYZ0c5ad","LJ6DahAEc5Vg",614,524.6123778501628,663.0,750,36.461616249166006,541,827,505,800,22.988990649635102,-0.9708530509814702,112.49747468305831,814.6921824104235,2025-12-11T03:40:00,88740000 milliseconds,21131.681588958523,0.31631886219532257,0.10815450643776824,0.03686635944700461,0.026958506253900415,0.07915493768051556,183.0,0.298,0.981,0.019000000000000017,0.8844531720145115,"aqua",88740.0,21131.681588958523,0.23813028610500928
121,"9YlzJ3u4Vu9T",NA,"ErGFaUviPLAn",3534,1109.417091114884,3750.0,1997,89.2827718265403,1138,937,1082,848,51.53011110279039,0.05901200693637632,259.62236636408613,890.2176004527448,2025-12-09T04:00:00,NA,NA,NA,NA,NA,NA,NA,NA,NA,NA,NA,NA,"aqua",NaN,NaN,NaN
121,"9YlzJ3u4Vu9T","ErGFaUviPLAn","tlnhGxwDK0Gs",3568,1103.080437219731,3785.0,1870,89.38058921390534,1133,934,1076,846,51.89599038796281,0.1363253969477034,261.6223663640862,887.1989910313902,2025-12-10T03:01:00,82860000 milliseconds,1754.729064301098,0.02812291152017146,0.009574767671078569,0.0092899800928998,0.0010949910132150343,0.007075182761386979,106.0,0.03,0.996,0.0040000000000000036,0.08915783305875186,"aqua",82860.0,1754.729064301098,0.0211770343265882
121,"9YlzJ3u4Vu9T","tlnhGxwDK0Gs","DbAl2mpk8mG7",3640,1103.9508241758242,4122.0,1967,93.25385101693809,1134,943,1078,845,52.26958633593623,0.05964467104122392,302.14927829866735,888.4804945054946,2025-12-10T08:59:00,21480000 milliseconds,387.2841824389726,0.02367262728844576,0.01997780244173141,0.08524092576198306,0.04241545896970015,0.007173117256647516,381.0,0.105,0.967,0.03300000000000003,0.3164799317185079,"terra",21480.0,387.2841824389726,0.01802998987146055
121,"9YlzJ3u4Vu9T","DbAl2mpk8mG7","qCxE3i4AAZr7",3584,1104.3406808035713,3802.0,1706,89.61910856333773,1134,931,1077,843,52.057165621149224,0.10587562362281774,259.86500705120545,884.5212053571429,2025-12-11T09:38:00,88740000 milliseconds,994.6091804841509,0.014888244599717848,0.015503875968992248,0.08076728924785462,0.03975155716780324,0.004072219460534663,397.0,0.111,0.964,0.03600000000000003,0.30198318644490263,"terra",88740.0,994.6091804841509,0.01120812689299246
121,"9YlzJ3u4Vu9T","qCxE3i4AAZr7","ETKtJ58Pegev",3309,1107.636748262315,3693.0,1313,86.32301797512451,1137,923,1082,836,52.261305640983906,0.10621363124389198,333.048773235279,877.3544877606528,2025-12-12T02:40:00,61320000 milliseconds,1972.0849024641088,0.042648894949483325,0.07979109241259248,0.029086057371581053,0.03746789530240978,0.003913784727955144,356.0,0.108,0.928,0.07199999999999995,0.3729077247640217,"aqua",61320.0,1972.0849024641088,0.0321605496161792
122,"9eJVW3y1LIG0",NA,"0yuoIEVLMK6y",429,696.4848484848485,443.0,1254,25.71811988899671,708,276,682,254,22.252286265259517,1.4210488844826714,83.01219330881976,264.24708624708626,2025-12-09T04:00:00,NA,NA,NA,NA,NA,NA,NA,NA,NA,NA,NA,NA,"aqua",NaN,NaN,NaN
122,"9eJVW3y1LIG0","0yuoIEVLMK6y","uZqQf0X2eywy",401,776.2967581047382,433.0,1379,24.494943231796952,788,249,765,226,22.2641870863642,-0.6352059596359463,85.01219330881975,237.5511221945137,2025-12-10T08:59:00,104340000 milliseconds,21039.568991945987,0.26800291690906297,0.06746987951807229,0.0228310502283105,0.04871945988466217,0.0005346704358487889,140.0,0.349,0.991,0.009000000000000008,0.7655579769759566,"terra",104340.0,21039.568991945987,0.20164432616394468
122,"9eJVW3y1LIG0","uZqQf0X2eywy","CPte3BK7Nxpl",410,823.2975609756097,445.0,883,26.473979488838523,835,207,810,184,21.16368289492981,-1.0711311298354458,97.15432893255071,195.71463414634147,2025-12-12T02:40:00,150060000 milliseconds,15730.87569620527,0.13946429980234293,0.02219482120838471,0.02733485193621868,0.07765658567628822,0.05068193268094507,132.0,0.322,0.988,0.01200000000000001,0.6513324913041796,"aqua",150060.0,15730.87569620527,0.10483057241240351
123,"9etTfutcDIdU",NA,"c4er0x3GGJnw",402,797.3507462686567,419.0,1450,30.216876382298256,813,811,783,793,17.51269388730169,1.3632182151027104,83.59797974644665,802.0895522388059,2025-12-09T04:00:00,NA,NA,NA,NA,NA,NA,NA,NA,NA,NA,NA,NA,"aqua",NaN,NaN,NaN
123,"9etTfutcDIdU","c4er0x3GGJnw","Z6gwZuX1bFkn",398,823.572864321608,401.0,1325,29.622238004419515,836,816,811,792,17.546974504557717,0.8432834582109011,81.84062043356595,803.4572864321608,2025-12-10T03:01:00,82860000 milliseconds,6564.441008220847,0.10520780524434405,0.01,0.04390243902439024,0.01987457147296053,0.0019555585565085554,41.0,0.103,0.994,0.006000000000000005,0.28994037429820335,"aqua",82860.0,6564.441008220847,0.07922328033092985
123,"9etTfutcDIdU","Z6gwZuX1bFkn","BbMPk6YGb29a",384,808.4114583333334,393.0,1436,28.33969913207441,822,808,795,787,17.68521515413217,1.0886492803261527,79.59797974644665,797.5572916666666,2025-12-10T08:59:00,21480000 milliseconds,4067.23316406673,0.2486083841116583,0.03580562659846547,0.020151133501259445,0.044254520663271374,0.00784740607459554,47.0,0.122,0.993,0.007000000000000006,0.4856670709492502,"terra",21480.0,4067.23316406673,0.1893497748634418
123,"9etTfutcDIdU","BbMPk6YGb29a","i5HYJuoZrUup",368,836.5298913043479,373.0,1309,27.20694262998654,846,832,827,806,17.76186787537797,0.43268082010276204,76.18376618407356,817.2119565217391,2025-12-11T09:38:00,88740000 milliseconds,8576.68395750456,0.12838386284716052,0.0425531914893617,0.05221932114882506,0.040785778083223714,0.0043249099612504525,30.0,0.082,0.991,0.009000000000000008,0.35926706352982146,"terra",88740.0,8576.68395750456,0.09664958257273563
123,"9etTfutcDIdU","i5HYJuoZrUup","B5xneYgScBSo",370,840.1648648648649,407.0,837,25.592539132658743,850,833,829,806,19.702948073910896,-0.2129988304493523,88.49747468305833,821.0594594594595,2025-12-12T08:40:00,82920000 milliseconds,1323.2609257395263,0.02119251963067787,0.005420054200542005,0.08717948717948718,0.061152247841567205,0.10362149923065463,110.0,0.297,0.966,0.03400000000000003,0.6095658080829289,"terra",82920.0,1323.2609257395263,0.01595828419849887
124,"9hN1qmeOcMRE",NA,"OBfMM7VmRUR8",417,1044.6378896882493,424.0,1534,28.931436423867506,1056,943,1035,915,19.337142723735102,0.2706756864160815,83.01219330881976,928.8920863309353,2025-12-09T09:58:00,NA,NA,NA,NA,NA,NA,NA,NA,NA,NA,NA,NA,"terra",NaN,NaN,NaN
124,"9hN1qmeOcMRE","OBfMM7VmRUR8","PhGj1UOgtssk",405,1148.032098765432,449.0,1316,29.32127244980196,1158,831,1136,805,18.803984376769307,-0.6632370552054002,94.84062043356593,817.9753086419753,2025-12-11T03:40:00,150120000 milliseconds,37908.519856687846,0.33594930748571294,0.029197080291970802,0.0572737686139748,0.013384305501736471,0.027957136429706826,76.0,0.188,0.96,0.040000000000000036,0.6917615983231018,"aqua",150120.0,37908.519856687846,0.2525214485524104
125,"9hvtZGg7ZVyG",NA,"fDOFtSJt8vbA",602,900.3455149501661,685.0,1648,36.4479457901734,914,141,886,106,23.5640906417921,0.2965516452873941,118.5685424949238,120.4468438538206,2025-12-09T04:00:00,NA,NA,NA,NA,NA,NA,NA,NA,NA,NA,NA,NA,"aqua",NaN,NaN,NaN
125,"9hvtZGg7ZVyG","fDOFtSJt8vbA","Tln1KxxCHK06",668,977.5598802395209,689.0,1620,37.043470132593924,998,210,960,186,23.73225476851685,1.4847383512512995,110.91168824543142,197.22904191616766,2025-12-10T03:01:00,82860000 milliseconds,27223.1107543795,0.43630276070806157,0.10393700787401575,0.005822416302765648,0.01620663678725053,0.007111083330683592,201.0,0.301,0.907,0.09299999999999997,0.9633799050027771,"aqua",82860.0,27223.1107543795,0.32854345588196354
125,"9hvtZGg7ZVyG","Tln1KxxCHK06","62JhCUdJMsSB",642,989.1105919003115,656.0,1777,35.73864712684536,1009,226,972,202,23.385553569682074,1.496252761226327,103.42640687119285,213.79595015576325,2025-12-10T08:59:00,21480000 milliseconds,5049.0183977303,0.3086197064627323,0.03969465648854962,0.04907063197026022,0.035855593513373404,0.014716355070942516,56.0,0.087,0.988,0.01200000000000001,0.5469569435058581,"terra",21480.0,5049.0183977303,0.23505672242692274
125,"9hvtZGg7ZVyG","62JhCUdJMsSB","wIuZKKL3mNWO",610,996.2508196721311,658.0,1198,32.96009226650505,1013,238,978,210,25.022324965926572,-1.2291979838915652,108.9827560572969,224.5327868852459,2025-12-11T03:40:00,67260000 milliseconds,3223.5705707048623,0.06358754454492282,0.051118210862619806,0.0030441400304414,0.08089099988956285,0.0676241738228828,125.0,0.205,0.996,0.0040000000000000036,0.47526506915042965,"aqua",67260.0,3223.5705707048623,0.04792700818770238
126,"9iRR2LcxmfKx",NA,"5qczChpEDWeg",328,15.810975609756097,374.0,22,23.023141778289695,28,28,5,6,20.327474259230705,0.9213765212318579,93.87615433949868,16.5609756097561,2025-12-09T04:00:00,NA,NA,NA,NA,NA,NA,NA,NA,NA,NA,NA,NA,"aqua",NaN,NaN,NaN
126,"9iRR2LcxmfKx","5qczChpEDWeg","1oQpO9Ol0xX2",396,28.252525252525253,402.0,36,22.9660719915224,40,53,17,29,22.275452832348186,-0.33979293401280614,76.42640687119284,41.75,2025-12-10T03:01:00,82860000 milliseconds,7023.527902903353,0.11256555658151059,0.1878453038674033,0.07216494845360824,0.0024818770354693336,0.09144810960665323,129.0,0.326,0.945,0.05500000000000005,0.8475057955446448,"aqua",82860.0,7023.527902903353,0.08476379318010321
126,"9iRR2LcxmfKx","1oQpO9Ol0xX2","zRVzxCXDRqBh",392,34.005102040816325,398.0,56,23.352266049838725,46,38,23,15,21.554860419334265,0.5297710764899829,75.25483399593904,26.82908163265306,2025-12-10T08:59:00,21480000 milliseconds,3997.858369100703,0.2443678709719256,0.01015228426395939,0.01,0.0166756440169102,0.03288100675330041,56.0,0.143,0.993,0.007000000000000006,0.4640768060060956,"terra",21480.0,3997.858369100703,0.1861200358054331
126,"9iRR2LcxmfKx","zRVzxCXDRqBh","Ke75PtgEM7YU",397,57.72544080604534,446.0,88,23.754133646016317,70,83,45,61,23.223214831953317,-0.9428316282680226,90.29036790187178,73.08060453400503,2025-12-11T09:38:00,88740000 milliseconds,12994.849561055702,0.19451911624961757,0.012674271229404309,0.11374407582938388,0.017062123141325648,0.074516575500689,119.0,0.3,0.95,0.050000000000000044,0.7625161619504205,"terra",88740.0,12994.849561055702,0.14643734010655513
126,"9iRR2LcxmfKx","Ke75PtgEM7YU","TZPlT2IrUPG3",396,14.318181818181818,403.0,16,23.527255482865154,27,54,3,32,21.648883269152797,1.569887333077156,77.25483399593904,42.87373737373738,2025-12-12T08:40:00,82920000 milliseconds,13220.82863438766,0.21173652521440842,0.0025220680958385876,0.10129564193168433,0.009596933056798712,0.07016973261438435,80.0,0.202,0.955,0.04500000000000004,0.6423209009131144,"terra",82920.0,13220.82863438766,0.15944076983101377
127,"A3NrhbrejfHI",NA,"sdSxQFLsALLH",2460,1072.9337398373984,2522.0,1931,77.55355954234342,1098,1030,1047,958,41.02252709146041,-0.43702704278516585,213.58073580374355,991.8715447154472,2025-12-09T04:00:00,NA,NA,NA,NA,NA,NA,NA,NA,NA,NA,NA,NA,"aqua",NaN,NaN,NaN
127,"A3NrhbrejfHI","sdSxQFLsALLH","HTBr4olnwY9K",2444,1091.0306873977086,2505.0,1584,76.23653509665473,1116,1044,1066,972,41.52406807416566,-0.42147937663740015,210.99494936611663,1006.4689034369885,2025-12-09T09:58:00,21480000 milliseconds,5812.606948725621,0.3552938232717372,0.0065252854812398045,0.006763477222995823,0.017127558816843542,0.012151706116985956,124.0,0.051,0.993,0.007000000000000006,0.4558618509098023,"terra",21480.0,5812.606948725621,0.2706055376501686
127,"A3NrhbrejfHI","HTBr4olnwY9K","HALs7Ur5dWna",2473,1072.99474322685,2547.0,1808,77.21574512262396,1098,1026,1048,953,41.423196954438616,-0.41481663841972327,215.23759005323595,987.3849575414476,2025-12-10T03:01:00,61380000 milliseconds,6564.546219457298,0.14182880456859237,0.011795810453528574,0.0166270783847981,0.012762404371834185,0.0024321747002088727,98.0,0.04,0.992,0.008000000000000007,0.2334462724789621,"aqua",61380.0,6564.546219457298,0.10694927043755781
127,"A3NrhbrejfHI","HALs7Ur5dWna","NK6LGi6lxMjI",2444,1072.462356792144,2503.0,1910,77.48008427811308,1098,1026,1047,954,40.77965446417226,-0.4367968500335158,209.82337649086284,988.0499181669394,2025-12-10T08:59:00,21480000 milliseconds,212.95656090406405,0.013016904700737412,0.011795810453528574,0.017425742574257427,0.003417534351289574,0.01565742499585985,101.0,0.041,0.989,0.01100000000000001,0.11331341707567286,"terra",21480.0,212.95656090406405,0.009914178813038363
127,"A3NrhbrejfHI","NK6LGi6lxMjI","fl1YjtYcDLqI",2486,1076.2429605792438,2560.0,1672,77.65667677038138,1102,1022,1050,950,41.42039966207169,-0.4489677816123784,216.65180361560903,983.8938053097345,2025-12-11T09:38:00,88740000 milliseconds,1404.5960067946924,0.02102531257832037,0.017038539553752535,0.0225162946869445,0.002276604088867075,0.015589897225988742,101.0,0.041,0.99,0.010000000000000009,0.12944664813387324,"terra",88740.0,1404.5960067946924,0.015828217340485604
127,"A3NrhbrejfHI","fl1YjtYcDLqI","9FQSBFe0NL8e",2406,1077.7502078137989,2454.0,1257,76.67708644669723,1105,1015,1051,945,40.65857672729989,-0.5101938273806803,208.65180361560903,977.3183707398172,2025-12-12T02:40:00,61320000 milliseconds,1686.4929218895647,0.036472597791729344,0.032706459525756335,0.04228161148783406,0.012694439677548767,0.01856316850633748,141.0,0.059,0.987,0.013000000000000012,0.214718276989206,"aqua",61320.0,1686.4929218895647,0.027503146149536282
128,"ACYKw4gOFYc7",NA,"IGQjRQ3cLkDn",359,592.3537604456825,379.0,1094,22.881146682283116,603,696,580,676,20.824197205267993,-1.1868614922871537,77.59797974644667,686.075208913649,2025-12-09T04:00:00,NA,NA,NA,NA,NA,NA,NA,NA,NA,NA,NA,NA,"aqua",NaN,NaN,NaN
128,"ACYKw4gOFYc7","IGQjRQ3cLkDn","3OZCa6kCFfbw",347,607.8530259365995,364.0,846,26.616850725299148,619,744,597,721,17.42742203099156,-0.8358110398438012,79.01219330881976,732.3602305475505,2025-12-09T09:58:00,21480000 milliseconds,12202.792862723722,0.7458919842740661,0.0339943342776204,0.040376850605652756,0.15094364372986874,0.17760164103361945,106.0,0.305,0.99,0.010000000000000009,1.4638084539208274,"terra",21480.0,12202.792862723722,0.5681002263837859
128,"ACYKw4gOFYc7","3OZCa6kCFfbw","kJ3SQH1EDsTa",359,520.7576601671309,374.0,949,27.06265001848927,536,686,509,667,17.81225246438724,-1.1253570144744018,79.94112549695427,675.6963788300835,2025-12-10T08:59:00,82860000 milliseconds,25976.425406001068,0.41632222783878625,0.0339943342776204,0.02710027100271003,0.016609666148644515,0.021840748469237014,88.0,0.245,0.989,0.01100000000000001,0.7718672477369982,"terra",82860.0,25976.425406001068,0.3134977722182123
128,"ACYKw4gOFYc7","kJ3SQH1EDsTa","AAcHqWzjoR8L",342,534.8187134502924,350.0,844,24.112857938568983,546,675,525,654,18.335119128045207,-0.7929983112215943,73.01219330881975,664.1315789473684,2025-12-11T09:38:00,88740000 milliseconds,4551.495741505987,0.06813106416444857,0.04850213980028531,0.06629834254143646,0.11528139915662307,0.02892971967939333,77.0,0.225,0.97,0.030000000000000027,0.5821426653421867,"terra",88740.0,4551.495741505987,0.051290238240996024
129,"ACq1i626gVqB",NA,"l6uHO1ePFFjH",1976,430.45344129554655,2018.0,798,57.31177300144495,456,348,409,293,44.51088731718519,0.49837293406057187,176.02438661763952,322.0101214574899,2025-12-10T08:59:00,NA,NA,NA,NA,NA,NA,NA,NA,NA,NA,NA,NA,"terra",NaN,NaN,NaN
129,"ACq1i626gVqB","l6uHO1ePFFjH","gYa9DBJ1LSsp",2145,358.35337995337994,2299.0,537,59.19889816695283,385,228,328,170,48.56304966214846,0.5608258284897444,222.30865786510142,199.1076923076923,2025-12-11T03:40:00,67260000 milliseconds,35622.5226651493,0.7026831574149186,0.08201892744479496,0.1301829974519342,0.03239403132062197,0.08707405051240119,537.0,0.25,0.956,0.04400000000000004,1.328353164144671,"aqua",67260.0,35622.5226651493,0.5296241847331148
130,"ADQTVwu7Vugx",NA,"sTLRZjOFKmfs",451,996.0709534368071,465.0,1828,25.195916880011513,1009,801,983,775,23.380843397393946,-0.21837151975104804,85.66904755831213,788.3946784922394,2025-12-09T04:00:00,NA,NA,NA,NA,NA,NA,NA,NA,NA,NA,NA,NA,"aqua",NaN,NaN,NaN
130,"ADQTVwu7Vugx","sTLRZjOFKmfs","G93o7LMqNq1g",478,992.7907949790795,487.0,1672,26.25548723632375,1006,816,979,792,23.581965531347905,1.4171196469099394,85.59797974644665,804.531380753138,2025-12-10T03:01:00,82860000 milliseconds,4116.677964122676,0.06597768994507053,0.0581270182992465,0.046218487394957986,0.04118722800709081,0.008565166289739091,82.0,0.172,0.993,0.007000000000000006,0.3990755899361049,"aqua",82860.0,4116.677964122676,0.049682331210749164
131,"AEZZKK7yKQED",NA,"zkjoyshzbAFf",14200,598.1605633802817,15461.0,770,170.8815473281659,655,485,536,309,109.23223062199003,0.23672633833925324,626.8965363437813,397.52535211267605,2025-12-09T09:58:00,NA,NA,NA,NA,NA,NA,NA,NA,NA,NA,NA,NA,"terra",NaN,NaN,NaN
131,"AEZZKK7yKQED","zkjoyshzbAFf","hTTa6C4Sbyrc",13470,585.0555308092056,15098.0,806,176.9043779765902,638,442,519,268,103.04784827863969,0.0977718665030806,630.9259735953042,355.4613956941351,2025-12-10T03:01:00,61380000 milliseconds,11014.531050701495,0.23797193584749907,0.052764727141308275,0.023757321901894696,0.03463527538181223,0.05826625254125049,2815.0,0.209,0.978,0.02200000000000002,0.6383955128137647,"aqua",61380.0,11014.531050701495,0.17944820871133096
131,"AEZZKK7yKQED","hTTa6C4Sbyrc","QmeaaGHDjjdU",14908,581.1089348001074,15629.0,964,174.55211789609933,638,457,518,280,111.04334548301709,0.17101292774595278,520.7005768508881,365.2876978803327,2025-12-10T08:59:00,21480000 milliseconds,2647.308004293018,0.1618158926829473,0.10134611318627106,0.03456243694470661,0.013385782354940192,0.07469244356943162,2220.0,0.149,0.948,0.052000000000000046,0.5868026687382968,"terra",21480.0,2647.308004293018,0.1232452515965092
131,"AEZZKK7yKQED","QmeaaGHDjjdU","B4ePA70KKkLu",14941,586.6666220467171,15610.0,840,174.89532240219935,645,445,524,270,111.0464156744118,0.22413455533543547,519.0437226013956,355.8627267251188,2025-12-11T09:38:00,88740000 milliseconds,2735.392668426942,0.04094592722740726,0.0022111293510670375,0.0012164281827203175,0.0019642696813406495,2.7648202949224107e-5,324.0,0.022,0.998,0.0020000000000000018,0.07036540264548449,"terra",88740.0,2735.392668426942,0.030824799058225622
132,"AF05gARav6Sm",NA,"0g76Cz9k6qbB",1059,100.29745042492918,1193.0,86,56.162154576226996,125,404,74,365,25.317405690701765,1.0036131864200732,164.6812408671319,384.36260623229464,2025-12-09T09:58:00,NA,NA,NA,NA,NA,NA,NA,NA,NA,NA,NA,NA,"terra",NaN,NaN,NaN
132,"AF05gARav6Sm","0g76Cz9k6qbB","mF0CCiRTTSLV",977,236.66427840327535,1138.0,404,52.157271981602456,253,487,220,434,26.550984768522245,0.24711721657796887,166.68124086713192,461.5240532241556,2025-12-10T03:01:00,61380000 milliseconds,39170.94002155299,0.8462988013730796,0.08055009823182711,0.04719004719004719,0.07394578649262731,0.047565735774671845,241.0,0.247,0.984,0.016000000000000014,1.3585504690622532,"aqua",61380.0,39170.94002155299,0.6381710658447864
132,"AF05gARav6Sm","mF0CCiRTTSLV","1ci8Fv5id9gq",1117,449.6445837063563,1171.0,712,56.448706835517015,463,597,434,540,25.8923319588312,0.13278073719390415,149.29646455628165,567.2542524619516,2025-12-11T09:38:00,110220000 milliseconds,59445.08257514747,0.7169400298516247,0.13371537726838587,0.02858380251190992,0.07902759867651234,0.025118655752278306,324.0,0.29,0.974,0.026000000000000023,1.2993854640607112,"terra",110220.0,59445.08257514747,0.5393311792337822
133,"AMUAZXOeTR2c",NA,"n7kTslVDLbwx",500,541.558,556.0,1007,29.478173849285106,556,578,526,551,24.038538776542218,1.195905471100484,107.39696961966999,562.266,2025-12-09T04:00:00,NA,NA,NA,NA,NA,NA,NA,NA,NA,NA,NA,NA,"aqua",NaN,NaN,NaN
133,"AMUAZXOeTR2c","n7kTslVDLbwx","RJossLsAwJW5",518,512.3204633204633,531.0,713,30.80389618825112,526,553,501,525,22.005880622390134,-0.6115881826944092,91.25483399593904,538.4710424710424,2025-12-09T09:58:00,21480000 milliseconds,9424.149679454325,0.576048268915301,0.03536345776031434,0.045998160073597055,0.04398396863745778,0.08829118406471716,140.0,0.27,0.962,0.038000000000000034,1.0976850394513873,"terra",21480.0,9424.149679454325,0.4387406740900524
133,"AMUAZXOeTR2c","RJossLsAwJW5","B2uXTGMzLSEm",498,502.85140562248995,507.0,916,29.73325952204021,517,532,490,506,21.883080926618394,-0.7011348262154553,88.66904755831213,519.3574297188756,2025-12-10T08:59:00,82860000 milliseconds,5332.642673474295,0.0854658654295103,0.03937007874015748,0.046242774566473986,0.035371224618962416,0.00559592623920324,42.0,0.084,0.994,0.006000000000000005,0.30204586959430746,"terra",82860.0,5332.642673474295,0.06435726132602336
133,"AMUAZXOeTR2c","B2uXTGMzLSEm","yLAv69NjdOe2",526,513.8973384030418,529.0,810,30.752927406783957,528,523,502,495,22.386256314372467,-0.6115030218644106,90.42640687119285,508.6197718631179,2025-12-11T09:38:00,88740000 milliseconds,3851.216749448996,0.05764863033379232,0.0546875,0.04247104247104247,0.03371572706157256,0.02273245632817658,63.0,0.12,0.994,0.006000000000000005,0.3372553561945839,"terra",88740.0,3851.216749448996,0.043398881557910704
133,"AMUAZXOeTR2c","yLAv69NjdOe2","mCFpLpM30tAh",537,482.6964618249534,565.0,539,28.160035433254706,496,511,469,485,25.4277881968094,1.170251316316187,99.25483399593904,497.9106145251397,2025-12-12T02:40:00,61320000 milliseconds,8246.896196943864,0.17834983124878598,0.020696142991533398,0.06581352833638025,0.08802449744615663,0.1272233676749782,113.0,0.21,0.977,0.02300000000000002,0.7131073676978344,"aqua",61320.0,8246.896196943864,0.13448950092863446
134,"ANAB38UtiAvG",NA,"5WWC3rymL0u7",741,1108.8960863697705,803.0,1997,34.52690458659476,1124,299,1095,263,28.925909183025198,-0.0984290702823842,131.12489168102786,281.64102564102564,2025-12-10T08:59:00,NA,NA,NA,NA,NA,NA,NA,NA,NA,NA,NA,NA,"terra",NaN,NaN,NaN
134,"ANAB38UtiAvG","5WWC3rymL0u7","IUJ3JPGMM0RB",747,956.2971887550201,814.0,937,33.265650120836554,971,185,938,154,30.390972867558453,1.03636235413857,124.05382386916236,169.30254350736277,2025-12-12T08:40:00,171660000 milliseconds,47372.43272815185,0.3672423948846998,0.008064516129032258,0.013605442176870748,0.03720923252417126,0.04939786562900907,132.0,0.177,0.987,0.013000000000000012,0.6655194513437831,"terra",171660.0,47372.43272815185,0.27596663595567894
135,"AOf69H9g8yhi",NA,"jKXieAptLKuy",1569,143.68068833652006,1777.0,262,72.91748694938217,157,733,127,662,29.253413635475287,0.03632011064339011,205.58073580374355,696.1720841300191,2025-12-09T04:00:00,NA,NA,NA,NA,NA,NA,NA,NA,NA,NA,NA,NA,"aqua",NaN,NaN,NaN
135,"AOf69H9g8yhi","jKXieAptLKuy","5DYz0iF8kxEt",1419,145.41649048625794,1521.0,233,70.01283706215182,158,724,130,654,26.870931101995144,0.006634488139582979,181.4386001800126,688.4411557434813,2025-12-10T03:01:00,82860000 milliseconds,1980.8499252342854,0.031746933652284405,0.10040160642570281,0.15524560339599758,0.04064427765511752,0.0849001460818667,230.0,0.162,0.973,0.027000000000000024,0.601938567210969,"aqua",82860.0,1980.8499252342854,0.023905985098169026
135,"AOf69H9g8yhi","5DYz0iF8kxEt","aPV6lIlfCfXn",1415,150.91872791519435,1589.0,257,69.41990364304533,164,726,135,658,27.55936116136054,0.021745745186914568,197.095454429505,690.9802120141343,2025-12-10T08:59:00,21480000 milliseconds,1514.9551039125486,0.09260116772081593,0.0028228652081863093,0.04372990353697749,0.008504938167429798,0.025295842838193583,212.0,0.15,0.979,0.02100000000000002,0.3439547174716031,"terra",21480.0,1514.9551039125486,0.07052863612255812
135,"AOf69H9g8yhi","aPV6lIlfCfXn","8dNzG7r1KIXK",1537,159.74105400130122,1754.0,236,74.36798973525507,173,735,142,661,28.472371537861715,0.0710559676832487,212.65180361560903,695.4346128822381,2025-12-11T03:40:00,67260000 milliseconds,2470.768158176794,0.048737906266432464,0.08265582655826559,0.09871373018247083,0.0688247942988011,0.03258904668903269,185.0,0.12,0.977,0.02300000000000002,0.4745213039950027,"aqua",67260.0,2470.768158176794,0.03673458456997909
136,"AT9iIwLH8lxR",NA,"aZQ4sU7YW1Ue",427,876.3348946135832,442.0,1281,24.20845327892335,889,581,864,556,23.470096640893264,0.9219173014542829,83.42640687119285,569.976580796253,2025-12-09T09:58:00,NA,NA,NA,NA,NA,NA,NA,NA,NA,NA,NA,NA,"terra",NaN,NaN,NaN
136,"AT9iIwLH8lxR","aZQ4sU7YW1Ue","ue2HrAMlcTM7",443,846.8013544018058,452.0,1385,25.80707369744761,859,547,835,520,22.912129611433443,0.20989747744689216,83.49747468305833,534.6794582392777,2025-12-10T03:01:00,61380000 milliseconds,11505.750894234377,0.2485848740247246,0.0367816091954023,0.02237136465324385,0.06392496551238985,0.02405951911080729,142.0,0.321,0.993,0.007000000000000006,0.7237223324965679,"aqua",61380.0,11505.750894234377,0.1874511387134959
136,"AT9iIwLH8lxR","ue2HrAMlcTM7","5E8hJrwJhYyN",445,848.0404494382022,452.0,1517,26.180643381477843,861,555,837,528,22.73371482897344,0.3378409963417347,83.25483399593905,542.9213483146067,2025-12-10T08:59:00,21480000 milliseconds,2083.628273634559,0.1273611414202053,0.0045045045045045045,0.0,0.014371459453127983,0.007817350501333491,54.0,0.121,1.0,0.0,0.2750544558791713,"terra",21480.0,2083.628273634559,0.09700317847460702
136,"AT9iIwLH8lxR","5E8hJrwJhYyN","1nWA2WQQaH41",443,848.1602708803612,454.0,1328,26.08642985832794,860,548,837,520,22.531523050737583,0.28779365885887853,84.08326112068522,535.1354401805869,2025-12-11T09:38:00,88740000 milliseconds,1946.7075192712662,0.029140146984077034,0.0045045045045045045,0.004415011037527594,0.003605081260917138,0.008933644788222105,40.0,0.09,0.999,0.0010000000000000009,0.14159838857524837,"terra",88740.0,1946.7075192712662,0.021937204409187134
136,"AT9iIwLH8lxR","1nWA2WQQaH41","lBnAtoHD9h7w",428,850.731308411215,441.0,849,25.2045937736957,866,558,839,533,22.967464284704505,0.8683275954299619,85.49747468305833,546.5443925233645,2025-12-12T08:40:00,82920000 milliseconds,2923.7649908212334,0.04682519203749573,0.03444316877152698,0.02905027932960894,0.03438559116927683,0.019162678534049012,87.0,0.203,0.993,0.007000000000000006,0.3738669098419575,"terra",82920.0,2923.7649908212334,0.035260069836242566
137,"AWRnynnOgJuG",NA,"DbAMm8aDpQ0g",624,1105.8461538461538,643.0,2022,32.719290204337916,1121,486,1093,454,24.861931950129904,0.5253943215375552,101.49747468305831,469.98237179487177,2025-12-09T04:00:00,NA,NA,NA,NA,NA,NA,NA,NA,NA,NA,NA,NA,"aqua",NaN,NaN,NaN
137,"AWRnynnOgJuG","DbAMm8aDpQ0g","QIlVVKcJG8N8",664,1095.3584337349398,682.0,1882,32.581047211250166,1111,466,1082,436,26.531159421449907,0.6323651102372411,102.91168824543142,451.0722891566265,2025-12-10T03:01:00,82860000 milliseconds,5405.919779027135,0.08664027212159844,0.062111801242236024,0.05886792452830188,0.004234066731016621,0.06495921637603919,59.0,0.089,0.999,0.0010000000000000009,0.3668132809991922,"aqua",82860.0,5405.919779027135,0.06524160969137262
137,"AWRnynnOgJuG","QIlVVKcJG8N8","HHBLN2oBcqwi",635,1100.148031496063,650.0,1984,32.61791327250847,1115,476,1087,445,25.422474321120852,0.5247358919081881,101.49747468305831,460.7511811023622,2025-12-10T08:59:00,21480000 milliseconds,2699.7823524612922,0.1650233711773406,0.044649730561970746,0.04804804804804805,0.0011308788049614654,0.04267979043862717,50.0,0.079,0.999,0.0010000000000000009,0.38153181903094807,"terra",21480.0,2699.7823524612922,0.12568819145536742
137,"AWRnynnOgJuG","HHBLN2oBcqwi","HGI2h0yOF9fW",676,1097.2973372781064,718.0,1713,32.72534501127267,1112,461,1083,431,27.17352739715976,0.4579095785213812,108.56854249492379,445.396449704142,2025-12-11T09:38:00,88740000 milliseconds,3904.2783731102204,0.058442906565529834,0.06254767353165523,0.09941520467836257,0.0032882271740303183,0.06658502619336176,85.0,0.126,0.989,0.01100000000000001,0.4272790381429397,"terra",88740.0,3904.2783731102204,0.043996826381679295
138,"AYmx8LIK6Fee",NA,"TJChKIPJcJRC",1245,522.5935742971888,1481.0,792,60.410904053534296,543,620,507,559,30.580263559040056,0.16938055241856192,187.82337649086284,594.5084337349398,2025-12-10T03:01:00,NA,NA,NA,NA,NA,NA,NA,NA,NA,NA,NA,NA,"aqua",NaN,NaN,NaN
138,"AYmx8LIK6Fee","TJChKIPJcJRC","SS11aHtED0dD",1360,470.4985294117647,1406.0,520,58.51914286037437,486,601,455,545,30.221566840223502,-0.002930755457695835,157.29646455628165,574.7205882352941,2025-12-12T02:40:00,171540000 milliseconds,13931.646822818975,0.10807685367378282,0.08829174664107485,0.05195704883962591,0.03181300675899564,0.011798878963383894,361.0,0.265,0.962,0.038000000000000034,0.5949375348768631,"aqua",171540.0,13931.646822818975,0.08121514995230836
139,"AceGjg4Ghgf4",NA,"vcbSy9t02jiV",647,1052.9551777434312,693.0,1920,45.83572068873986,1067,1169,1039,1127,18.98699882018419,-0.43625510675403845,117.63961030678928,1146.3539412673879,2025-12-09T04:00:00,NA,NA,NA,NA,NA,NA,NA,NA,NA,NA,NA,NA,"aqua",NaN,NaN,NaN
139,"AceGjg4Ghgf4","vcbSy9t02jiV","hp1ZAf66vmHi",635,1075.3055118110237,682.0,1575,44.24628386020214,1090,1183,1060,1144,19.41654134684759,-0.5283463374727431,117.05382386916236,1161.7622047244095,2025-12-09T09:58:00,21480000 milliseconds,6786.715036074023,0.4148358824006127,0.0187207488299532,0.016,0.035288664733790914,0.022369944270510207,75.0,0.118,0.994,0.006000000000000005,0.631215240234867,"terra",21480.0,6786.715036074023,0.31595507616731955
139,"AceGjg4Ghgf4","hp1ZAf66vmHi","h91Ym6BAuTJG",650,1042.396923076923,691.0,1775,43.653445169867034,1057,1159,1027,1120,19.917216021125586,-0.5420693892432326,113.88225099390856,1138.4753846153847,2025-12-10T03:01:00,61380000 milliseconds,10078.601103514633,0.2177509150591905,0.023346303501945526,0.013109978150036417,0.013488976516237167,0.025457759836880513,72.0,0.111,0.988,0.01200000000000001,0.4161539330642901,"aqua",61380.0,10078.601103514633,0.1642000831462143
139,"AceGjg4Ghgf4","h91Ym6BAuTJG","B8nnW570dEqb",654,1048.408256880734,703.0,1886,43.74163222513874,1062,1161,1034,1122,19.809575832175373,-0.46586392261437276,115.39696961966999,1140.5779816513761,2025-12-10T08:59:00,21480000 milliseconds,1592.1103996857373,0.09731726159448272,0.006134969325153374,0.01721664275466284,0.002018124084337563,0.005419022474691455,48.0,0.073,0.988,0.01200000000000001,0.21310602023332798,"terra",21480.0,1592.1103996857373,0.07412059588853526
139,"AceGjg4Ghgf4","B8nnW570dEqb","vDTDTfr0rvxw",635,1052.6031496062992,676.0,1233,45.20056751803431,1068,1162,1035,1124,18.835666167005247,-0.6118444715014427,117.05382386916237,1142.7606299212598,2025-12-12T02:40:00,150060000 milliseconds,1182.187549868536,0.010480850657108347,0.02948021722265322,0.03915881073241479,0.03280636856539088,0.050402565220876376,85.0,0.134,0.999,0.0010000000000000009,0.29732881239844366,"aqua",150060.0,1182.187549868536,0.00787809909281978
140,"AkEyMPvueDUs",NA,"HnjzYSPTe37o",379,815.4010554089709,390.0,1486,25.296183496760293,828,736,803,714,19.505447153172604,-0.9959761395421179,77.59797974644665,724.9419525065963,2025-12-09T04:00:00,NA,NA,NA,NA,NA,NA,NA,NA,NA,NA,NA,NA,"aqua",NaN,NaN,NaN
140,"AkEyMPvueDUs","HnjzYSPTe37o","fwQ66smdgFHT",401,810.9002493765586,415.0,1296,26.104904346002588,824,720,798,698,20.008537422436838,-1.0882347633487734,81.25483399593904,708.9451371571072,2025-12-10T03:01:00,82860000 milliseconds,4154.480685559944,0.06658355133520223,0.05641025641025641,0.062111801242236024,0.03146707134744662,0.025463909786246856,37.0,0.092,0.991,0.009000000000000008,0.3430365901213881,"aqua",82860.0,4154.480685559944,0.05013855522037103
140,"AkEyMPvueDUs","fwQ66smdgFHT","LAkgYkArksG9",401,809.0,406.0,1440,26.00087532152817,821,725,797,703,19.917410325562855,-0.8830198703341817,77.35533905932738,713.8753117206983,2025-12-10T08:59:00,21480000 milliseconds,1320.9269690399215,0.08074125727627882,0.0,0.02192448233861145,0.003992993680861952,0.00456480569724476,56.0,0.14,0.999,0.0010000000000000009,0.252223538992997,"terra",21480.0,1320.9269690399215,0.06149566894971702
140,"AkEyMPvueDUs","LAkgYkArksG9","zPtXVkCilCBG",408,816.4411764705883,412.0,1261,26.78471120226507,829,720,803,700,19.688914442505208,-1.2418342076642765,76.76955262170047,710.0220588235294,2025-12-11T09:38:00,88740000 milliseconds,2094.9144546373664,0.03135864762573709,0.0173053152039555,0.014669926650366748,0.029698860327471488,0.01153835325017928,54.0,0.132,0.993,0.007000000000000006,0.24357110305771013,"terra",88740.0,2094.9144546373664,0.023607329892239872
141,"ApDq4M8m8EQ1",NA,"yXHLyaYdAbAA",305,411.44262295081967,312.0,788,23.521048536671334,420,681,402,657,16.958698948862736,0.11521203541101586,69.35533905932738,669.672131147541,2025-12-10T08:59:00,NA,NA,NA,NA,NA,NA,NA,NA,NA,NA,NA,NA,"terra",NaN,NaN,NaN
141,"ApDq4M8m8EQ1","yXHLyaYdAbAA","r4YXkuD9VW9F",305,439.2,321.0,676,23.476838561744977,450,620,427,602,17.327315067173085,1.3757225455846749,75.94112549695429,610.9901639344263,2025-12-11T03:40:00,67260000 milliseconds,16228.919512423325,0.3201286026713349,0.0,0.02843601895734597,0.0018813601059885377,0.021502418924401353,64.0,0.21,0.984,0.016000000000000014,0.5979484006590708,"aqua",67260.0,16228.919512423325,0.24128634422276724
141,"ApDq4M8m8EQ1","r4YXkuD9VW9F","VbtQu2Blp5DH",302,474.3344370860927,316.0,584,23.03726829715132,484,657,466,633,17.51871145207215,0.0623194914610726,71.18376618407356,645.2516556291391,2025-12-12T08:40:00,104400000 milliseconds,12268.5535070956,0.15618782313298027,0.009884678747940691,0.015698587127158554,0.018900514028018272,0.010985263114195115,78.0,0.258,0.986,0.014000000000000012,0.4836568661502929,"terra",104400.0,12268.5535070956,0.11751488033616475
142,"ArVZs5letrGr",NA,"tpBP1khkv6ud",661,809.5612708018155,678.0,1471,31.19657588109107,823,678,794,645,27.750472995033498,0.041545899281629425,103.74011537017759,661.9319213313162,2025-12-09T04:00:00,NA,NA,NA,NA,NA,NA,NA,NA,NA,NA,NA,NA,"aqua",NaN,NaN,NaN
142,"ArVZs5letrGr","tpBP1khkv6ud","Mb54Dw3vCZTs",611,809.0229132569558,620.0,1287,29.61669325821572,821,662,794,632,26.917871814015857,-0.06696990330153878,96.91168824543142,646.7168576104747,2025-12-10T03:01:00,82860000 milliseconds,3806.146286562158,0.061000821965897234,0.07861635220125786,0.08936825885978428,0.051958483575558746,0.030460083762397658,68.0,0.111,0.982,0.018000000000000016,0.4404040003648958,"aqua",82860.0,3806.146286562158,0.04593466433215252
142,"ArVZs5letrGr","Mb54Dw3vCZTs","Z9AgdhVHZclw",616,806.4626623376623,627.0,1428,29.3474238062323,819,667,792,637,27.308251621883183,0.005361927300233021,96.66904755831213,651.8847402597403,2025-12-10T08:59:00,21480000 milliseconds,1441.8281764465648,0.08813130662876313,0.008149959250203748,0.011226944667201283,0.009133332792522155,0.014398219276316,45.0,0.073,0.994,0.006000000000000005,0.2100397626150063,"terra",21480.0,1441.8281764465648,0.06712421678056633
142,"ArVZs5letrGr","Z9AgdhVHZclw","qSSQcmbCWgJ5",611,814.9328968903437,619.0,1257,28.883944316793404,828,663,800,634,27.621945959042957,0.05510069268928963,97.49747468305831,648.0425531914893,2025-12-11T09:38:00,88740000 milliseconds,2325.2321771824313,0.03480625966892345,0.008149959250203748,0.012841091492776886,0.015918550581181627,0.011421562309060414,80.0,0.131,0.999,0.0010000000000000009,0.21513742330214614,"terra",88740.0,2325.2321771824313,0.026202751602236098
143,"B2WlkSaahZ81",NA,"Sr2AkDGSi9mz",1064,382.3872180451128,1159.0,477,48.57064703992023,398,399,366,352,30.995380365943753,-0.009844187446512756,147.88225099390857,375.2218045112782,2025-12-09T09:58:00,NA,NA,NA,NA,NA,NA,NA,NA,NA,NA,NA,NA,"terra",NaN,NaN,NaN
143,"B2WlkSaahZ81","Sr2AkDGSi9mz","962jY1WFek0l",1112,334.4595323741007,1221.0,508,48.07860707647034,359,283,312,249,31.167998214111048,1.2630343560800763,165.40306627407986,266.5593525179856,2025-12-11T03:40:00,150120000 milliseconds,29690.68827824428,0.2631220159362308,0.04411764705882353,0.052100840336134456,0.010181971251580439,0.005553682959654319,282.0,0.254,0.974,0.026000000000000023,0.6550761575424235,"aqua",150120.0,29690.68827824428,0.19777969809648469
144,"B2qszG6Muius",NA,"vpMScYh7PPwq",2743,909.303317535545,2867.0,1631,63.78022852821698,943,677,872,616,56.117290651716345,-1.497705248783101,226.4863273947651,646.8133430550492,2025-12-09T04:00:00,NA,NA,NA,NA,NA,NA,NA,NA,NA,NA,NA,NA,"aqua",NaN,NaN,NaN
144,"B2qszG6Muius","vpMScYh7PPwq","D60B4wdGKwdS",2758,923.7683103698332,2895.0,1323,66.04883196980447,959,692,884,634,54.82572541228823,1.4836341644181223,228.20815280171306,663.21609862219,2025-12-09T09:58:00,21480000 milliseconds,5467.44003105758,0.33419560092038997,0.005453553899291038,0.00971884762235335,0.03494754460804343,0.023283398725756556,480.0,0.174,0.99,0.010000000000000009,0.5915989457758344,"terra",21480.0,5467.44003105758,0.25453631429504564
144,"B2qszG6Muius","D60B4wdGKwdS","oXlOmZrQ6hmc",2720,909.1397058823529,2823.0,1462,64.07299447136965,944,663,874,602,55.23500573257923,-1.3172543342271827,229.93607486307096,633.9128676470589,2025-12-10T03:01:00,61380000 milliseconds,8187.930961302935,0.1769024729675475,0.013873676524278934,0.025183630640083946,0.030369040344327733,0.007437354195880964,480.0,0.176,0.988,0.01200000000000001,0.4417661746721191,"aqua",61380.0,8187.930961302935,0.13339737636531337
144,"B2qszG6Muius","oXlOmZrQ6hmc","HAbKkqGr3cs8",2725,906.1332110091743,2828.0,1587,63.99291867494438,941,667,871,607,55.406115537154804,-1.4014315691861536,218.5512985522207,638.3585321100917,2025-12-10T08:59:00,21480000 milliseconds,1341.7093561088975,0.08201157433428469,0.0018365472910927456,0.001769598301185631,0.0012505403578201319,0.0030930598427038737,117.0,0.043,0.999,0.0010000000000000009,0.13396132012708706,"terra",21480.0,1341.7093561088975,0.06246319162518145
144,"B2qszG6Muius","HAbKkqGr3cs8","qqHzOZNTASmB",2391,1010.5374320368047,2541.0,1201,59.181196680053056,1046,487,984,430,54.455644910649845,1.3051830191752678,221.27922061357856,457.88456712672524,2025-12-11T03:40:00,67260000 milliseconds,52124.30659323182,1.0281942320392903,0.1305707584050039,0.10691003911342895,0.07812878511079316,0.017303029236574598,595.0,0.249,0.995,0.0050000000000000044,1.615106843905091,"aqua",67260.0,52124.30659323182,0.7749673891351743
145,"B8GBHkWZGf1B",NA,"na7OZtnPK8MU",820,573.6378048780488,875.0,1003,36.8188680813897,591,33,555,1,31.02673380795975,1.2544989464811627,134.08326112068522,13.015853658536585,2025-12-10T08:59:00,NA,NA,NA,NA,NA,NA,NA,NA,NA,NA,NA,NA,"terra",NaN,NaN,NaN
145,"B8GBHkWZGf1B","na7OZtnPK8MU","VfCPtnmcZFlg",814,728.448402948403,877.0,957,37.884078226103604,747,33,709,1,30.327939219343257,-1.1690891526307343,130.70458146424485,12.97911547911548,2025-12-11T03:40:00,67260000 milliseconds,38702.65060738298,0.7634411797491465,0.0073439412484700125,0.00228310502283105,0.028518557764221745,0.02277885462140848,192.0,0.236,0.864,0.136,1.196365638406078,"aqua",67260.0,38702.65060738298,0.5754185341567496
146,"BG25OFRqogVp",NA,"3ZJG5rl0wvP3",573,273.0907504363002,583.0,553,32.2645688021744,286,389,260,361,22.902582212234638,-0.5231338551726565,93.59797974644667,375.20767888307154,2025-12-09T04:00:00,NA,NA,NA,NA,NA,NA,NA,NA,NA,NA,NA,NA,"aqua",NaN,NaN,NaN
146,"BG25OFRqogVp","3ZJG5rl0wvP3","22j9mk6gLvZl",505,281.8871287128713,542.0,299,30.63700581335336,293,396,271,366,21.762245462986996,-0.3332661455193978,102.9116882454314,380.41584158415844,2025-12-09T09:58:00,21480000 milliseconds,2555.6460717586247,0.15621308507082057,0.1261595547309833,0.07288888888888889,0.05174951497698332,0.05106195673873638,93.0,0.184,0.992,0.008000000000000007,0.6500730004064125,"terra",21480.0,2555.6460717586247,0.11897793630161195
147,"BIxcobWXjSi7",NA,"jnvx1bUd8ok2",550,966.8036363636363,574.0,1597,38.547615122115126,983,778,947,756,19.344785868499777,-1.354279684479169,103.42640687119284,768.8618181818182,2025-12-10T03:01:00,NA,NA,NA,NA,NA,NA,NA,NA,NA,NA,NA,NA,"aqua",NaN,NaN,NaN
147,"BIxcobWXjSi7","jnvx1bUd8ok2","6ZKRjZ1AIbgT",560,962.6392857142857,591.0,1720,38.47544668908763,979,785,942,765,19.63791631454867,-1.3827152663512123,101.59797974644665,776.2892857142857,2025-12-10T08:59:00,21480000 milliseconds,2128.806741413569,0.13012266145559712,0.018018018018018018,0.029184549356223177,0.0018739435003087836,0.015039000871333077,51.0,0.091,0.993,0.007000000000000006,0.29223817320148016,"terra",21480.0,2128.806741413569,0.09910645909746596
147,"BIxcobWXjSi7","6ZKRjZ1AIbgT","3MkPlr1XhZyw",589,973.8251273344652,630.0,1521,38.585554961238344,991,771,953,748,20.93898909302997,-1.3297745462290687,107.66904755831213,761.5042444821731,2025-12-11T09:38:00,88740000 milliseconds,4634.925140893642,0.06937991379228563,0.050478677110530897,0.06388206388206388,0.002857691174333325,0.06412873359427247,57.0,0.097,0.989,0.01100000000000001,0.35872707955348626,"terra",88740.0,4634.925140893642,0.05223039374457563
147,"BIxcobWXjSi7","3MkPlr1XhZyw","Ww5iv7xCdlZm",575,1049.9321739130435,653.0,1229,37.35522057508643,1071,921,1033,896,22.66285184659389,1.3304740691413781,120.22539674441619,909.408695652174,2025-12-12T02:40:00,61320000 milliseconds,41584.258751669666,0.8993135543181157,0.024054982817869417,0.03585346843335931,0.03240247093772201,0.07907293437224269,172.0,0.299,0.976,0.02400000000000002,1.393697410879309,"aqua",61320.0,41584.258751669666,0.6781516430474506
148,"BoTJmCNY32UZ",NA,"b4d61iNGA33t",573,241.59860383944152,637.0,427,33.54720211457123,258,128,224,102,23.89933872332292,-1.405369939686324,115.675144212722,116.36998254799302,2025-12-10T08:59:00,NA,NA,NA,NA,NA,NA,NA,NA,NA,NA,NA,NA,"terra",NaN,NaN,NaN
148,"BoTJmCNY32UZ","b4d61iNGA33t","o6Wg0AFTMM5z",603,210.5771144278607,641.0,315,30.789900733443226,225,96,195,68,26.428182030757558,-1.04696996173127,105.74011537017762,82.53399668325041,2025-12-11T09:38:00,88740000 milliseconds,11476.08040870195,0.17178475276853453,0.05102040816326531,0.006259780907668232,0.08571419162723759,0.10049544541609882,172.0,0.285,0.972,0.028000000000000025,0.7282745788828044,"terra",88740.0,11476.08040870195,0.12932251981859308
149,"C2X3HA1QpUBN",NA,"LRXyybsbobp4",2034,63.62979351032448,2275.0,87,58.524060632903534,91,487,40,429,46.33627686531177,-0.16199614765129194,234.58683245815345,456.71435594886924,2025-12-09T04:00:00,NA,NA,NA,NA,NA,NA,NA,NA,NA,NA,NA,NA,"aqua",NaN,NaN,NaN
149,"C2X3HA1QpUBN","LRXyybsbobp4","ooxDApBRWKDQ",2010,186.5228855721393,2154.0,157,54.65300344481926,216,359,161,305,48.582633270278926,-1.1873261104810404,216.79393923933995,331.52288557213933,2025-12-09T09:58:00,21480000 milliseconds,43857.45114259473,2.6807732972246168,0.011869436201780416,0.054639873560623164,0.06840709678466082,0.047332115418482194,569.0,0.283,0.977,0.02300000000000002,3.1690218191901636,"terra",21480.0,43857.45114259473,2.041780779450406
149,"C2X3HA1QpUBN","ooxDApBRWKDQ","8bQUqY8bdSgT",1981,64.54820797576981,2105.0,83,54.19338658776949,93,479,39,425,48.6637926952448,-0.2826130406328076,205.82337649086287,448.984856133266,2025-12-10T08:59:00,82860000 milliseconds,42334.336317315516,0.6784892430052971,0.01453269857178652,0.02301009626672928,0.008445238411897059,0.0016691497740934642,495.0,0.25,0.978,0.02200000000000002,0.9981464260298034,"terra",82860.0,42334.336317315516,0.5109140274838947
149,"C2X3HA1QpUBN","8bQUqY8bdSgT","HjY5oIVrhGFE",1692,22.320921985815602,1806.0,8,49.00321431006895,48,593,1,546,45.93717126419069,1.17478793116205,187.47413408594534,569.3108747044918,2025-12-11T03:40:00,67260000 milliseconds,31880.141180757368,0.6288616467256607,0.15736455213721753,0.1529020710815648,0.10058804713613884,0.05764468599333253,389.0,0.23,0.861,0.139,1.4663610030739145,"aqua",67260.0,31880.141180757368,0.4739836631096843
149,"C2X3HA1QpUBN","HjY5oIVrhGFE","NO1Z9wP5vZPe",1651,20.958207147183526,1723.0,13,50.11154450729012,46,574,1,528,43.68483286470567,0.7871008893434761,168.95331880577405,552.5166565717747,2025-12-11T09:38:00,21480000 milliseconds,4212.353516894624,0.25747882132607725,0.02452886628776548,0.04703882119580618,0.022364584456357618,0.05026306700853635,298.0,0.18,0.884,0.11599999999999999,0.6976741602745429,"terra",21480.0,4212.353516894624,0.19610584343084841
150,"CGaTkB7vXt2S",NA,"5dslkWVZoJ28",321,827.227414330218,331.0,1513,24.072170148011807,838,691,814,672,17.32761698428959,-1.0666467403196669,72.80508652763321,681.8411214953271,2025-12-09T04:00:00,NA,NA,NA,NA,NA,NA,NA,NA,NA,NA,NA,NA,"aqua",NaN,NaN,NaN
150,"CGaTkB7vXt2S","5dslkWVZoJ28","eoryICNBNnQf",308,841.7922077922078,331.0,1219,25.01049869780029,852,754,831,730,16.775933534328782,-0.5826007257436507,75.84062043356595,742.6688311688312,2025-12-09T09:58:00,21480000 milliseconds,15636.782502953009,0.955793551525245,0.04133545310015898,0.0,0.03823461811891857,0.03235343191962518,62.0,0.201,0.996,0.0040000000000000036,1.272717054663948,"terra",21480.0,15636.782502953009,0.7279693902678309
150,"CGaTkB7vXt2S","eoryICNBNnQf","ysWOrhCfaegW",331,826.0513595166163,348.0,1327,24.477564984111876,837,677,812,658,17.723614004349873,-1.2074446907984384,75.35533905932738,667.2839879154078,2025-12-10T03:01:00,61380000 milliseconds,19252.676594402397,0.41595930851036833,0.07198748043818466,0.050073637702503684,0.021537868893553077,0.05493871877354987,71.0,0.215,0.988,0.01200000000000001,0.8414970143181595,"aqua",61380.0,19252.676594402397,0.3136636786315151
150,"CGaTkB7vXt2S","ysWOrhCfaegW","GOrvVNuYO7Tq",325,823.8523076923077,337.0,1462,23.171576462037024,834,681,812,662,18.199461446061907,-1.0948004844006731,70.94112549695427,671.6923076923077,2025-12-10T08:59:00,21480000 milliseconds,1231.5922666766132,0.0752807008971035,0.018292682926829267,0.032116788321167884,0.05481687528623475,0.026492578140693654,51.0,0.157,0.985,0.015000000000000013,0.37899962557202904,"terra",21480.0,1231.5922666766132,0.057336697703752944
150,"CGaTkB7vXt2S","GOrvVNuYO7Tq","H48SLiXzuz2C",340,833.0911764705883,344.0,1298,24.405458136161137,844,679,821,660,18.04712920881481,-1.1129061256316353,72.18376618407356,669.5941176470589,2025-12-11T09:38:00,88740000 milliseconds,2368.5319526062563,0.035454411385468995,0.045112781954887216,0.020558002936857563,0.05186879277132765,0.008405327756065947,47.0,0.138,0.999,0.0010000000000000009,0.3003993168046074,"terra",88740.0,2368.5319526062563,0.026690691374873295
151,"CJ1pkk3HeCJR",NA,"UGTlupSGlDq0",781,623.5492957746479,803.0,1140,38.24114281901746,639,904,607,868,26.396445197575936,-0.6040514505503036,117.05382386916236,885.7695262483995,2025-12-09T04:00:00,NA,NA,NA,NA,NA,NA,NA,NA,NA,NA,NA,NA,"aqua",NaN,NaN,NaN
151,"CJ1pkk3HeCJR","UGTlupSGlDq0","4yEo8ZpRDLys",748,642.0588235294117,760.0,889,37.04423221383461,658,912,627,879,26.17638789891079,-0.5897178807140726,108.32590180780451,896.7045454545455,2025-12-09T09:58:00,21480000 milliseconds,5374.577092334521,0.32851938217203674,0.04316546762589928,0.05502239283429303,0.03179662994733194,0.008371521400084193,105.0,0.14,0.989,0.01100000000000001,0.6178753939796452,"terra",21480.0,5374.577092334521,0.2502130862353129
151,"CJ1pkk3HeCJR","4yEo8ZpRDLys","amnsDkh6Apvz",744,724.6129032258065,798.0,1106,40.21518699208166,744,864,705,835,24.706544694764556,1.1298513425625396,122.81118318204308,849.880376344086,2025-12-10T03:01:00,61380000 milliseconds,23727.19811656499,0.5126325616628495,0.005361930294906166,0.04878048780487805,0.08208590773367423,0.05777352558995123,208.0,0.28,0.968,0.03200000000000003,1.0186344130862592,"aqua",61380.0,23727.19811656499,0.386562367490469
152,"CNHVSk50PuHD",NA,"d3pgfFw7MBAk",554,1023.0469314079422,612.0,1871,34.85820397451907,1037,403,1006,372,22.792741479940247,0.8706976822969291,114.05382386916237,385.32671480144404,2025-12-09T04:00:00,NA,NA,NA,NA,NA,NA,NA,NA,NA,NA,NA,NA,"aqua",NaN,NaN,NaN
152,"CNHVSk50PuHD","d3pgfFw7MBAk","NLLJb9ZB8SyH",587,1008.5247018739352,647.0,1697,37.03926264020197,1025,372,991,346,23.08953275602724,1.247739010996719,120.56854249492379,357.5195911413969,2025-12-10T03:01:00,82860000 milliseconds,7842.716672507118,0.12569463374480516,0.057843996494303246,0.05559968228752978,0.060671363495200664,0.012937077816179176,81.0,0.138,0.979,0.02100000000000002,0.47174675383801806,"aqua",82860.0,7842.716672507118,0.09465021328152448
152,"CNHVSk50PuHD","NLLJb9ZB8SyH","65L4O6aVwqW8",595,1015.3781512605042,638.0,1822,34.77744506955078,1029,386,998,359,23.513682410107187,1.0777793246411087,108.56854249492379,370.99663865546216,2025-12-10T08:59:00,21480000 milliseconds,3779.8857306689415,0.2310443600653387,0.01353637901861252,0.014007782101167316,0.06298861762898755,0.018202591927098114,65.0,0.109,0.973,0.027000000000000024,0.4757797307412042,"terra",21480.0,3779.8857306689415,0.1759723338300252
152,"CNHVSk50PuHD","65L4O6aVwqW8","ulIztZbpMWOp",479,985.1085594989562,579.0,1189,36.384172967388565,1000,168,969,140,20.851832942243746,-0.9735479549807623,113.05382386916237,156.15866388308976,2025-12-11T03:40:00,67260000 milliseconds,54239.97810062778,1.06992756880615,0.21601489757914338,0.09695973705834018,0.0451571490969682,0.1199963280815305,161.0,0.336,0.982,0.018000000000000016,1.9020556806221325,"aqua",67260.0,54239.97810062778,0.8064225111600919
153,"CPHxOHFO65eY",NA,"fYWLq0bu4slx",536,896.7611940298508,575.0,1603,34.213336814490134,910,960,882,930,21.253186070996477,-0.6776268097483804,110.36143571373727,944.4906716417911,2025-12-10T08:59:00,NA,NA,NA,NA,NA,NA,NA,NA,NA,NA,NA,NA,"terra",NaN,NaN,NaN
153,"CPHxOHFO65eY","fYWLq0bu4slx","uzk79JuZ75Ix",564,977.6081560283687,598.0,955,37.91911946362868,994,1003,961,975,19.70832900907012,-1.058574451751761,105.9827560572969,988.9556737588653,2025-12-12T08:40:00,171660000 milliseconds,23066.978125749934,0.17882071495600554,0.05090909090909091,0.0392156862745098,0.10274938191069719,0.07542968363873546,151.0,0.268,0.984,0.016000000000000014,0.731124557689039,"terra",171660.0,23066.978125749934,0.1343759648476636
154,"CUzMszCRw61d",NA,"M3NQ5IE4bI7E",490,962.7877551020408,512.0,1762,27.776369271780094,976,781,951,753,23.84618572681723,-0.5295185483670622,89.84062043356595,768.3204081632653,2025-12-09T04:00:00,NA,NA,NA,NA,NA,NA,NA,NA,NA,NA,NA,NA,"aqua",NaN,NaN,NaN
154,"CUzMszCRw61d","M3NQ5IE4bI7E","CExikucp74Go",565,976.3380530973451,586.0,1440,29.24969347207267,991,805,961,779,25.57843585842513,1.2672690665110125,98.08326112068524,793.1079646017699,2025-12-09T09:58:00,21480000 milliseconds,7062.371812790667,0.43168531863023635,0.14218009478672985,0.13479052823315119,0.05167195943056395,0.07009664721945519,99.0,0.175,0.98,0.020000000000000018,1.0254245483001365,"terra",21480.0,7062.371812790667,0.3287882594409063
154,"CUzMszCRw61d","CExikucp74Go","3vScmOzTWPRl",521,964.3454894433781,547.0,1604,28.75806918505227,977,758,951,731,24.315125938893253,-0.5754476561789246,93.84062043356595,745.6257197696737,2025-12-10T03:01:00,61380000 milliseconds,12243.327665736917,0.26452042056253466,0.08103130755064457,0.06884377758164166,0.01695029301255132,0.05064019781405049,106.0,0.203,0.993,0.007000000000000006,0.6919859965214228,"aqua",61380.0,12243.327665736917,0.19946770390578228
154,"CUzMszCRw61d","3vScmOzTWPRl","ynvd2RS5mhJB",514,960.4299610894942,549.0,1733,28.878770636751558,973,766,949,738,23.716354807865393,-0.42863166380790574,93.01219330881976,752.6848249027238,2025-12-10T08:59:00,21480000 milliseconds,2018.079649839232,0.12335450182391393,0.01352657004830918,0.0036496350364963502,0.004188343846486371,0.024932445209625034,65.0,0.126,0.999,0.0010000000000000009,0.29665149596483087,"terra",21480.0,2018.079649839232,0.09395156656607224
154,"CUzMszCRw61d","ynvd2RS5mhJB","VlhhClwjiaan",480,970.6770833333334,496.0,1533,27.272130515838075,983,751,959,724,23.54612925052967,-0.4849340523924469,89.01219330881975,738.13125,2025-12-11T09:38:00,88740000 milliseconds,4449.789719254821,0.06660863287560544,0.06841046277665996,0.10143540669856459,0.05722580004717825,0.007203411362187435,57.0,0.119,0.988,0.01200000000000001,0.4318837137601957,"terra",88740.0,4449.789719254821,0.05014412575225175
154,"CUzMszCRw61d","VlhhClwjiaan","083q113mAQRZ",463,972.3952483801296,497.0,956,28.538033960526647,985,748,962,721,22.033625647746323,0.3136444011484056,95.1543289325507,734.2267818574514,2025-12-12T08:40:00,82920000 milliseconds,1066.4474496022135,0.017079555566979716,0.036055143160127257,0.002014098690835851,0.04536461974501705,0.06636734252559819,143.0,0.309,0.993,0.007000000000000006,0.48288075968855804,"terra",82920.0,1066.4474496022135,0.012861160752559256
155,"CVjBa564Nb99",NA,"zjdvIAMzg7Qz",487,927.4640657084188,491.0,1697,29.366274236397796,938,567,916,539,21.471033513838435,-0.24369511946375977,86.76955262170047,553.8747433264887,2025-12-09T04:00:00,NA,NA,NA,NA,NA,NA,NA,NA,NA,NA,NA,NA,"aqua",NaN,NaN,NaN
155,"CVjBa564Nb99","zjdvIAMzg7Qz","lvfkpxZ8zKwP",550,918.4690909090909,561.0,1518,30.44921777909005,930,553,907,525,23.273526536990303,-0.4326480411173568,91.59797974644665,539.670909090909,2025-12-10T03:01:00,82860000 milliseconds,4203.112526987945,0.06736297022177971,0.12150433944069432,0.13307984790874525,0.03620946701940858,0.08056814151728298,66.0,0.12,0.988,0.01200000000000001,0.5707247661079109,"aqua",82860.0,4203.112526987945,0.0507254709991304
155,"CVjBa564Nb99","lvfkpxZ8zKwP","w8dx9QFNiTdj",544,919.40625,550.0,1655,30.68022759635923,930,561,908,532,22.998588777578625,-0.33569529909015133,90.76955262170047,547.0073529411765,2025-12-10T08:59:00,21480000 milliseconds,1849.0145268797928,0.11302044785328808,0.010968921389396709,0.019801980198019802,0.007558053761173504,0.011883518077467832,45.0,0.083,1.0,0.0,0.24623292127934587,"terra",21480.0,1849.0145268797928,0.08608075078583766
155,"CVjBa564Nb99","w8dx9QFNiTdj","h1U7sWqVs9mi",551,919.4900181488204,561.0,1456,30.446142413234522,931,553,908,525,23.329229907565864,-0.4219943253369542,90.5269119345812,539.4355716878403,2025-12-11T09:38:00,88740000 milliseconds,1893.061152788165,0.028337117772444652,0.012785388127853882,0.019801980198019802,0.007659057231370652,0.014273977898003746,38.0,0.069,0.992,0.008000000000000007,0.15985752122769276,"terra",88740.0,1893.061152788165,0.021332670191437513
155,"CVjBa564Nb99","h1U7sWqVs9mi","kKbWQoMNMlNF",494,908.6133603238867,537.0,1002,28.118757438774963,923,503,896,480,24.10566444480429,0.9811890291460802,113.81118318204308,492.43724696356276,2025-12-12T02:40:00,61320000 milliseconds,12060.120781757649,0.2608157608511602,0.10909090909090909,0.04371584699453552,0.07948054142808207,0.03273685112359191,132.0,0.267,0.992,0.008000000000000007,0.8008399094882788,"aqua",61320.0,12060.120781757649,0.19667515951985728
156,"CW4nu3R0vSp9",NA,"LNPQ9Idtbdcu",340,1016.7205882352941,357.0,1729,21.824414623419937,1027,188,1005,164,21.17256775421894,-0.5072736747336795,75.42640687119285,174.48529411764707,2025-12-10T03:01:00,NA,NA,NA,NA,NA,NA,NA,NA,NA,NA,NA,NA,"aqua",NaN,NaN,NaN
156,"CW4nu3R0vSp9","LNPQ9Idtbdcu","ed9K8K87FIFO",333,1014.8738738738739,365.0,1607,22.27863653410723,1025,195,1003,172,20.039704565274977,0.17915166497267773,79.08326112068524,183.04204204204206,2025-12-11T09:38:00,110220000 milliseconds,2188.439640678857,0.026393772425723414,0.020802377414561663,0.0221606648199446,0.020598208004471288,0.05497698259205683,90.0,0.27,0.988,0.01200000000000001,0.42693200525675784,"terra",110220.0,2188.439640678857,0.019855195433486274
157,"CYY0Rbl1ASu8",NA,"AgTS9tCVjZCz",706,466.88526912181305,714.0,642,31.80806769596378,481,544,451,512,28.71630086365686,0.1559092598481772,103.49747468305833,528.5750708215297,2025-12-09T09:58:00,NA,NA,NA,NA,NA,NA,NA,NA,NA,NA,NA,NA,"terra",NaN,NaN,NaN
157,"CYY0Rbl1ASu8","AgTS9tCVjZCz","6RjiVwxMLcnO",635,452.6787401574803,696.0,706,29.63690169012583,469,512,440,482,28.634669773376558,0.5784993564399302,115.39696961966999,496.7700787401575,2025-12-10T03:01:00,61380000 milliseconds,8708.411833216833,0.1881476036127651,0.1058911260253542,0.02553191489361702,0.07067026080509288,0.002846720443388223,139.0,0.219,0.979,0.02100000000000002,0.6330876257802175,"aqua",61380.0,8708.411833216833,0.14187702563077279
157,"CYY0Rbl1ASu8","6RjiVwxMLcnO","idYIclV4iZke",744,452.4059139784946,750.0,848,33.43074615661603,468,524,439,491,28.646586961804797,0.3297831316936629,104.66904755831213,507.366935483871,2025-12-10T08:59:00,21480000 milliseconds,2650.092061734908,0.16198606734320953,0.15808556925308195,0.07468879668049792,0.12031032061666452,0.00041609381872794604,162.0,0.218,0.983,0.017000000000000015,0.7504868477121819,"terra",21480.0,2650.092061734908,0.12337486320926015
157,"CYY0Rbl1ASu8","idYIclV4iZke","HC0QWFSCCVyx",722,460.2493074792244,743.0,727,32.63143566610662,476,514,445,481,28.50600321726397,0.3423878279800448,105.39696961967,497.19806094182826,2025-12-11T09:38:00,88740000 milliseconds,3210.5765745724607,0.04805892634641809,0.030013642564802184,0.009377093101138647,0.024198731209161585,0.004919593113815277,57.0,0.079,0.989,0.01100000000000001,0.2065679863353358,"terra",88740.0,3210.5765745724607,0.03617958727262183
158,"CbHLHXRhnjev",NA,"LjYCg7YI1KBU",725,997.6813793103448,805.0,1791,35.88579744916513,1015,203,979,168,28.258781055044153,0.9489115458027623,124.95331880577403,185.2455172413793,2025-12-10T08:59:00,NA,NA,NA,NA,NA,NA,NA,NA,NA,NA,NA,NA,"terra",NaN,NaN,NaN
158,"CbHLHXRhnjev","LjYCg7YI1KBU","aVRGCunUvlyJ",783,1084.8480204342272,829.0,1283,37.6034831630943,1103,165,1068,133,27.717636253309315,-1.0614434323176818,125.29646455628165,150.56066411238825,2025-12-12T02:40:00,150060000 milliseconds,23453.49435771697,0.2079302660376521,0.07692307692307693,0.02937576499388005,0.04674656493079422,0.019334742298845967,197.0,0.252,0.991,0.009000000000000008,0.6413104151842492,"aqua",150060.0,23453.49435771697,0.1562941114068837
159,"CjGMV00rLsyW",NA,"eEBuKoAnJfbM",3469,222.5134044393197,3693.0,407,76.3478881326233,254,910,187,829,62.2818389385977,-0.21396116627322828,260.5929291125633,875.5932545402134,2025-12-09T04:00:00,NA,NA,NA,NA,NA,NA,NA,NA,NA,NA,NA,NA,"aqua",NaN,NaN,NaN
159,"CjGMV00rLsyW","eEBuKoAnJfbM","xFtrlCBeotK3",3500,220.8122857142857,3810.0,343,77.63104870239484,252,893,185,812,63.06898924112398,-0.13549722946544168,285.56349186104046,859.2217142857143,2025-12-10T03:01:00,82860000 milliseconds,4114.920527948762,0.065949523646907,0.008896541828095853,0.031187524990004,0.016666702552263893,0.012559155993731481,433.0,0.124,0.973,0.027000000000000024,0.28625944901100225,"aqua",82860.0,4114.920527948762,0.049661121505536594
159,"CjGMV00rLsyW","xFtrlCBeotK3","hMAQ2Nci2aWw",3181,235.25652310594154,3524.0,363,72.93143213788463,267,895,201,817,61.74769073175378,0.2463370275189409,255.6223663640862,861.972335743477,2025-12-11T03:40:00,88740000 milliseconds,3675.9515114322194,0.0550250955981172,0.095494686424188,0.0779929097354786,0.06242745919543769,0.02117182590751998,977.0,0.307,0.973,0.027000000000000024,0.6461119768607415,"aqua",88740.0,3675.9515114322194,0.04142383943466553
160,"CxDjxK94YdBv",NA,"wgolD0kF95La",649,767.7904468412943,672.0,1197,37.297336954349745,783,596,749,570,23.26876992693959,1.1051275687899922,107.25483399593904,581.1201848998459,2025-12-10T03:01:00,NA,NA,NA,NA,NA,NA,NA,NA,NA,NA,NA,NA,"aqua",NaN,NaN,NaN
160,"CxDjxK94YdBv","wgolD0kF95La","ehd912JHghvP",665,761.3654135338346,676.0,1337,37.93635366123888,777,603,741,578,23.449507607421328,1.1904822074328663,106.66904755831212,589.4360902255639,2025-12-10T08:59:00,21480000 milliseconds,2627.2054352994573,0.16058712929703284,0.0243531202435312,0.005934718100890208,0.016987514547285316,0.007737343498968094,57.0,0.086,0.996,0.0040000000000000036,0.30559982568770766,"terra",21480.0,2627.2054352994573,0.1223093778072373
160,"CxDjxK94YdBv","ehd912JHghvP","X35DG3SV7OUy",685,779.3678832116789,703.0,1199,38.717640543374635,794,595,760,567,23.62776650512929,1.0012839245574994,108.66904755831213,579.0934306569343,2025-12-11T09:38:00,88740000 milliseconds,5190.493241580397,0.0776961790521727,0.02962962962962963,0.03915881073241479,0.020384766384130046,0.007573033956120222,49.0,0.072,0.992,0.008000000000000007,0.25444241975446735,"terra",88740.0,5190.493241580397,0.05849102142867249
161,"DD0zVHH17Lv6",NA,"3KE5yAdQQIin",2421,1007.5278810408922,2891.0,1193,80.52972183616185,1035,912,973,837,43.585671654092685,0.6865169701103743,276.14927829866735,870.7583643122676,2025-12-11T03:40:00,NA,NA,NA,NA,NA,NA,NA,NA,NA,NA,NA,NA,"aqua",NaN,NaN,NaN
161,"DD0zVHH17Lv6","3KE5yAdQQIin","BPXuazJtbIab",2606,1033.6776669224867,2753.0,1177,78.4825030818385,1057,763,1009,687,42.865500141786875,0.3185380961226507,226.5512985522207,721.9259401381428,2025-12-12T02:40:00,82800000 milliseconds,37778.053969202694,0.6059030307811177,0.07360254625024866,0.04890148830616584,0.025749199539583396,0.01666076924917137,779.0,0.299,0.942,0.05800000000000005,1.127817034126287,"aqua",82800.0,37778.053969202694,0.4562566904493079
161,"DD0zVHH17Lv6","BPXuazJtbIab","RCU3SgX9qA7i",2256,1026.2380319148936,2721.0,983,70.32091415343932,1053,764,998,701,46.059099241758155,0.6057409418463806,258.35028842544403,732.3359929078014,2025-12-12T08:40:00,21600000 milliseconds,3198.802194897346,0.19445606048008182,0.1439736733854381,0.011691633175009134,0.10969625671290377,0.07182712370053672,687.0,0.305,0.958,0.04200000000000004,0.8786447474539696,"terra",21600.0,3198.802194897346,0.14809269420821047
162,"DN2NDcNGKBUF",NA,"6WlqHVO55T3K",540,879.1907407407407,620.0,1622,41.23418925143041,891,187,868,150,18.374069714535622,-0.21737800050509873,112.1543289325507,167.97222222222223,2025-12-09T04:00:00,NA,NA,NA,NA,NA,NA,NA,NA,NA,NA,NA,NA,"aqua",NaN,NaN,NaN
162,"DN2NDcNGKBUF","6WlqHVO55T3K","QaUQbRyf1Gaw",630,838.7158730158731,723.0,1195,43.87456914773303,854,221,822,186,19.389428360933675,0.7688461223633561,130.2609306503489,203.22222222222223,2025-12-09T09:58:00,21480000 milliseconds,13418.218532431782,0.8201845068723583,0.15384615384615385,0.1533879374534624,0.062047195752031374,0.0537746076578439,188.0,0.298,0.954,0.04600000000000004,1.58724040158185,"terra",21480.0,13418.218532431782,0.6246842892193567
162,"DN2NDcNGKBUF","QaUQbRyf1Gaw","bWifxZva9475",603,938.3830845771145,627.0,1543,44.4372056435198,960,267,919,245,17.84427496764637,1.3241907298181426,111.49747468305831,256.8374792703151,2025-12-10T03:01:00,61380000 milliseconds,28293.273105906203,0.6112838523475468,0.043795620437956206,0.14222222222222222,0.012742049338646172,0.08299756699738577,151.0,0.25,0.959,0.041000000000000036,1.1840413113437571,"aqua",61380.0,28293.273105906203,0.46095264102160644
162,"DN2NDcNGKBUF","bWifxZva9475","jTAPyJIro1HE",581,946.2358003442341,600.0,1687,42.467439207668185,968,280,927,259,17.80566126267226,1.3485576495084814,106.91168824543142,269.9156626506024,2025-12-10T08:59:00,21480000 milliseconds,3813.659868220367,0.23310879390100042,0.037162162162162164,0.044009779951100246,0.045331672184486034,0.0021662706336776946,59.0,0.102,0.988,0.01200000000000001,0.4757786788324265,"terra",21480.0,3813.659868220367,0.17754468660243794
162,"DN2NDcNGKBUF","jTAPyJIro1HE","mB6vfB9dX2LL",597,951.8157453936349,613.0,1053,42.34599300472165,973,251,932,232,18.544092295190094,1.4437312417182053,110.08326112068522,241.8961474036851,2025-12-12T02:40:00,150060000 milliseconds,7142.430527429743,0.06332222640568946,0.027164685908319185,0.021434460016488046,0.00286384361011145,0.0406292180959292,69.0,0.116,0.99,0.010000000000000009,0.2814144340365374,"aqua",150060.0,7142.430527429743,0.04759716465033815
163,"DNSY4qsM4Xvz",NA,"uahiWuvMUqzX",756,1092.9497354497355,805.0,1983,50.5906988284498,1110,697,1075,654,20.12782474584229,-0.5987648039879527,133.61017305526642,676.9603174603175,2025-12-09T04:00:00,NA,NA,NA,NA,NA,NA,NA,NA,NA,NA,NA,NA,"aqua",NaN,NaN,NaN
163,"DNSY4qsM4Xvz","uahiWuvMUqzX","86UBn3ziyGwb",743,1091.6177658142665,796.0,1865,50.35967192035734,1109,675,1074,633,19.90647731929306,-0.6069677465991112,131.19595949289334,655.1022880215343,2025-12-10T03:01:00,82860000 milliseconds,5474.643790104777,0.08774170670894746,0.01734489659773182,0.011242973141786383,0.004577039319000019,0.011057888617071417,65.0,0.087,0.994,0.006000000000000005,0.22496450438453708,"aqua",82860.0,5474.643790104777,0.06607100881130554
163,"DNSY4qsM4Xvz","86UBn3ziyGwb","sLtA55fVEFyk",739,1089.2598105548038,801.0,1956,50.02509922291717,1106,685,1072,642,19.900559510569412,-0.5857521427778065,130.8528137423857,664.7280108254398,2025-12-10T08:59:00,21480000 milliseconds,2477.5806306664217,0.1514413588426908,0.005398110661268556,0.006261740763932373,0.006665805851420486,0.0002973247543614598,76.0,0.103,0.994,0.006000000000000005,0.27906434087367366,"terra",21480.0,2477.5806306664217,0.11534360477962857
164,"DNt4uRJ8S4fO",NA,"ZkVLXBHLNRdn",599,287.2838063439065,606.0,575,32.414342826824715,302,628,274,597,23.993203797790507,0.6233408002827024,97.7401153701776,613.3956594323873,2025-12-09T04:00:00,NA,NA,NA,NA,NA,NA,NA,NA,NA,NA,NA,NA,"aqua",NaN,NaN,NaN
164,"DNt4uRJ8S4fO","ZkVLXBHLNRdn","lXg9KSJGDyMN",606,298.35973597359737,623.0,324,31.69426280017551,313,634,286,603,25.147022606115804,0.5454992260776115,99.49747468305833,619.3399339933993,2025-12-09T09:58:00,21480000 milliseconds,3142.5568532899865,0.19208782721821432,0.011618257261410789,0.027664768104149716,0.02246437961352056,0.04696025609819237,80.0,0.132,0.988,0.01200000000000001,0.4447954882954878,"terra",21480.0,3142.5568532899865,0.14630152948277406
164,"DNt4uRJ8S4fO","lXg9KSJGDyMN","dGgBqz6z7100",594,293.0117845117845,606.0,556,33.62701824490433,307,621,279,590,22.871036613376393,0.6868529111935424,100.9116882454314,606.2996632996633,2025-12-10T08:59:00,82860000 milliseconds,3523.5745753053898,0.056472066276230304,0.02,0.027664768104149716,0.059176899589430176,0.0947970838361376,84.0,0.141,0.998,0.0020000000000000018,0.4011108178059478,"terra",82860.0,3523.5745753053898,0.042524433687006875
164,"DNt4uRJ8S4fO","dGgBqz6z7100","ALXfCMLCpaSB",581,296.5197934595525,588.0,451,31.655119879009238,311,608,283,578,23.91572791404855,0.6630950289168741,94.91168824543142,594.3235800344235,2025-12-11T09:38:00,88740000 milliseconds,3119.8226827976277,0.04670043683553069,0.022127659574468085,0.03015075376884422,0.06041157420892627,0.04465755694902948,76.0,0.131,0.981,0.019000000000000017,0.35404798133679877,"terra",88740.0,3119.8226827976277,0.03515689297721014
164,"DNt4uRJ8S4fO","ALXfCMLCpaSB","tti6shU3ih0d",659,310.7435508345979,694.0,364,34.272574265446266,327,618,295,586,25.07566524496816,0.8455461102598911,110.5685424949238,601.9423368740516,2025-12-12T08:40:00,82920000 milliseconds,4033.924342727098,0.06460481010133085,0.12580645161290321,0.16536661466458658,0.07940378987628087,0.047352698346612675,99.0,0.15,0.952,0.04800000000000004,0.6805343646017142,"terra",82920.0,4033.924342727098,0.04864838811778941
165,"DUbuUntnobrI",NA,"vVFzr2Fz4DnR",1131,172.97789566755085,1177.0,243,43.944393339055665,194,128,150,91,33.507373065734235,-1.4897112228198581,144.36753236814712,109.55879752431477,2025-12-11T09:38:00,NA,NA,NA,NA,NA,NA,NA,NA,NA,NA,NA,NA,"terra",NaN,NaN,NaN
165,"DUbuUntnobrI","vVFzr2Fz4DnR","iVrzVWTpssRN",1075,167.9832558139535,1111.0,112,43.011884047466616,189,137,145,103,32.721852883148784,-1.5231718887350199,137.71067811865476,120.78790697674418,2025-12-12T08:40:00,82920000 milliseconds,3072.4514475596543,0.04920646136386378,0.050770625566636446,0.057692307692307696,0.0214477739759725,0.023721255120563545,125.0,0.116,0.99,0.010000000000000009,0.328838423719344,"terra",82920.0,3072.4514475596543,0.03705320124891045
166,"DYBQqyUQEC4a",NA,"Y2lnkPKv8HXc",2957,136.00946905647615,3147.0,231,84.4960758839077,162,466,112,379,45.19446829096762,-0.10085241073402353,252.45079348883235,423.0314507947244,2025-12-09T04:00:00,NA,NA,NA,NA,NA,NA,NA,NA,NA,NA,NA,NA,"aqua",NaN,NaN,NaN
166,"DYBQqyUQEC4a","Y2lnkPKv8HXc","kxZ7VvLsrdmk",3067,147.89501141180307,3473.0,126,90.36288390572136,174,474,117,383,45.65470601410247,0.15250088542844842,314.73506473629425,428.40821649820674,2025-12-09T09:58:00,21480000 milliseconds,3261.285468477253,0.1993450775352844,0.03652058432934927,0.09848942598187312,0.06710331605394383,0.01013190767346727,650.0,0.212,0.95,0.050000000000000044,0.6735903115739179,"terra",21480.0,3261.285468477253,0.1518289324244531
167,"DYS9mqhTmgLS",NA,"sE79SYk7jGrx",1133,259.63106796116506,1276.0,414,51.808536163723204,285,1058,237,1015,29.771607543222164,-0.9838749057179986,186.7228714274745,1035.4112974404236,2025-12-11T03:40:00,NA,NA,NA,NA,NA,NA,NA,NA,NA,NA,NA,NA,"aqua",NaN,NaN,NaN
167,"DYS9mqhTmgLS","sE79SYk7jGrx","aydaDcGpvel0",1208,448.533940397351,1345.0,545,52.04094380228474,471,1147,425,1109,30.973898846218827,0.989266378378678,178.0243866176395,1128.7599337748345,2025-12-12T08:40:00,104400000 milliseconds,52677.23839580528,0.6706204760764517,0.06407518154634771,0.052651659671880964,0.004475855606356518,0.03958453470743146,326.0,0.27,0.989,0.01100000000000001,1.1124077076084684,"terra",104400.0,52677.23839580528,0.5045712490019663
168,"DZWyesbapzs1",NA,"5dwmBlOvbFMk",537,349.00558659217876,559.0,424,31.85544982412508,363,352,336,323,22.44941921417193,-0.7466581630978624,94.32590180780451,337.0111731843575,2025-12-09T09:58:00,NA,NA,NA,NA,NA,NA,NA,NA,NA,NA,NA,NA,"terra",NaN,NaN,NaN
168,"DZWyesbapzs1","5dwmBlOvbFMk","OjKYLL6dEBWP",543,328.48250460405154,560.0,625,32.10561328860859,343,337,316,307,22.24503372748059,-0.6736197309995051,95.1543289325507,321.3959484346225,2025-12-10T08:59:00,82860000 milliseconds,6447.054260843326,0.10332645662061585,0.011111111111111112,0.0017873100983020554,0.0078223673062652,0.00914589946802392,54.0,0.099,0.999,0.0010000000000000009,0.23319314460431814,"terra",82860.0,6447.054260843326,0.07780659257595132
168,"DZWyesbapzs1","OjKYLL6dEBWP","cFlml12Z1BNn",516,334.6492248062016,533.0,528,30.46739325177497,348,343,323,315,22.312272895979167,-0.6573313440749303,89.84062043356595,328.5736434108527,2025-12-11T03:40:00,67260000 milliseconds,2365.7417338887312,0.046666174847395825,0.05099150141643059,0.04940530649588289,0.052361877026840316,0.0030180984262264928,54.0,0.105,0.994,0.006000000000000005,0.3134429582127761,"aqua",67260.0,2365.7417338887312,0.035173085546962995
168,"DZWyesbapzs1","cFlml12Z1BNn","iZDC8MGfXKde",529,332.2514177693762,551.0,412,31.68926652454928,346,346,321,316,22.14758755908575,-0.6422522778085771,94.66904755831214,330.14555765595463,2025-12-12T08:40:00,104400000 milliseconds,716.7806925676308,0.00912515203778015,0.024880382775119617,0.033210332103321034,0.039315924541998226,0.007408270525718916,48.0,0.091,0.987,0.013000000000000012,0.21794006198393798,"terra",104400.0,716.7806925676308,0.006865715446050104
169,"DaI3ygIQYTIC",NA,"7XSdb7gXzYXB",479,811.0876826722338,487.0,1292,28.10397695522619,824,211,796,188,22.079398185999064,-1.3260748301572118,85.25483399593904,199.65762004175366,2025-12-10T03:01:00,NA,NA,NA,NA,NA,NA,NA,NA,NA,NA,NA,NA,"aqua",NaN,NaN,NaN
169,"DaI3ygIQYTIC","7XSdb7gXzYXB","7AnM3uwRQTgU",507,821.3214990138067,524.0,1450,30.457193744892052,837,223,805,199,21.613900221477437,-1.4189143505212378,92.32590180780451,211.12426035502958,2025-12-10T08:59:00,21480000 milliseconds,3842.3205633696307,0.23486067013261802,0.056795131845841784,0.07319485657764589,0.08036781920622055,0.021307522274032535,80.0,0.158,0.981,0.019000000000000017,0.6435260000363588,"terra",21480.0,3842.3205633696307,0.1788789833970964
169,"DaI3ygIQYTIC","7AnM3uwRQTgU","600U1TNWiv6O",473,934.6532769556026,501.0,1040,29.890119152133334,949,318,921,292,21.01564338610108,0.8906297576628185,91.49747468305833,304.25158562367864,2025-12-12T02:40:00,150060000 milliseconds,36671.506823368065,0.3251164220343815,0.06938775510204082,0.0448780487804878,0.018793698195853567,0.028067710078416217,99.0,0.209,0.994,0.006000000000000005,0.70124363419118,"aqua",150060.0,36671.506823368065,0.24437896057155847
169,"DaI3ygIQYTIC","600U1TNWiv6O","7vZCQAn9rQFb",472,929.1800847457627,481.0,924,28.42310129184074,942,325,918,299,22.016772525694115,0.5828600646891641,87.01219330881976,313.18220338983053,2025-12-12T08:40:00,21600000 milliseconds,2618.584620684428,0.1591844754215458,0.0021164021164021165,0.04073319755600815,0.0503151034747624,0.046529069696903846,125.0,0.265,0.992,0.008000000000000007,0.5718782482656224,"terra",21600.0,2618.584620684428,0.12123076947613093
170,"DiOI9leXhFU9",NA,"8e8vjqx7z8in",429,639.2797202797203,452.0,953,27.11994093443142,653,679,626,657,20.98912276139422,1.461599327378819,89.25483399593904,667.6107226107226,2025-12-10T03:01:00,NA,NA,NA,NA,NA,NA,NA,NA,NA,NA,NA,NA,"aqua",NaN,NaN,NaN
170,"DiOI9leXhFU9","8e8vjqx7z8in","FPgrGg9U4ijl",404,703.8415841584158,438.0,775,25.838902334276714,715,736,693,713,21.153513050936883,0.5920108752478334,90.66904755831213,725.4282178217821,2025-12-12T02:40:00,171540000 milliseconds,21666.646342898937,0.16808228030641897,0.060024009603841535,0.03146067415730337,0.04837864730748884,0.007801614036422539,93.0,0.23,0.988,0.01200000000000001,0.5577472254114753,"aqua",171540.0,21666.646342898937,0.12630667099742882
171,"E0r0Qf1mCyMX",NA,"RTVpIEQeIpYB",579,648.1709844559585,595.0,1135,30.788950576358737,661,622,635,590,24.545077125451805,-0.07189943354692975,98.5685424949238,606.9378238341969,2025-12-10T08:59:00,NA,NA,NA,NA,NA,NA,NA,NA,NA,NA,NA,NA,"terra",NaN,NaN,NaN
171,"E0r0Qf1mCyMX","RTVpIEQeIpYB","yGzqSIJirkDr",597,664.1993299832495,619.0,1024,32.468434145444824,677,609,651,575,24.085792375422713,-0.13854185478706352,103.39696961966999,592.9698492462312,2025-12-11T09:38:00,88740000 milliseconds,5315.144485526035,0.0795620759752419,0.030612244897959183,0.039538714991762765,0.05310000014930125,0.01888860942619306,58.0,0.097,0.988,0.01200000000000001,0.33070164544045816,"terra",88740.0,5315.144485526035,0.05989570076094247
172,"E12T65LHrOef",NA,"O5gG550R3sfc",375,393.72266666666667,380.0,797,25.925017972591817,407,618,382,600,18.998939748450063,-1.5437325062054807,75.69848480983498,608.2666666666667,2025-12-09T04:00:00,NA,NA,NA,NA,NA,NA,NA,NA,NA,NA,NA,NA,"aqua",NaN,NaN,NaN
172,"E12T65LHrOef","O5gG550R3sfc","MEK03O3YqIZS",392,405.82142857142856,397.0,531,24.879846514602313,419,629,395,609,20.516137968112226,-1.336234108157213,77.35533905932738,618.655612244898,2025-12-09T09:58:00,21480000 milliseconds,3986.7768141661845,0.24369051431333646,0.04432855280312908,0.043758043758043756,0.04114454269444808,0.07679085085166094,56.0,0.143,0.997,0.0030000000000000027,0.5957125044206183,"terra",21480.0,3986.7768141661845,0.18560413473771809
172,"E12T65LHrOef","MEK03O3YqIZS","ZkNB9DkPUbM5",413,395.75544794188863,434.0,752,25.1611851013828,409,615,384,592,21.94428901252981,1.4433261262140369,84.59797974644665,602.2397094430993,2025-12-10T08:59:00,82860000 milliseconds,4814.079811035894,0.07715489720387682,0.05217391304347826,0.08904933814681107,0.011244316022078753,0.06726974484117591,71.0,0.172,0.98,0.020000000000000018,0.48889220925742083,"terra",82860.0,4814.079811035894,0.05809895982423236
173,"E2EFH2EF0w5T",NA,"8Jqkcmlqdtob",314,1084.6942675159235,316.0,1863,22.102057608548247,1095,153,1074,136,18.42748150842305,-1.3942236685962184,66.8700576850888,145.04777070063693,2025-12-10T03:01:00,NA,NA,NA,NA,NA,NA,NA,NA,NA,NA,NA,NA,"aqua",NaN,NaN,NaN
173,"E2EFH2EF0w5T","8Jqkcmlqdtob","tDTcmLdshCfC",301,1080.375415282392,321.0,1697,22.187845550351863,1090,218,1070,196,18.405856310480857,0.2603353760613196,77.59797974644665,205.9435215946844,2025-12-11T09:38:00,110220000 milliseconds,15262.177436323107,0.1840701614463379,0.04227642276422764,0.015698587127158554,0.003873927720990154,0.0011742187497921506,76.0,0.252,0.975,0.025000000000000022,0.5240933178085064,"terra",110220.0,15262.177436323107,0.13847012734824085
174,"E37awRCniERh",NA,"lGRcVWj7HuRJ",692,879.2427745664739,709.0,1614,32.70961007132763,897,415,864,388,27.23147736102536,-1.502177344594384,104.32590180780451,401.5086705202312,2025-12-09T04:00:00,NA,NA,NA,NA,NA,NA,NA,NA,NA,NA,NA,NA,"aqua",NaN,NaN,NaN
174,"E37awRCniERh","lGRcVWj7HuRJ","adMHguwpSVh2",670,889.7298507462687,690.0,1299,31.49508727843909,907,436,875,408,27.459194268967817,-1.41581431894301,104.91168824543142,421.4223880597015,2025-12-09T09:58:00,21480000 milliseconds,5626.582627595912,0.3439231434960826,0.032305433186490456,0.027162258756254467,0.037832832892964456,0.008327449678550841,72.0,0.107,0.997,0.0030000000000000027,0.5595511180103427,"terra",21480.0,5626.582627595912,0.26194518750446516
174,"E37awRCniERh","adMHguwpSVh2","NKslZH6ptjOY",701,878.2895863052781,715.0,1440,32.71001666399115,896,397,863,369,27.60771649784947,-1.444255261902138,105.1543289325507,383.08416547788875,2025-12-10T03:01:00,61380000 milliseconds,10002.184015292643,0.21609990310667912,0.04522246535375638,0.03558718861209965,0.037845258739598917,0.005394245902428609,59.0,0.084,0.997,0.0030000000000000027,0.4271490617145627,"aqua",61380.0,10002.184015292643,0.16295509963005284
174,"E37awRCniERh","NKslZH6ptjOY","vV8h1dq58QN7",685,877.2335766423357,694.0,1560,33.310629408357734,895,407,861,380,26.49535409164084,-1.401386933391179,104.3259018078045,393.26861313868613,2025-12-10T08:59:00,21480000 milliseconds,2559.7623249501744,0.15646468978913047,0.023088023088023088,0.029808374733853796,0.018194694541716638,0.041120121061103264,50.0,0.073,0.999,0.0010000000000000009,0.34267590321382724,"terra",21480.0,2559.7623249501744,0.11916956820065988
174,"E37awRCniERh","vV8h1dq58QN7","5wHOihEQtUAl",708,885.1483050847457,741.0,1392,31.861811733775788,902,392,871,364,28.748540218785493,1.4505916907755851,107.91168824543144,377.9138418079096,2025-12-11T09:38:00,88740000 milliseconds,4318.65089566125,0.06464562376560512,0.033022254127781765,0.06550522648083623,0.04446105283741767,0.08157231329433637,129.0,0.182,0.989,0.01100000000000001,0.48220647050597715,"terra",88740.0,4318.65089566125,0.04866633869350067
175,"EIMRVB2qbPoF",NA,"15FLyxdGxuvB",639,961.5571205007825,683.0,1586,38.21428339062536,977,121,943,94,22.61850542523911,-1.2336425607939165,112.32590180780453,107.57433489827856,2025-12-10T03:01:00,NA,NA,NA,NA,NA,NA,NA,NA,NA,NA,NA,NA,"aqua",NaN,NaN,NaN
175,"EIMRVB2qbPoF","15FLyxdGxuvB","MmKDe0y6BBaN",621,959.1143317230274,653.0,1174,37.78333484453636,975,111,941,84,21.94637766045988,-1.1466902643470331,109.9827560572969,97.31884057971014,2025-12-11T03:40:00,88740000 milliseconds,2635.602169463789,0.03945216929067868,0.02857142857142857,0.04491017964071856,0.011341106631934219,0.030164008889542793,63.0,0.101,0.988,0.01200000000000001,0.26743889302430285,"aqua",88740.0,2635.602169463789,0.029700272362675105
175,"EIMRVB2qbPoF","MmKDe0y6BBaN","CI83YLGafwBu",589,959.3157894736842,606.0,942,35.74488841859498,976,108,943,79,21.948463047299494,-0.9563000292123094,101.7401153701776,93.40407470288625,2025-12-12T08:40:00,104400000 milliseconds,979.9865144366923,0.012475958172332175,0.05289256198347107,0.07466243050039714,0.05544663900408708,9.501740095141305e-5,83.0,0.141,0.977,0.02300000000000002,0.3595726070612389,"terra",104400.0,979.9865144366923,0.009386844008014294
176,"EIv4ZXwX9HeH",NA,"4X7wnaPfKgCv",366,1142.931693989071,382.0,2089,26.59014153486479,1155,318,1131,299,17.79930978230179,-1.2319698665468426,76.18376618407356,308.7103825136612,2025-12-09T04:00:00,NA,NA,NA,NA,NA,NA,NA,NA,NA,NA,NA,NA,"aqua",NaN,NaN,NaN
176,"EIv4ZXwX9HeH","4X7wnaPfKgCv","rklO813sNXbj",423,1122.9739952718676,447.0,1935,27.416893504985442,1135,296,1111,274,20.264905428041963,-1.036496832239641,87.01219330881975,284.3404255319149,2025-12-10T03:01:00,82860000 milliseconds,7874.819606579994,0.1262091450689958,0.1444866920152091,0.15681544028950542,0.030616454671529878,0.12954926994371133,68.0,0.161,0.972,0.028000000000000025,0.7766770019889516,"aqua",82860.0,7874.819606579994,0.09503764912599558
176,"EIv4ZXwX9HeH","rklO813sNXbj","nZLUoi5IL8iB",432,1087.013888888889,458.0,1701,26.594915872931516,1099,175,1074,150,21.39142738951934,0.904898563062307,94.32590180780451,162.48611111111111,2025-12-11T09:38:00,110220000 milliseconds,31762.402296228367,0.3830718482328694,0.021052631578947368,0.02430939226519337,0.03043695967682195,0.054086468264554564,90.0,0.208,0.985,0.015000000000000013,0.7359573000183867,"terra",110220.0,31762.402296228367,0.2881727662513915
176,"EIv4ZXwX9HeH","nZLUoi5IL8iB","UkpEktnDPIm9",410,1086.5219512195122,423.0,1044,25.78799532500991,1098,214,1073,192,20.573234757141925,-0.8623306926203302,80.35533905932738,202.88780487804877,2025-12-12T08:40:00,82920000 milliseconds,10101.172153232888,0.1617740575469713,0.052256532066508314,0.07945516458569807,0.03080854154411019,0.03899436290076316,91.0,0.222,0.965,0.03500000000000003,0.620288658644051,"terra",82920.0,10101.172153232888,0.12181828453006378
177,"ELgSGq7JYXxk",NA,"bmkaglgC5kr5",2524,518.229793977813,2585.0,681,81.22421863577084,557,981,480,938,40.40234273481803,-1.4427437607505915,218.26702730475878,961.5657686212361,2025-12-09T09:58:00,NA,NA,NA,NA,NA,NA,NA,NA,NA,NA,NA,NA,"terra",NaN,NaN,NaN
177,"ELgSGq7JYXxk","bmkaglgC5kr5","Nx4uQwq9M68E",2453,508.7309417040359,2572.0,892,79.98464158693135,547,966,470,923,39.95985777116226,-1.4354082989646244,225.88834764831842,946.8569099062372,2025-12-10T08:59:00,82860000 milliseconds,4377.347364677881,0.07015541893866305,0.02853124372111714,0.005041690905565251,0.01537852258402023,0.01101226598748592,124.0,0.051,0.991,0.009000000000000008,0.19011914213685158,"terra",82860.0,4377.347364677881,0.05282823273808691
177,"ELgSGq7JYXxk","Nx4uQwq9M68E","B9XTg8ZkvJLs",2282,652.0674846625767,2547.0,692,74.05622763095977,687,825,616,779,41.85631953026692,1.4441681164255264,246.7645019878171,802.0929009640666,2025-12-12T02:40:00,150060000 milliseconds,50930.08862175338,0.4515278923866606,0.07222808870116157,0.009767532721234616,0.07697196187053224,0.04635908989288681,677.0,0.297,0.986,0.014000000000000012,0.967854565572476,"aqua",150060.0,50930.08862175338,0.3393981648790709
178,"ENq238VVJ6mj",NA,"Qb7PttvRdFWL",980,715.4030612244898,1026.0,1279,43.1810239620556,737,1022,697,989,29.578491334020242,-1.0338879551366427,131.1543289325507,1004.3602040816327,2025-12-09T04:00:00,NA,NA,NA,NA,NA,NA,NA,NA,NA,NA,NA,NA,"aqua",NaN,NaN,NaN
178,"ENq238VVJ6mj","Qb7PttvRdFWL","RuKi2iiHXjUY",893,718.8924972004479,1032.0,1009,43.7263839380883,740,1120,703,1079,28.935799023130958,0.7818915371340188,170.33809511662423,1100.4120940649495,2025-12-09T09:58:00,21480000 milliseconds,24028.81308554055,1.4687538560843858,0.09289909236518953,0.0058309037900874635,0.012550368011420038,0.02196702060185676,241.0,0.27,0.936,0.06399999999999995,1.9360012408529395,"terra",21480.0,24028.81308554055,1.1186598270735824
178,"ENq238VVJ6mj","RuKi2iiHXjUY","4ULascotu8SC",905,715.7767955801105,926.0,1264,40.843181847286495,736,1012,699,981,28.631017257420694,-1.0148305131194615,121.98275605729691,996.2397790055248,2025-12-10T08:59:00,82860000 milliseconds,26054.724645238308,0.4175771238919514,0.013348164627363738,0.10827374872318693,0.06818533509132466,0.01058880047230372,228.0,0.252,0.91,0.08999999999999997,0.9599731728061304,"terra",82860.0,26054.724645238308,0.3144427304518261
178,"ENq238VVJ6mj","4ULascotu8SC","UUEl4pympNVj",913,713.8860898138007,945.0,948,40.418186221593814,735,1015,696,984,29.323990624507246,-1.1323632881660959,121.9827560572969,999.1697699890472,2025-12-11T03:40:00,67260000 milliseconds,871.7660042364855,0.017196291631058003,0.0088008800880088,0.020309994655264563,0.010459967283160626,0.023914184206422683,71.0,0.078,0.999,0.0010000000000000009,0.15968131786391468,"aqua",67260.0,871.7660042364855,0.012961135953560594
178,"ENq238VVJ6mj","UUEl4pympNVj","SsX9c8OHSNrO",933,707.6237942122186,967.0,1094,41.19457250152778,729,1008,690,978,29.350394003291,-1.1813107021205234,123.15432893255071,992.390139335477,2025-12-11T09:38:00,21480000 milliseconds,2307.321742849577,0.1410343363599986,0.021668472372697724,0.02301255230125523,0.01902610062644554,0.0008999967856925966,62.0,0.066,0.993,0.007000000000000006,0.2786414584460897,"terra",21480.0,2307.321742849577,0.10741721335426335
178,"ENq238VVJ6mj","SsX9c8OHSNrO","UquzQl0tnHeq",1031,704.1134820562561,1081.0,766,42.76973657894078,726,961,683,928,31.690362594444114,-1.511197620573887,140.61017305526642,945.9291949563531,2025-12-12T02:40:00,61320000 milliseconds,11648.34120173433,0.2519104931170919,0.09979633401221996,0.111328125,0.0375198484847512,0.07666905594154894,156.0,0.151,0.979,0.02100000000000002,0.7492238565556121,"aqua",61320.0,11648.34120173433,0.18995990218092515
179,"ESZ5gAaHbG1u",NA,"0EYk2g9S9zwx",1071,641.7889822595705,1210.0,886,45.629758868093056,658,849,625,806,32.371396510343246,0.19073602205716927,156.12489168102786,827.5518207282913,2025-12-09T09:58:00,NA,NA,NA,NA,NA,NA,NA,NA,NA,NA,NA,NA,"terra",NaN,NaN,NaN
179,"ESZ5gAaHbG1u","0EYk2g9S9zwx","BHKNmiVIv36J",1120,831.0526785714286,1219.0,1274,47.091764347410226,851,927,810,889,32.028619074690965,-0.9685284726816448,150.53910524340094,907.9044642857143,2025-12-11T09:38:00,171600000 milliseconds,51403.607648377605,0.3986320872305359,0.04472843450479233,0.007410456978180321,0.03153540685303839,0.010645259400587404,334.0,0.298,0.984,0.016000000000000014,0.8069516449671343,"terra",171600.0,51403.607648377605,0.2995548231257436
180,"EfeT4cH3t8PV",NA,"9OPohQ1L88MX",696,1081.7887931034484,778.0,1958,40.01050195286883,1099,379,1064,347,23.75720200154657,-0.9454628194513216,139.53910524340094,363.6925287356322,2025-12-09T04:00:00,NA,NA,NA,NA,NA,NA,NA,NA,NA,NA,NA,NA,"aqua",NaN,NaN,NaN
180,"EfeT4cH3t8PV","9OPohQ1L88MX","x86nI8m930as",779,1147.655969191271,877.0,1658,44.810026387785534,1165,420,1130,378,23.780581943770173,0.6494266978210843,141.1959594928933,399.7073170731707,2025-12-09T09:58:00,21480000 milliseconds,18767.57487127387,1.1471622781952244,0.11254237288135593,0.11963746223564954,0.11316893513421561,0.000983636185081607,232.0,0.298,0.98,0.020000000000000018,1.8114946846315272,"terra",21480.0,18767.57487127387,0.8737232249196402
181,"EnkMGvHpvmKf",NA,"bIEzc734m0jU",304,1075.0493421052631,312.0,1846,31.20584539879171,1084,1112,1066,1085,12.572818025920645,-0.44690482751556315,75.59797974644665,1098.7598684210527,2025-12-10T03:01:00,NA,NA,NA,NA,NA,NA,NA,NA,NA,NA,NA,NA,"aqua",NaN,NaN,NaN
181,"EnkMGvHpvmKf","bIEzc734m0jU","byyA6qshawnU",330,1077.1575757575758,340.0,1952,32.11671262498807,1085,1112,1069,1082,13.226699029820592,-0.3291261572574361,79.25483399593904,1097.3939393939395,2025-12-10T08:59:00,21480000 milliseconds,628.0132980207461,0.03838712090591358,0.08201892744479496,0.08588957055214724,0.02876912287258823,0.05068939875790716,36.0,0.109,0.992,0.008000000000000007,0.4027541405333512,"terra",21480.0,628.0132980207461,0.029237118157390416
181,"EnkMGvHpvmKf","byyA6qshawnU","sQuvGOYRJdFr",317,1088.2712933753944,323.0,1299,31.451031587863614,1099,1125,1078,1098,12.91582598094328,-0.6103042880640451,77.84062043356595,1111.2555205047317,2025-12-12T02:40:00,150060000 milliseconds,4441.692738836199,0.03937845417648122,0.0401854714064915,0.05128205128205128,0.020943988035676472,0.02378293976953746,35.0,0.11,0.999,0.0010000000000000009,0.28657290467023794,"aqua",150060.0,4441.692738836199,0.029599445147515654
182,"Es5TWBZatZCt",NA,"4niq7YJBiqPb",542,61.43726937269373,558.0,100,31.042988404515775,75,1067,48,1039,22.627681283200832,-0.6992892921421787,93.04772721475248,1053.0369003690037,2025-12-09T04:00:00,NA,NA,NA,NA,NA,NA,NA,NA,NA,NA,NA,NA,"aqua",NaN,NaN,NaN
182,"Es5TWBZatZCt","4niq7YJBiqPb","H08oGA4aTYZy",483,59.41614906832298,511.0,101,30.075546930158225,71,1068,47,1039,21.616866921401098,-0.40183580279429554,93.49747468305831,1053.8219461697722,2025-12-10T03:01:00,82860000 milliseconds,542.0576649469621,0.008687517668835036,0.1151219512195122,0.08793264733395698,0.031657874949391894,0.04569215430228301,104.0,0.215,0.992,0.008000000000000007,0.5120921454739791,"aqua",82860.0,542.0576649469621,0.006541849685577626
182,"Es5TWBZatZCt","H08oGA4aTYZy","nOniamoop6kB",523,11.567877629063098,557.0,19,28.471385041750143,25,999,1,969,24.842610712527634,0.10917492587895472,97.63351365237939,985.7342256214149,2025-12-11T09:38:00,110220000 milliseconds,20804.739197470568,0.2509164710543396,0.07952286282306163,0.08614232209737828,0.05479917851810858,0.13886268014218134,100.0,0.191,0.979,0.02100000000000002,0.8222435146350695,"terra",110220.0,20804.739197470568,0.18875647974478832
183,"F10YuYWsE0IL",NA,"fc50fU4KvZba",389,906.7994858611826,398.0,1663,26.53797980224246,921,778,895,757,19.45614785364009,-1.3965306913471747,78.42640687119284,766.6889460154241,2025-12-09T04:00:00,NA,NA,NA,NA,NA,NA,NA,NA,NA,NA,NA,NA,"aqua",NaN,NaN,NaN
183,"F10YuYWsE0IL","fc50fU4KvZba","19d1fCjXJZqr",384,923.5390625,389.0,1361,24.944524813658433,937,801,912,779,20.423990511601822,-1.3557733845013444,79.01219330881976,789.2369791666666,2025-12-09T09:58:00,21480000 milliseconds,7020.626864089371,0.42913367139910585,0.0129366106080207,0.022871664548919948,0.06190277650523916,0.048537577733444824,52.0,0.135,0.994,0.006000000000000005,0.7163823007947304,"terra",21480.0,7020.626864089371,0.32684482607492416
183,"F10YuYWsE0IL","19d1fCjXJZqr","c8mLBJTOj1Ud",392,905.015306122449,405.0,1496,26.325752500369877,919,756,893,733,20.00521972129438,-1.2117768952515913,80.66904755831214,743.3469387755102,2025-12-10T03:01:00,61380000 milliseconds,12371.907081763973,0.26729841377906394,0.020618556701030927,0.04030226700251889,0.05388025027645091,0.02071624886536607,46.0,0.117,0.999,0.0010000000000000009,0.5208157366244307,"aqua",61380.0,12371.907081763973,0.20156251355105853
183,"F10YuYWsE0IL","c8mLBJTOj1Ud","DXtqwbSiL2BO",402,902.7363184079602,410.0,1625,26.43991198031268,917,762,891,740,20.23920926660048,-1.2063166746881802,79.25483399593904,749.726368159204,2025-12-10T08:59:00,21480000 milliseconds,1693.570641136757,0.10351898784454505,0.02518891687657431,0.012269938650306749,0.004327036570707695,0.011628419196926863,54.0,0.134,0.994,0.006000000000000005,0.2969332991390607,"terra",21480.0,1693.570641136757,0.07884407081642258
183,"F10YuYWsE0IL","DXtqwbSiL2BO","mvTUetzIic02",386,907.9559585492228,393.0,1435,25.999575377440575,922,752,896,731,19.615946978204473,-1.3019291098635415,79.59797974644665,740.6424870466321,2025-12-11T09:38:00,88740000 milliseconds,2619.178536197217,0.039206324918751846,0.04060913705583756,0.04234122042341221,0.016794084956171875,0.03127636908849139,45.0,0.117,0.994,0.006000000000000005,0.2932271364426649,"terra",88740.0,2619.178536197217,0.0295151964863333
183,"F10YuYWsE0IL","mvTUetzIic02","81aszCfrdaa2",403,903.6079404466501,411.0,996,26.143863899604693,916,764,892,741,20.349907467867776,-0.8490768872645292,79.59797974644667,751.6451612903226,2025-12-12T02:40:00,61320000 milliseconds,2957.660624685799,0.06396324880375863,0.043092522179974654,0.04477611940298507,0.0055342924887440935,0.03672937810718746,51.0,0.127,0.997,0.0030000000000000027,0.3240955609826499,"aqua",61320.0,2957.660624685799,0.04823321305749836
184,"F3q5Bg6LmsuX",NA,"urOYXGNqCTrz",516,239.7093023255814,531.0,488,30.523560175410122,250,487,229,456,21.77002093212947,0.09398972824341048,91.25483399593904,470.5891472868217,2025-12-09T04:00:00,NA,NA,NA,NA,NA,NA,NA,NA,NA,NA,NA,NA,"aqua",NaN,NaN,NaN
184,"F3q5Bg6LmsuX","urOYXGNqCTrz","RszAwU1rQZU1",435,248.95402298850576,442.0,239,27.410498977897703,259,486,239,460,20.455441189425997,0.23265719366630744,82.18376618407356,473.88045977011495,2025-12-09T09:58:00,21480000 milliseconds,2453.283488487706,0.14995620345279378,0.17034700315457413,0.1829393627954779,0.10746912068683087,0.062264788904815745,90.0,0.207,0.983,0.017000000000000015,0.8969764789944924,"terra",21480.0,2453.283488487706,0.11421245290911108
184,"F3q5Bg6LmsuX","RszAwU1rQZU1","vPe0bG14blfU",444,245.19819819819818,475.0,409,29.419299000419496,256,482,235,452,19.799584698195112,0.4145901485936556,95.46194077712558,466.1801801801802,2025-12-11T03:40:00,150120000 milliseconds,2141.852667940991,0.018981324600682303,0.020477815699658702,0.07197382769901854,0.0706953075317364,0.03258507362841214,79.0,0.178,0.966,0.03400000000000003,0.4267133491595081,"aqua",150120.0,2141.852667940991,0.014267603703310625
184,"F3q5Bg6LmsuX","vPe0bG14blfU","7skH8sS8jeA5",452,194.86725663716814,494.0,168,29.301678164048734,207,476,183,446,21.52707290069673,-0.5297472212880244,108.81118318204308,459.3340707964602,2025-12-12T08:40:00,104400000 milliseconds,12698.60448069413,0.16166269230673622,0.017857142857142856,0.0392156862745098,0.004006092611208567,0.08360164130708408,123.0,0.272,0.989,0.01100000000000001,0.5893432553566815,"terra",104400.0,12698.60448069413,0.12163414253538439
185,"F3tlXbpkxDDT",NA,"yoyMF9f5ExVx",583,224.0017152658662,607.0,396,35.38489710851668,238,931,204,908,22.424537426664347,1.5017176072367846,103.84062043356593,920.1372212692968,2025-12-10T08:59:00,NA,NA,NA,NA,NA,NA,NA,NA,NA,NA,NA,NA,"terra",NaN,NaN,NaN
185,"F3tlXbpkxDDT","yoyMF9f5ExVx","3qQsGFHvn5Zk",579,267.7357512953368,625.0,284,34.212686850491494,281,927,251,896,23.551256119644766,1.0120426981135664,107.9827560572969,909.958549222798,2025-12-12T08:40:00,171660000 milliseconds,11225.727348531831,0.08702451527990876,0.0068846815834767644,0.02922077922077922,0.033685372144975634,0.04901356153191923,193.0,0.333,0.996,0.0040000000000000036,0.5428289097610597,"terra",171660.0,11225.727348531831,0.06539512611285
186,"F81YOcoptSj3",NA,"qhWqDZembESp",304,375.2203947368421,320.0,602,21.27108043877566,387,948,365,929,18.875648285184063,0.8210666461801391,72.56244584051392,938.5032894736842,2025-12-10T03:01:00,NA,NA,NA,NA,NA,NA,NA,NA,NA,NA,NA,NA,"aqua",NaN,NaN,NaN
186,"F81YOcoptSj3","qhWqDZembESp","htL3nB2ipFIf",323,355.90712074303406,330.0,354,21.4810949076327,365,841,345,820,19.858303728031252,0.20886890878044534,74.42640687119285,830.6904024767802,2025-12-12T02:40:00,171540000 milliseconds,27382.272042061148,0.21242210963159805,0.06060606060606061,0.03076923076923077,0.009824738374379962,0.05073871328760491,62.0,0.192,0.984,0.016000000000000014,0.5723608526688744,"aqua",171540.0,27382.272042061148,0.1596261632392512
187,"F8k5XJO9TBGL",NA,"NJEbGNqvVlto",376,602.5851063829788,411.0,1113,30.088158634081374,612,451,595,422,16.82985496950719,-0.04898029698568179,85.52691193458118,435.4175531914894,2025-12-09T04:00:00,NA,NA,NA,NA,NA,NA,NA,NA,NA,NA,NA,NA,"aqua",NaN,NaN,NaN
187,"F8k5XJO9TBGL","NJEbGNqvVlto","M3yudYVSH7KU",366,679.8688524590164,387.0,912,29.392841104670516,693,484,666,462,16.905372203670577,-1.0660372527179955,83.84062043356595,474.0409836065574,2025-12-11T03:40:00,171600000 milliseconds,21599.402168481793,0.16750214942599295,0.026954177897574125,0.06015037593984962,0.023379483615432843,0.00447705502475057,89.0,0.243,0.983,0.017000000000000015,0.5424632419036002,"aqua",171600.0,21599.402168481793,0.12587064200746964
188,"FMfnK4ApVnaQ",NA,"YEulklcBQraC",1148,696.7317073170732,1232.0,960,52.182700051510146,725,475,673,442,29.718076477654044,1.4769049305790058,157.4386001800126,459.18815331010455,2025-12-09T09:58:00,NA,NA,NA,NA,NA,NA,NA,NA,NA,NA,NA,NA,"terra",NaN,NaN,NaN
188,"FMfnK4ApVnaQ","YEulklcBQraC","Ylf8n6AcZ4bP",1164,681.2310996563574,1242.0,1017,52.421690437631135,710,425,657,392,29.99140323889054,1.4606623918531305,157.78174593052023,409.3659793814433,2025-12-10T03:01:00,61380000 milliseconds,13044.438117520656,0.28182862952405,0.01384083044982699,0.008084074373484237,0.004569414056206327,0.00915522166778359,85.0,0.073,0.994,0.006000000000000005,0.39647817007135117,"aqua",61380.0,13044.438117520656,0.21251935675335054
188,"FMfnK4ApVnaQ","Ylf8n6AcZ4bP","Ei22bnkitNfI",1162,682.3072289156627,1239.0,1179,51.829952358968335,710,438,659,405,30.280484101527787,1.4616641293801398,162.0243866176395,422.5378657487091,2025-12-10T08:59:00,21480000 milliseconds,3303.943142811479,0.20195251484177745,0.0017196904557179708,0.0024183796856106408,0.011352110389613961,0.009592560491909062,53.0,0.046,0.994,0.006000000000000005,0.2790352558646291,"terra",21480.0,3303.943142811479,0.15381485767278766
188,"FMfnK4ApVnaQ","Ei22bnkitNfI","Pn0D6igu1rDa",1167,688.675235646958,1234.0,1044,52.286750397687086,717,422,665,390,29.97053535163613,1.3900585853094376,156.85281374238568,407.4044558697515,2025-12-11T09:38:00,88740000 milliseconds,4104.658971022707,0.06144239160276487,0.004293688278231,0.0040436716538617065,0.008774731174236152,0.010288581096377798,71.0,0.061,0.991,0.009000000000000008,0.15884306380547153,"terra",88740.0,4104.658971022707,0.046254890365367445
189,"FRY0H7cWk8HP",NA,"V59ilALdibED",699,262.307582260372,722.0,526,33.83862347652406,279,611,247,577,26.786896154755862,0.7264145745470125,108.43250352560274,594.0529327610873,2025-12-09T04:00:00,NA,NA,NA,NA,NA,NA,NA,NA,NA,NA,NA,NA,"aqua",NaN,NaN,NaN
189,"FRY0H7cWk8HP","V59ilALdibED","YhX0v0mZIHzG",657,261.234398782344,724.0,453,31.642080454138465,278,595,247,561,28.474254094855212,0.3674418972783172,125.74621202458749,578.7427701674277,2025-12-10T03:01:00,82860000 milliseconds,3836.9323800222023,0.06149422838404042,0.061946902654867256,0.0027662517289073307,0.06708978036373939,0.06106850590252509,173.0,0.263,0.996,0.0040000000000000036,0.5213656690340795,"aqua",82860.0,3836.9323800222023,0.046306207820687936
189,"FRY0H7cWk8HP","YhX0v0mZIHzG","20PasvLOkKc0",691,267.49204052098406,711.0,495,33.53810594533064,284,604,253,572,26.548157872197216,0.7342903434862798,106.81118318204308,587.1881331403763,2025-12-10T08:59:00,21480000 milliseconds,2627.76325838656,0.16062122606274817,0.050445103857566766,0.018118466898954706,0.05817797081990608,0.07001133370203211,174.0,0.252,0.986,0.014000000000000012,0.6233741013412079,"terra",21480.0,2627.76325838656,0.1223353472247002
189,"FRY0H7cWk8HP","20PasvLOkKc0","IJNLC8r95UAj",636,271.36006289308176,650.0,408,30.466672048632724,285,593,257,562,26.9407917553627,0.6186123885356344,99.98275605729688,577.3223270440252,2025-12-11T09:38:00,88740000 milliseconds,2649.2419552799283,0.039656342418680164,0.0828937452901281,0.0896399706098457,0.09597514413650812,0.014680934507010067,94.0,0.148,0.985,0.015000000000000013,0.48584613696217216,"terra",88740.0,2649.2419552799283,0.029853977409059367
190,"FTaJFgnZCuzH",NA,"bYfq9rW2GfAj",384,403.2578125,415.0,643,34.03546095439663,413,749,395,717,15.468355271626079,0.3309357446983256,89.84062043356595,734.234375,2025-12-11T09:38:00,NA,NA,NA,NA,NA,NA,NA,NA,NA,NA,NA,NA,"terra",NaN,NaN,NaN
190,"FTaJFgnZCuzH","bYfq9rW2GfAj","5w7qJJz9d3np",373,363.7292225201072,393.0,457,32.00544040818523,376,831,353,802,15.656094838753441,0.5373464119356605,89.49747468305831,816.3163538873995,2025-12-12T08:40:00,82920000 milliseconds,22776.030003972894,0.36476665605337755,0.02906208718626156,0.054455445544554455,0.06147767532929505,0.012063799775518236,95.0,0.255,0.992,0.008000000000000007,0.7848256638890069,"terra",82920.0,22776.030003972894,0.27467474679176185
191,"FVPrEl9qMSNe",NA,"vSoXjhpHQh4N",340,178.9205882352941,351.0,357,27.121171092589194,190,529,167,507,16.247058898679533,0.8256463851920103,75.01219330881976,518.0529411764705,2025-12-09T04:00:00,NA,NA,NA,NA,NA,NA,NA,NA,NA,NA,NA,NA,"aqua",NaN,NaN,NaN
191,"FVPrEl9qMSNe","vSoXjhpHQh4N","7tq68NVdwiT8",316,188.10759493670886,320.0,179,24.6140173056964,197,533,180,511,16.49208294083855,0.4228903989993851,68.87005768508881,522.0094936708861,2025-12-09T09:58:00,21480000 milliseconds,2500.692401277411,0.15285405875778796,0.07317073170731707,0.09239940387481371,0.09692257299195901,0.014968262965479326,64.0,0.203,0.992,0.008000000000000007,0.6413150302973571,"terra",21480.0,2500.692401277411,0.11641957175406942
191,"FVPrEl9qMSNe","7tq68NVdwiT8","e1RtfKmORm3F",315,154.1174603174603,318.0,273,25.21451463286358,166,505,141,489,16.276094899655703,1.4259568675207548,70.52691193458118,496.43809523809523,2025-12-10T08:59:00,82860000 milliseconds,10633.748366765996,0.1704262900355156,0.003169572107765452,0.006269592476489028,0.02410254943523562,0.013182792295269656,50.0,0.159,0.997,0.0030000000000000027,0.3791507963502754,"terra",82860.0,10633.748366765996,0.12833391705003616
191,"FVPrEl9qMSNe","e1RtfKmORm3F","vIj1MFYrBoeL",312,90.7051282051282,346.0,47,25.95587554682074,101,484,79,463,16.51875052610754,-0.8194236730915595,79.94112549695429,472.45512820512823,2025-12-12T02:40:00,150060000 milliseconds,16949.016512081696,0.15026389921611505,0.009569377990430622,0.08433734939759036,0.028976168106355164,0.01479840037673774,73.0,0.234,0.843,0.15700000000000003,0.678945195087229,"aqua",150060.0,16949.016512081696,0.11294826410823468
192,"FXX68qz5mPHA",NA,"8Z66kkMUXypX",439,771.375854214123,494.0,1402,29.09504739362169,787,541,758,512,21.052048643333052,0.7084457297384403,103.81118318204308,526.4738041002278,2025-12-09T04:00:00,NA,NA,NA,NA,NA,NA,NA,NA,NA,NA,NA,NA,"aqua",NaN,NaN,NaN
192,"FXX68qz5mPHA","8Z66kkMUXypX","qzSzFDMfPcQL",421,727.6912114014252,448.0,962,27.563150776031065,741,480,713,459,20.403400768824795,1.3322662641723815,89.25483399593904,469.87410926365794,2025-12-11T03:40:00,171600000 milliseconds,17874.341724357673,0.13861451511715916,0.04186046511627907,0.09766454352441614,0.05407502063527108,0.03129373260722747,115.0,0.273,0.964,0.03600000000000003,0.672508277000353,"aqua",171600.0,17874.341724357673,0.10416283056152491
192,"FXX68qz5mPHA","qzSzFDMfPcQL","DZuVsJ4f5g6E",473,723.2748414376322,517.0,1120,29.43697945453594,737,482,707,459,21.95035162267538,1.5155378606796461,95.84062043356595,470.1754756871036,2025-12-11T09:38:00,21480000 milliseconds,1106.6601041612157,0.06764426064555108,0.116331096196868,0.14300518134715026,0.06574822446633681,0.07304905782851191,99.0,0.209,0.972,0.028000000000000025,0.7027778204844181,"terra",21480.0,1106.6601041612157,0.051520489020540766
193,"Fa1PtbfrD9uo",NA,"vYF2MuCOv0x5",1196,1085.569397993311,1386.0,1959,48.09470761459798,1113,1077,1064,1037,35.83301962082553,1.4739628073230377,177.373629022557,1057.7658862876253,2025-12-09T04:00:00,NA,NA,NA,NA,NA,NA,NA,NA,NA,NA,NA,NA,"aqua",NaN,NaN,NaN
193,"Fa1PtbfrD9uo","vYF2MuCOv0x5","fkhP0taMdso0",1121,1084.6583407671721,1333.0,1840,47.8276570289101,1112,1073,1062,1037,33.80638472110469,1.4398736181924465,167.26702730475878,1055.8974130240856,2025-12-10T03:01:00,82860000 milliseconds,519.688464723253,0.008329008169296466,0.06473888649115235,0.03898492092681133,0.005568056765079966,0.058203682781950296,155.0,0.138,0.987,0.013000000000000012,0.32682455513429043,"aqua",82860.0,519.688464723253,0.006271885888525863
193,"Fa1PtbfrD9uo","fkhP0taMdso0","I1RRZjtYhl5s",1152,1084.1067708333333,1364.0,1933,48.41546278346029,1112,1073,1062,1036,34.415968179885574,1.4727376147064495,169.05992052357226,1055.173611111111,2025-12-10T08:59:00,21480000 milliseconds,227.50255508738485,0.013906024149595651,0.027276726792784867,0.022988505747126436,0.012215018708789542,0.017870490619564486,109.0,0.095,0.98,0.020000000000000018,0.20925676601786103,"terra",21480.0,227.50255508738485,0.010591366624179928
193,"Fa1PtbfrD9uo","I1RRZjtYhl5s","fZMdflQDyKkg",1133,1089.8508384819065,1336.0,1691,46.62521678774849,1117,1071,1067,1033,35.303166866478406,1.3870755805095676,172.92388155425118,1053.9885260370697,2025-12-11T09:38:00,88740000 milliseconds,1466.2609714871187,0.02194837170102715,0.01663019693654267,0.02074074074074074,0.037673257468039595,0.025450650987073643,134.0,0.118,0.983,0.017000000000000015,0.25744321783342383,"terra",88740.0,1466.2609714871187,0.016523112142068048
194,"FiNTCBOfBmMJ",NA,"Uu5obdyi1812",660,1167.1772727272728,689.0,2003,36.80775647219418,1179,393,1154,357,23.40123473416048,-0.2647021091319673,108.94722215136416,373.51060606060605,2025-12-10T03:01:00,NA,NA,NA,NA,NA,NA,NA,NA,NA,NA,NA,NA,"aqua",NaN,NaN,NaN
194,"FiNTCBOfBmMJ","Uu5obdyi1812","RolOLo7kdJPE",595,1168.766386554622,668.0,1426,38.019085979889645,1181,383,1153,349,21.366796147394172,-0.44928021274444124,122.84671708797582,366.1798319327731,2025-12-12T02:40:00,171540000 milliseconds,1875.2588499587434,0.01454760366129121,0.10358565737051793,0.030950626381724394,0.03237687086612415,0.09088800855007169,158.0,0.266,0.972,0.028000000000000025,0.5663487668297293,"aqua",171540.0,1875.2588499587434,0.010931904220349443
195,"FiaV72ngixIm",NA,"lNkXKIi6JDb0",512,329.3125,580.0,624,28.0388602072235,345,854,315,824,26.078491120828932,-0.2897843032078622,105.94722215136416,841.37890625,2025-12-10T08:59:00,NA,NA,NA,NA,NA,NA,NA,NA,NA,NA,NA,NA,"terra",NaN,NaN,NaN
195,"FiaV72ngixIm","lNkXKIi6JDb0","lpK4WePcw9m9",538,337.1691449814126,606.0,319,30.946055799189235,349,811,319,781,24.821676509699167,0.8237951878682763,108.81118318204308,796.0520446096655,2025-12-12T02:40:00,150060000 milliseconds,11500.682742032062,0.10196092683214737,0.049523809523809526,0.04384485666104553,0.09857420468818401,0.049383515600682354,148.0,0.275,0.989,0.01100000000000001,0.6292873133058688,"aqua",150060.0,11500.682742032062,0.07664056205539159
196,"Fio5mOQAac5q",NA,"ZlugWrqGYReP",315,565.9111111111112,349.0,1052,24.17148792829688,578,503,558,481,19.315533619516586,0.818999604746654,82.76955262170047,493.10793650793653,2025-12-09T04:00:00,NA,NA,NA,NA,NA,NA,NA,NA,NA,NA,NA,NA,"aqua",NaN,NaN,NaN
196,"Fio5mOQAac5q","ZlugWrqGYReP","MIM0WvxwssOt",338,638.5887573964498,351.0,956,25.291285710119748,653,495,627,475,18.0499688798911,-1.4174185322694188,76.42640687119285,485.1508875739645,2025-12-10T03:01:00,82860000 milliseconds,18277.983506999644,0.29293987510216596,0.07044410413476264,0.005714285714285714,0.04527840634287221,0.06773974147118976,100.0,0.296,0.967,0.03300000000000003,0.8111164127652764,"aqua",82860.0,18277.983506999644,0.220588746162197
196,"Fio5mOQAac5q","MIM0WvxwssOt","pFHJ5PapxBbW",363,637.1873278236915,380.0,1118,26.189110205362397,652,509,625,488,18.811621234794373,-1.387809716396896,80.42640687119284,498.6721763085399,2025-12-10T08:59:00,21480000 milliseconds,3398.430280025964,0.2077280122265259,0.07132667617689016,0.07934336525307797,0.03488024826835638,0.04132498639009251,47.0,0.129,0.985,0.015000000000000013,0.578603288314943,"terra",21480.0,3398.430280025964,0.15821370018742847
196,"Fio5mOQAac5q","pFHJ5PapxBbW","HeS5kDctOrJ2",350,645.4914285714286,370.0,997,26.40160248148754,660,490,634,471,17.98899682632898,-1.3837867109302184,78.42640687119284,480.72857142857146,2025-12-11T09:38:00,88740000 milliseconds,4942.994065575266,0.07399137887246862,0.0364656381486676,0.02666666666666667,0.008080981042809713,0.0447070974242373,39.0,0.111,0.994,0.006000000000000005,0.3069117621548499,"terra",88740.0,4942.994065575266,0.05570198406102396
196,"Fio5mOQAac5q","HeS5kDctOrJ2","48xpqowBzvhA",335,655.1164179104478,348.0,707,26.558478879322646,669,492,643,474,16.52086632342152,-1.370082500145002,75.94112549695427,482.8149253731343,2025-12-12T08:40:00,82920000 milliseconds,2462.129319286279,0.03943192375538564,0.043795620437956206,0.06128133704735376,0.005924326164317126,0.08508468993555393,55.0,0.164,0.998,0.0020000000000000018,0.40151789734056664,"terra",82920.0,2462.129319286279,0.02969282825960298
197,"Fqa2ojTd8irI",NA,"AouEYDKDWe2v",391,75.73401534526855,462.0,75,28.527477458438263,89,622,64,594,19.86956238426857,0.5640274674024066,96.91168824543142,608.1943734015346,2025-12-09T09:58:00,NA,NA,NA,NA,NA,NA,NA,NA,NA,NA,NA,NA,"terra",NaN,NaN,NaN
197,"Fqa2ojTd8irI","AouEYDKDWe2v","KYGdhxN3dARn",394,70.1472081218274,420.0,107,28.93129096312911,84,609,58,586,17.994483873431793,0.9924742350690607,89.25483399593905,596.7969543147208,2025-12-11T09:38:00,171600000 milliseconds,3173.263076002773,0.024608476742945116,0.007643312101910828,0.09523809523809523,0.014055766100941199,0.09904269068736643,128.0,0.325,0.977,0.02300000000000002,0.5885883408712589,"terra",171600.0,3173.263076002773,0.018492209067615225
198,"FwVfkR8vVdxj",NA,"6Z8KcZGK5ndW",559,645.211091234347,611.0,1162,28.196806241301278,659,631,630,604,26.39381072775644,1.1231345579327343,109.05382386916237,616.8658318425761,2025-12-09T04:00:00,NA,NA,NA,NA,NA,NA,NA,NA,NA,NA,NA,NA,"aqua",NaN,NaN,NaN
198,"FwVfkR8vVdxj","6Z8KcZGK5ndW","GZJEcO2zQ6u9",601,737.6955074875208,621.0,1140,30.01458135877505,750,548,723,519,26.29674868011571,-0.4548962496624691,98.08326112068522,533.2579034941764,2025-12-10T03:01:00,82860000 milliseconds,31168.546778364416,0.49953596888155166,0.07241379310344828,0.016233766233766232,0.062454278876231034,0.0036842291572341287,116.0,0.193,0.975,0.025000000000000022,0.8723220362522313,"aqua",82860.0,31168.546778364416,0.3761591452855952
198,"FwVfkR8vVdxj","GZJEcO2zQ6u9","PPUZKQF9Ga62",602,735.9335548172758,614.0,1304,29.68349627363335,749,559,721,531,26.495522407823863,-0.5954904015664528,97.25483399593904,544.6212624584717,2025-12-10T08:59:00,21480000 milliseconds,2874.7869938877093,0.17572047639900423,0.0016625103906899418,0.011336032388663968,0.011091984809975348,0.00753041017602913,57.0,0.095,0.999,0.0010000000000000009,0.30334141416436256,"terra",21480.0,2874.7869938877093,0.13383552113071273
198,"FwVfkR8vVdxj","PPUZKQF9Ga62","MLwM3wRYSPhP",606,746.3135313531353,622.0,1159,29.367521239389863,759,543,731,515,27.059508032539068,-0.5325781790453844,97.25483399593904,528.8036303630363,2025-12-11T09:38:00,88740000 milliseconds,4729.834814713039,0.07080061095296818,0.006622516556291391,0.012944983818770227,0.010701764255757338,0.02106191034073783,48.0,0.079,0.999,0.0010000000000000009,0.20213178592452496,"terra",88740.0,4729.834814713039,0.05329991902989677
199,"FzbBHKlBdD2X",NA,"9By3UuhGvH2F",1224,350.562091503268,1244.0,409,43.202325443227245,372,419,329,376,36.489769019150316,-0.7951223857941059,139.02438661763952,397.7565359477124,2025-12-09T09:58:00,NA,NA,NA,NA,NA,NA,NA,NA,NA,NA,NA,NA,"terra",NaN,NaN,NaN
199,"FzbBHKlBdD2X","9By3UuhGvH2F","9Xf61whwRDFy",1229,334.67860048820177,1263.0,619,44.43884348740859,356,402,314,359,35.83265821121111,-0.7104946937094714,141.1959594928933,381.25549227013835,2025-12-10T08:59:00,82860000 milliseconds,5725.871818306885,0.09176811953372682,0.0040766408479412965,0.015157558835261268,0.02821774422383606,0.01817170228112436,104.0,0.085,0.995,0.0050000000000000044,0.2473917657218898,"terra",82860.0,5725.871818306885,0.06910296667037032
199,"FzbBHKlBdD2X","9Xf61whwRDFy","23mwaOKxp8a4",1132,343.6625441696113,1181.0,531,41.35907928819809,364,406,324,364,35.67245088729652,-0.5050665445728082,140.36753236814712,385.44081272084804,2025-12-11T03:40:00,67260000 milliseconds,2477.752905177731,0.04887568606722026,0.08216857263871241,0.06710310965630115,0.07179111334117551,0.004481003551617113,174.0,0.154,0.998,0.0020000000000000018,0.4304194852550265,"aqua",67260.0,2477.752905177731,0.03683843153698678
199,"FzbBHKlBdD2X","23mwaOKxp8a4","WlAT9Y8GYAAe",1244,337.8215434083601,1282.0,516,43.97670654054535,360,397,318,353,36.59008532425061,-0.6806547952501444,144.4386001800126,375.54340836012864,2025-12-11T09:38:00,21480000 milliseconds,2873.1070178089026,0.1756177883746273,0.09427609427609428,0.08201380430369468,0.061348875549126845,0.02539723859864902,154.0,0.124,0.995,0.0050000000000000044,0.5676538011021921,"terra",21480.0,2873.1070178089026,0.13375730995385954
199,"FzbBHKlBdD2X","WlAT9Y8GYAAe","q3qWyap5n3eW",1180,350.14915254237286,1235.0,335,42.65316410310512,372,409,330,368,36.259662701824986,-0.8620083608494719,165.33809511662426,388.4406779661017,2025-12-12T02:40:00,61320000 milliseconds,4460.307656500213,0.0964599406682572,0.052805280528052806,0.03734604688120779,0.030556260273886037,0.00907134564988069,125.0,0.106,0.995,0.0050000000000000044,0.3372388740012845,"aqua",61320.0,4460.307656500213,0.07273822009948162
199,"FzbBHKlBdD2X","q3qWyap5n3eW","1oK6RuVIQk4E",1288,342.6777950310559,1348.0,413,46.12407426878502,365,406,321,363,36.3573754146035,-0.7487786806151763,153.09545442950497,385.34860248447205,2025-12-12T08:40:00,21600000 milliseconds,2021.4801793179865,0.1228863330892393,0.08752025931928688,0.08749516066589237,0.07819369535105769,0.0026911786906497546,158.0,0.123,0.981,0.019000000000000017,0.520786627116126,"terra",21600.0,2021.4801793179865,0.09358704533879568
200,"GAwNYZNtwvst",NA,"71OSv4IIgPaJ",1512,828.7850529100529,1694.0,1484,56.66423513755552,855,467,802,424,35.88846504926012,1.079841570313478,210.92997820866105,443.6283068783069,2025-12-09T04:00:00,NA,NA,NA,NA,NA,NA,NA,NA,NA,NA,NA,NA,"aqua",NaN,NaN,NaN
200,"GAwNYZNtwvst","71OSv4IIgPaJ","xfum0P3P8Qih",1487,1047.6267652992603,1549.0,1235,54.860324430119064,1076,544,1023,496,35.72410052292541,0.9426042567638687,166.40916292848976,522.0094149293881,2025-12-11T03:40:00,171600000 milliseconds,58113.73180064451,0.45066872276575815,0.016672224074691565,0.08942337341967314,0.03235001715190493,0.004590382288958176,390.0,0.262,0.941,0.05900000000000005,0.9147047197009859,"aqua",171600.0,58113.73180064451,0.33865811072636665
200,"GAwNYZNtwvst","xfum0P3P8Qih","bWO1UWSt5Ixl",1447,840.3559087767795,1553.0,888,54.45242989025881,870,430,815,392,35.18391961031193,-1.3296915298309133,188.13098833543773,409.4056668970283,2025-12-12T02:40:00,82800000 milliseconds,58970.76184140853,0.9458021145374264,0.027266530334014997,0.0025789813023855577,0.007462890170432975,0.015236101969804556,369.0,0.255,0.977,0.02300000000000002,1.2763466183140646,"aqua",82800.0,58970.76184140853,0.712207268616045
200,"GAwNYZNtwvst","bWO1UWSt5Ixl","1ZIDDBpTlnRC",1389,1008.0100791936645,1491.0,976,49.57269420008994,1036,480,985,441,37.83025133474598,-1.4427134221680324,173.095454429505,458.5356371490281,2025-12-12T08:40:00,21600000 milliseconds,43676.133954323595,2.655084130961921,0.04090267983074753,0.040735873850197106,0.09381840652130698,0.07248816743876677,281.0,0.202,0.989,0.01100000000000001,3.1160292586029397,"terra",21600.0,43676.133954323595,2.0220432386260923
201,"GBGHZJvzv0Hv",NA,"Ry8K1uDSPHfY",433,977.5658198614319,464.0,1444,30.62894726356747,991,722,964,699,18.440186974904297,0.9732221267204884,88.08326112068522,710.4872979214781,2025-12-09T09:58:00,NA,NA,NA,NA,NA,NA,NA,NA,NA,NA,NA,NA,"terra",NaN,NaN,NaN
201,"GBGHZJvzv0Hv","Ry8K1uDSPHfY","qHAVn01XVhLC",432,953.4837962962963,525.0,1581,31.931401806195595,971,699,940,677,20.631251161950278,-1.2574550526139254,105.9827560572969,687.6342592592592,2025-12-10T03:01:00,61380000 milliseconds,8299.869106982263,0.17932092701700905,0.0023121387283236996,0.12335692618806876,0.04163834000272976,0.1121568230670903,148.0,0.343,0.95,0.050000000000000044,0.8517851550032216,"aqua",61380.0,8299.869106982263,0.13522106723659602
202,"GBQGMOPPlSXu",NA,"X4z1Q8N40eAo",434,197.18663594470047,444.0,348,28.759767808160245,209,840,188,812,20.189237486685215,-0.17206396122299658,87.84062043356595,826.7972350230415,2025-12-10T03:01:00,NA,NA,NA,NA,NA,NA,NA,NA,NA,NA,NA,NA,"aqua",NaN,NaN,NaN
202,"GBQGMOPPlSXu","X4z1Q8N40eAo","VOiIyjdY9RQM",479,213.88726513569938,496.0,371,29.259944356000908,226,841,204,812,21.689544621148123,-0.3405540382733334,88.01219330881975,826.5490605427975,2025-12-11T03:40:00,88740000 milliseconds,4175.61826221496,0.06250457693608202,0.09857612267250822,0.11063829787234042,0.017241607349773203,0.07164998879861305,88.0,0.184,0.997,0.0030000000000000027,0.547610593629317,"aqua",88740.0,4175.61826221496,0.047054521773889565
202,"GBQGMOPPlSXu","VOiIyjdY9RQM","E2GzxErJO0gO",495,230.03434343434344,513.0,176,28.128162276282474,243,837,219,809,22.841062791440773,-0.3663724108692311,89.49747468305833,823.6686868686869,2025-12-12T02:40:00,82800000 milliseconds,4100.493035028315,0.06576572630358163,0.03285420944558522,0.03369672943508424,0.03944308833781095,0.05171805359057887,64.0,0.129,0.999,0.0010000000000000009,0.3534778071126409,"aqua",82800.0,4100.493035028315,0.04952286274188786
203,"GHtIIDSEaQiX",NA,"PHuxS6MBIBYF",602,758.3538205980067,650.0,1002,30.606282198358027,775,1093,744,1065,25.864866532128417,1.2300099865036873,108.5685424949238,1079.4767441860465,2025-12-11T03:40:00,NA,NA,NA,NA,NA,NA,NA,NA,NA,NA,NA,NA,"aqua",NaN,NaN,NaN
203,"GHtIIDSEaQiX","PHuxS6MBIBYF","n5cj4g3Y19LS",568,761.8204225352113,615.0,782,31.75213082636828,777,1191,746,1163,23.928801642221956,0.8168945314752397,111.60407640085653,1176.056338028169,2025-12-12T08:40:00,104400000 milliseconds,24160.447113645743,0.3075804852150954,0.05811965811965812,0.05533596837944664,0.036750410166977845,0.07776349728352666,142.0,0.25,0.994,0.006000000000000005,0.7915500191647047,"terra",104400.0,24160.447113645743,0.23142190721882896
204,"Gi8hb0Utxpqb",NA,"a2vPndhf3gd5",370,19.62162162162162,375.0,32,23.644562588852807,32,885,9,865,20.542182535990158,1.4059578001668838,75.35533905932738,875.1081081081081,2025-12-09T04:00:00,NA,NA,NA,NA,NA,NA,NA,NA,NA,NA,NA,NA,"aqua",NaN,NaN,NaN
204,"Gi8hb0Utxpqb","a2vPndhf3gd5","wRrete2r3Gzc",412,27.645631067961165,433.0,37,24.800981115074073,40,898,15,878,21.649630704441222,1.493853972587654,84.18376618407358,887.7936893203884,2025-12-11T03:40:00,171600000 milliseconds,3752.5716039829217,0.029100981806769458,0.10741687979539642,0.14356435643564355,0.047740965950910756,0.05249587933754997,63.0,0.153,0.97,0.030000000000000027,0.5633190633262701,"aqua",171600.0,3752.5716039829217,0.021868132890343367
205,"Gj8PcqUuYSs7",NA,"OPlt3LnBzWBV",457,829.7658643326039,475.0,1517,28.706236309424355,841,1046,815,1020,21.792791969711725,-0.8658688404310813,89.25483399593904,1033.995623632385,2025-12-09T04:00:00,NA,NA,NA,NA,NA,NA,NA,NA,NA,NA,NA,NA,"aqua",NaN,NaN,NaN
205,"Gj8PcqUuYSs7","OPlt3LnBzWBV","Z9NBsuydQN1r",466,846.9678111587983,512.0,1224,27.760719844215657,858,1058,833,1030,23.272645029009805,-0.7129702552444329,96.46194077712558,1044.0343347639484,2025-12-09T09:58:00,21480000 milliseconds,4979.2236831796545,0.30435352586672704,0.01950162513542795,0.07497467071935157,0.03348919543798527,0.06567574433329303,83.0,0.178,0.98,0.020000000000000018,0.6959947614927848,"terra",21480.0,4979.2236831796545,0.23180743404002116
205,"Gj8PcqUuYSs7","Z9NBsuydQN1r","BGSTqTnKvIbj",465,865.9462365591398,524.0,1546,26.578978638011378,881,1090,854,1064,25.50320937242043,-1.342618557410372,98.32590180780453,1077.8086021505376,2025-12-10T08:59:00,82860000 milliseconds,9685.303841959305,0.15522564054746862,0.0021482277121374865,0.023166023166023165,0.04349458091272969,0.0914618255603624,120.0,0.258,0.992,0.008000000000000007,0.5814962978987215,"terra",82860.0,9685.303841959305,0.11688756748683689
206,"Gl8VONZebtTC",NA,"fLyPjzkLaEE3",728,1065.3612637362637,742.0,1941,34.12752977972548,1081,425,1052,394,27.548641330598638,0.5707486427792803,106.91168824543144,410.0782967032967,2025-12-09T04:00:00,NA,NA,NA,NA,NA,NA,NA,NA,NA,NA,NA,NA,"aqua",NaN,NaN,NaN
206,"Gl8VONZebtTC","fLyPjzkLaEE3","xuvACIUTkwlh",707,1056.6690240452617,713.0,1798,33.85920154494302,1072,405,1043,374,26.933589987340866,0.6383780554120818,103.84062043356595,389.7001414427157,2025-12-10T03:01:00,82860000 milliseconds,5538.638385640104,0.08876734330699743,0.02926829268292683,0.03986254295532646,0.007893547154107635,0.022578052637695557,51.0,0.072,0.998,0.0020000000000000018,0.2623697787370539,"aqua",82860.0,5538.638385640104,0.06684333074632036
206,"Gl8VONZebtTC","xuvACIUTkwlh","Sj0CBmS6iTtj",720,1060.923611111111,728.0,1911,34.266725868036595,1076,416,1048,384,27.063059958811248,0.565283878141717,104.91168824543142,400.7763888888889,2025-12-10T08:59:00,21480000 milliseconds,2966.3189371440617,0.18131533845623848,0.018220042046250877,0.020818875780707843,0.011963853956017699,0.00479548163078617,32.0,0.044,0.994,0.006000000000000005,0.2871135918700011,"terra",21480.0,2966.3189371440617,0.13809678478324308
207,"GpVBE9KgHfSg",NA,"AkDdIsgr1hoa",1960,642.4683673469387,2102.0,1150,68.73949389583241,668,703,617,641,37.48054556561433,-0.7054570322022046,198.65180361560903,671.8913265306122,2025-12-09T04:00:00,NA,NA,NA,NA,NA,NA,NA,NA,NA,NA,NA,NA,"aqua",NaN,NaN,NaN
207,"GpVBE9KgHfSg","AkDdIsgr1hoa","xCTzBnLPXns7",2035,790.0457002457002,2267.0,1112,74.39645673281996,814,778,767,706,36.813572402393454,-0.41463417186813467,253.82947314527271,741.0530712530713,2025-12-09T09:58:00,21480000 milliseconds,40744.950698343026,2.4905226588229232,0.03754693366708386,0.07553215838864728,0.07904321468006037,0.01795493859979825,484.0,0.238,0.96,0.040000000000000036,2.9785999041585134,"terra",21480.0,40744.950698343026,1.8968785241314259
207,"GpVBE9KgHfSg","xCTzBnLPXns7","nHpPrG5sht2a",1908,643.9868972746332,1971.0,1111,69.8325915613568,671,697,619,635,35.45724560829759,-0.679585842320171,193.4802307403552,665.7279874213837,2025-12-10T08:59:00,82860000 milliseconds,41084.54863113972,0.6584589892000916,0.06441795587116408,0.13968853232656914,0.06328635216609732,0.03753456322841737,500.0,0.262,0.952,0.04800000000000004,1.2733863927923397,"terra",82860.0,41084.54863113972,0.49583090310330336
207,"GpVBE9KgHfSg","nHpPrG5sht2a","MSS9OGwHyOCz",1941,661.4538897475528,1997.0,1000,69.7251431427544,688,684,636,623,36.2668786706169,-0.7248114247156603,188.65180361560903,653.8598660484287,2025-12-11T09:38:00,88740000 milliseconds,5279.371002852884,0.07902658487916898,0.0171473109898675,0.01310483870967742,0.0015398418271864193,0.02257631084266367,149.0,0.077,0.993,0.007000000000000006,0.21739488724856398,"terra",88740.0,5279.371002852884,0.059492573843282444
208,"Gss8PQvB4R6v",NA,"4nBVGCU6fhCZ",336,721.7053571428571,360.0,1302,22.527837923668333,731,1157,709,1134,20.379997733085666,0.538838990163023,76.35533905932738,1145.5089285714287,2025-12-09T04:00:00,NA,NA,NA,NA,NA,NA,NA,NA,NA,NA,NA,NA,"aqua",NaN,NaN,NaN
208,"Gss8PQvB4R6v","4nBVGCU6fhCZ","BSiBKcArMCI6",311,739.903536977492,334.0,1046,21.246475385417245,749,1165,728,1143,19.900850861149493,0.4275112730959475,74.11269837220809,1153.7684887459807,2025-12-09T09:58:00,21480000 milliseconds,4996.211587110005,0.3053919063025675,0.07727975270479134,0.07492795389048991,0.05854403833606841,0.023790306741687996,42.0,0.135,0.999,0.0010000000000000009,0.6759339579756052,"terra",21480.0,4996.211587110005,0.23259830480027957
208,"Gss8PQvB4R6v","BSiBKcArMCI6","m8mYEoCcXytr",306,703.3169934640523,338.0,1081,21.629613128153103,712,1146,692,1124,20.0212301340619,0.3001555141475209,76.18376618407356,1134.7745098039215,2025-12-10T03:01:00,61380000 milliseconds,10305.782364503555,0.22265922792489046,0.01620745542949757,0.011904761904761904,0.0178718607978708,0.006030711321228206,49.0,0.16,0.997,0.0030000000000000027,0.43767401737824896,"aqua",61380.0,10305.782364503555,0.1679013092946164
209,"GxIBxYtfCoyU",NA,"IIoxTo4Z2XnP",389,1028.6375321336761,401.0,1887,30.121675585404788,1045,461,1015,439,17.208054832602212,1.1659614207500135,84.87615433949868,451.1182519280206,2025-12-09T04:00:00,NA,NA,NA,NA,NA,NA,NA,NA,NA,NA,NA,NA,"aqua",NaN,NaN,NaN
209,"GxIBxYtfCoyU","IIoxTo4Z2XnP","snHcbmj50zjc",362,1023.756906077348,371.0,1844,28.50718934982499,1038,448,1011,428,16.791689384863457,1.1576133466454155,78.42640687119285,439.3232044198895,2025-12-10T08:59:00,104340000 milliseconds,3191.2346398061345,0.040650081393619954,0.07190412782956059,0.07772020725388601,0.05507479080017667,0.024492269416830987,56.0,0.155,0.969,0.031000000000000028,0.45584147669407427,"terra",104340.0,3191.2346398061345,0.03058495917007988
209,"GxIBxYtfCoyU","snHcbmj50zjc","8szbd2QwSZSB",346,1037.8150289017342,360.0,1216,28.419237992903962,1049,470,1026,447,15.983994473606025,-0.6600541138539272,76.18376618407356,458.47398843930637,2025-12-12T02:40:00,150060000 milliseconds,5939.18842258708,0.052654713618396916,0.04519774011299435,0.030095759233926128,0.003090000937227688,0.04928622784776572,74.0,0.214,0.995,0.0050000000000000044,0.3993244417503108,"aqua",150060.0,5939.18842258708,0.03957875798072158
210,"GzvNEBGMzwxT",NA,"2uqqTHrP4DoA",341,781.7741935483871,368.0,1426,25.38515228790518,794,26,769,5,18.77334769561606,-1.1765050041648204,86.84062043356593,16.272727272727273,2025-12-09T04:00:00,NA,NA,NA,NA,NA,NA,NA,NA,NA,NA,NA,NA,"aqua",NaN,NaN,NaN
210,"GzvNEBGMzwxT","2uqqTHrP4DoA","gVMZiM5kbFNg",424,791.2735849056604,453.0,1125,29.011882864652954,806,139,778,117,19.80099122703839,1.3573757674097775,87.84062043356595,128.8679245283019,2025-12-09T09:58:00,21480000 milliseconds,28248.801834303962,1.7266993786249365,0.2169934640522876,0.20706455542021923,0.1333429502757457,0.053281199892128456,117.0,0.276,0.986,0.014000000000000012,2.6273815482653164,"terra",21480.0,28248.801834303962,1.3151211282264414
210,"GzvNEBGMzwxT","gVMZiM5kbFNg","sHcP9S37vpRe",410,813.1951219512196,422.0,1301,28.656610832233753,828,74,800,52,19.265744507026515,-1.0440118706882986,82.66904755831214,62.09756097560975,2025-12-10T03:01:00,61380000 milliseconds,17569.21176980932,0.3795875936007199,0.03357314148681055,0.07085714285714285,0.01232118301152647,0.027401660771220217,129.0,0.315,0.977,0.02300000000000002,0.86174072172742,"aqua",61380.0,17569.21176980932,0.2862367508929508
210,"GzvNEBGMzwxT","sHcP9S37vpRe","p6lxX6kzXRPv",403,720.5235732009926,433.0,788,28.401298486987073,731,35,711,6,18.95166165583169,-0.002010108901623366,87.84062043356593,21.121588089330025,2025-12-12T02:40:00,171540000 milliseconds,25331.6085920126,0.19651377830194794,0.017220172201722016,0.025730994152046785,0.008949235900610659,0.016436638837099775,84.0,0.208,0.974,0.026000000000000023,0.4988508193934271,"aqua",171540.0,25331.6085920126,0.14767173016213478
211,"H6ijZQHOumn1",NA,"wh9guH5Bu2Ls",358,585.1424581005587,362.0,1076,26.475628323736686,597,866,572,843,18.385922190462832,0.8285427316633261,78.08326112068522,855.1759776536313,2025-12-09T04:00:00,NA,NA,NA,NA,NA,NA,NA,NA,NA,NA,NA,NA,"aqua",NaN,NaN,NaN
211,"H6ijZQHOumn1","wh9guH5Bu2Ls","rblZKSAYecrE",363,597.8539944903581,364.0,833,27.04515465945181,610,878,585,854,18.309099351771156,0.8482273324772757,78.66904755831213,866.7575757575758,2025-12-09T09:58:00,21480000 milliseconds,4299.102900827718,0.26278135090633975,0.013869625520110958,0.005509641873278237,0.02128243661510033,0.004187098710557078,32.0,0.088,0.993,0.007000000000000006,0.40263015362538634,"terra",21480.0,4299.102900827718,0.20014445534579695
211,"H6ijZQHOumn1","rblZKSAYecrE","LjZfH5g8jQo2",344,508.9912790697674,366.0,777,25.796158556636957,521,819,498,797,18.43805671614383,-0.8485691246793117,83.01219330881975,808.6598837209302,2025-12-10T03:01:00,61380000 milliseconds,26542.32941442992,0.5734542381858037,0.05374823196605375,0.005479452054794521,0.04727346944263935,0.0070186310001426454,73.0,0.212,0.977,0.02300000000000002,0.9219740226494338,"aqua",61380.0,26542.32941442992,0.4324263508378938
211,"H6ijZQHOumn1","LjZfH5g8jQo2","flQkyEepuL2J",351,430.29059829059827,375.0,466,25.48967560306649,442,855,419,832,18.242654321470102,0.8969800634082606,80.66904755831214,844.5185185185185,2025-12-12T02:40:00,171540000 milliseconds,21621.226324857667,0.1677299276588004,0.02014388489208633,0.024291497975708502,0.01195195354007822,0.010654231564560144,108.0,0.308,0.977,0.02300000000000002,0.5657714956312336,"aqua",171540.0,21621.226324857667,0.12604189299788776
212,"HDx1gYiRwQrc",NA,"MT7gjw3o78Cw",811,358.96424167694204,901.0,716,44.08179597012878,374,943,344,898,25.24823376764972,-0.2394253252321227,145.4386001800126,922.7065351418003,2025-12-09T04:00:00,NA,NA,NA,NA,NA,NA,NA,NA,NA,NA,NA,NA,"aqua",NaN,NaN,NaN
212,"HDx1gYiRwQrc","MT7gjw3o78Cw","ZZngpVAcCmjY",772,315.75129533678756,916.0,483,43.468778164415504,332,813,293,783,25.787130062481367,1.1950216885879348,148.02438661763952,796.9883419689119,2025-12-11T03:40:00,171600000 milliseconds,33234.41629739113,0.2577310298363019,0.049273531269740996,0.01651073197578426,0.014003741535063265,0.021118544255914008,209.0,0.271,0.984,0.016000000000000014,0.6456375788728045,"aqua",171600.0,33234.41629739113,0.19367375464680145
213,"HETuml0CEsmp",NA,"lLZkSI0E37nX",364,765.3296703296703,367.0,1394,25.27122351104576,777,1023,753,1003,18.573511609337686,-1.2444768587544024,73.59797974644665,1012.5796703296703,2025-12-09T04:00:00,NA,NA,NA,NA,NA,NA,NA,NA,NA,NA,NA,NA,"aqua",NaN,NaN,NaN
213,"HETuml0CEsmp","lLZkSI0E37nX","zQ9VaVVfw2Sy",353,782.9518413597734,355.0,1116,25.687741831539117,795,1033,770,1015,17.659861082602866,-1.3186177613182966,72.94112549695427,1023.9376770538244,2025-12-09T09:58:00,21480000 milliseconds,5241.333493015722,0.32037490788604656,0.030683403068340307,0.0332409972299169,0.01634720476340929,0.050431437034733705,32.0,0.091,0.992,0.008000000000000007,0.5500779499824467,"terra",21480.0,5241.333493015722,0.2440099391534321
213,"HETuml0CEsmp","zQ9VaVVfw2Sy","6absp8z0f74u",360,761.95,375.0,1358,27.108500429596432,773,1114,750,1093,17.37521136247467,1.004346263932604,77.59797974644665,1102.7972222222222,2025-12-10T08:59:00,82860000 milliseconds,20402.060564848085,0.326982299300394,0.019635343618513323,0.0547945205479452,0.05382044392591804,0.01624941524379183,48.0,0.133,0.991,0.009000000000000008,0.6134820226365625,"terra",82860.0,20402.060564848085,0.24622327498006377
213,"HETuml0CEsmp","6absp8z0f74u","5moY0ukianRa",322,741.3913043478261,341.0,1158,28.154140962765812,751,1149,730,1125,15.517736777017776,0.7375628419628386,81.01219330881975,1135.447204968944,2025-12-11T09:38:00,88740000 milliseconds,9645.858373804636,0.14438826994692966,0.11143695014662756,0.09497206703910614,0.03784258250507352,0.11294059611681588,64.0,0.199,0.985,0.015000000000000013,0.7155804657545528,"terra",88740.0,9645.858373804636,0.10869797581479193
214,"HGEHKuUjP2U6",NA,"eSUih9odzB45",444,914.4797297297297,503.0,1667,29.86759575696834,926,1027,897,1002,22.027622392306046,1.0981132721395073,100.5685424949238,1013.8423423423424,2025-12-09T04:00:00,NA,NA,NA,NA,NA,NA,NA,NA,NA,NA,NA,NA,"aqua",NaN,NaN,NaN
214,"HGEHKuUjP2U6","eSUih9odzB45","AG564CkuOFik",403,913.0024813895782,474.0,1502,30.643457969833836,925,1020,895,996,20.438109010009992,1.2708094813293793,99.15432893255071,1007.1588089330024,2025-12-10T03:01:00,82860000 milliseconds,1711.2108558752227,0.02742544844739519,0.09681227863046045,0.0593654042988741,0.02564365236038998,0.0748609916658289,84.0,0.208,0.999,0.0010000000000000009,0.4931077754029486,"aqua",82860.0,1711.2108558752227,0.020651832680125787
214,"HGEHKuUjP2U6","AG564CkuOFik","8ltpMg4e0Ir6",453,916.2715231788079,513.0,1441,29.680541452570473,928,1022,898,995,22.90645072064174,1.0875148303527582,102.22539674441619,1007.7726269315673,2025-12-11T09:38:00,110220000 milliseconds,831.5424957230272,0.010028854799771177,0.11682242990654206,0.0790273556231003,0.03192482350252579,0.11389395697962179,149.0,0.329,0.998,0.0020000000000000018,0.6826974208115612,"terra",110220.0,831.5424957230272,0.007544388456931838
215,"HJAe2N45TJor",NA,"o4HvRD36JDWp",817,506.75642594859244,829.0,957,41.181044333854764,525,922,489,892,25.566144170546746,-0.9314872356679683,113.7401153701776,906.561811505508,2025-12-09T04:00:00,NA,NA,NA,NA,NA,NA,NA,NA,NA,NA,NA,NA,"aqua",NaN,NaN,NaN
215,"HJAe2N45TJor","o4HvRD36JDWp","BpyIWSz5rTnr",848,519.7216981132076,867.0,718,42.20416360453231,540,933,502,902,26.078420740912534,-0.925338330011014,118.91168824543144,916.3985849056604,2025-12-09T09:58:00,21480000 milliseconds,4068.6330108257102,0.24869394931697494,0.037237237237237236,0.04481132075471698,0.024539586719829858,0.019838547240897387,55.0,0.065,0.987,0.013000000000000012,0.45312064126965645,"terra",21480.0,4068.6330108257102,0.18941494463806846
215,"HJAe2N45TJor","BpyIWSz5rTnr","0R2PZuDDx8ZG",804,509.410447761194,831.0,921,41.16409681595147,529,916,492,886,25.320071675282097,-0.9388351575725951,117.15432893255071,900.1504975124378,2025-12-10T08:59:00,82860000 milliseconds,4810.939537655945,0.07710456827720082,0.053268765133171914,0.04240282685512368,0.024951145276033555,0.02950861124446119,66.0,0.082,0.995,0.0050000000000000044,0.31423591678599117,"terra",82860.0,4810.939537655945,0.05806106127994141
215,"HJAe2N45TJor","0R2PZuDDx8ZG","v7VfKMYIa5oF",914,515.3446389496718,988.0,743,44.138703173985675,536,910,497,874,26.993319472070247,-0.9232459750499429,132.22539674441617,893.574398249453,2025-12-11T03:40:00,67260000 milliseconds,2214.4370980290446,0.04368156816311361,0.1280558789289872,0.1726223199560198,0.06974229118821683,0.06397015219583353,122.0,0.133,0.973,0.027000000000000024,0.638072210432171,"aqua",67260.0,2214.4370980290446,0.032923536991213864
216,"HOgZVVYDkuQU",NA,"IVPprqQeAzRq",1056,953.8248106060606,1149.0,1734,52.723095424223956,969,577,940,527,26.873902843117612,0.05517288681215059,153.0538238691624,554.9895833333334,2025-12-09T04:00:00,NA,NA,NA,NA,NA,NA,NA,NA,NA,NA,NA,NA,"aqua",NaN,NaN,NaN
216,"HOgZVVYDkuQU","IVPprqQeAzRq","WmPIgEKtQ49h",1067,967.3823805060919,1188.0,1423,53.05267413110598,985,601,953,550,27.89835078527945,0.12220600915807013,162.95331880577405,578.6101218369259,2025-12-09T09:58:00,21480000 milliseconds,6808.714731843357,0.41618060708088983,0.010362694300518135,0.03337612323491656,0.006231648481831679,0.03740755124345317,133.0,0.125,0.974,0.026000000000000023,0.6545586243416094,"terra",21480.0,6808.714731843357,0.3169792705699887
216,"HOgZVVYDkuQU","WmPIgEKtQ49h","O1fZTSmikeqH",1050,948.2723809523809,1126.0,1571,52.16091232661675,962,556,934,506,26.842172623517108,0.008344560392926545,146.71067811865476,533.6142857142858,2025-12-10T03:01:00,61380000 milliseconds,12221.439541125885,0.2640475216836099,0.01606046291922532,0.05358686257562662,0.016951457212183496,0.0385885298858001,136.0,0.13,0.967,0.03300000000000003,0.5522348342764454,"aqua",61380.0,12221.439541125885,0.19911110363515616
216,"HOgZVVYDkuQU","O1fZTSmikeqH","RiKRuADZTeFc",1049,947.4594852240228,1132.0,1703,52.484268074895425,960,568,934,516,26.61562770771533,-0.029485750610070596,146.46803743153546,544.0152526215443,2025-12-10T08:59:00,21480000 milliseconds,2608.1711992202227,0.15942366743399894,0.0009528346831824678,0.005314437555358724,0.006180040916131853,0.008475654231864096,67.0,0.064,0.996,0.0040000000000000036,0.2483466348205361,"terra",21480.0,2608.1711992202227,0.1214232401871612
216,"HOgZVVYDkuQU","RiKRuADZTeFc","gGFe9djWp2QF",1047,952.2359121298949,1113.0,1493,52.43485488605959,966,553,938,503,26.64093204795303,0.023733410215475047,143.9827560572969,530.7144221585482,2025-12-11T09:38:00,88740000 milliseconds,3533.1142865793877,0.05288697382799772,0.0019083969465648854,0.016926503340757237,0.0009419291248598055,0.0009502806923237769,83.0,0.079,1.0,0.0,0.15261408393250345,"terra",88740.0,3533.1142865793877,0.039814224550139596
217,"HZIuEf4GtuCH",NA,"gqqmHOUzCTGT",320,707.16875,325.0,1001,21.219251100343914,717,168,696,146,19.906251568051523,0.39733256688118135,70.18376618407358,156.234375,2025-12-09T09:58:00,NA,NA,NA,NA,NA,NA,NA,NA,NA,NA,NA,NA,"terra",NaN,NaN,NaN
217,"HZIuEf4GtuCH","gqqmHOUzCTGT","vNBTGZeNp4cn",318,669.9779874213837,323.0,1025,21.765118103141596,680,125,659,103,19.27137154141721,0.27081245307209967,69.01219330881975,113.32389937106919,2025-12-10T03:01:00,61380000 milliseconds,14196.086036034894,0.3067102956905022,0.006269592476489028,0.006172839506172839,0.025398395412694265,0.032410339180626344,37.0,0.116,0.992,0.008000000000000007,0.5009614622664847,"aqua",61380.0,14196.086036034894,0.23128194910451114
217,"HZIuEf4GtuCH","vNBTGZeNp4cn","1M38JcOnXmAz",317,682.6593059936909,340.0,922,23.857535946711426,693,103,672,80,18.412419839262824,-0.5422396358807583,75.42640687119285,92.54889589905363,2025-12-11T03:40:00,88740000 milliseconds,6084.902474539966,0.09108453670443778,0.0031496062992125984,0.05128205128205128,0.09172714245354478,0.045587329230081575,94.0,0.297,0.973,0.027000000000000024,0.6068306659693281,"aqua",88740.0,6084.902474539966,0.0685700076013068
218,"Hk9xiferEdxy",NA,"TJEpZ1YMQrmM",302,1003.3509933774834,308.0,1490,21.5039212849147,1015,676,993,656,18.194463400866724,0.9722057060370269,67.76955262170047,666.1192052980133,2025-12-09T09:58:00,NA,NA,NA,NA,NA,NA,NA,NA,NA,NA,NA,NA,"terra",NaN,NaN,NaN
218,"Hk9xiferEdxy","TJEpZ1YMQrmM","GSwbPOqapPW4",308,1002.7824675324675,326.0,1598,21.617692515460558,1012,650,993,628,18.90755341325944,-0.15225864374030237,73.5269119345812,639.0454545454545,2025-12-11T09:38:00,171600000 milliseconds,6769.929843839451,0.052500425310891434,0.019672131147540985,0.056782334384858045,0.005276761258172937,0.03843942047491148,49.0,0.159,0.976,0.02400000000000002,0.35567107257637487,"terra",171600.0,6769.929843839451,0.039451805616780015
219,"HmQPZmR1Vb5F",NA,"8RsAANKLJUHA",684,120.25730994152046,754.0,210,38.333805347272964,135,1169,104,1135,23.61679295632492,-0.7029911600011695,115.94722215136417,1151.8187134502923,2025-12-09T04:00:00,NA,NA,NA,NA,NA,NA,NA,NA,NA,NA,NA,NA,"aqua",NaN,NaN,NaN
219,"HmQPZmR1Vb5F","8RsAANKLJUHA","vJt2wVXD56Or",636,48.825471698113205,766.0,35,43.32532416908907,67,1131,31,1095,21.964174649939874,0.8355998605285796,159.75230867899737,1113.182389937107,2025-12-09T09:58:00,21480000 milliseconds,20302.821554909267,1.2410037625250163,0.07272727272727272,0.015789473684210527,0.1222525601577949,0.07251352453333643,204.0,0.321,0.975,0.025000000000000022,1.870286593627631,"terra",21480.0,20302.821554909267,0.945196534213653
219,"HmQPZmR1Vb5F","vJt2wVXD56Or","vmN41GndOPN9",622,125.51125401929261,657.0,202,38.93140009134127,140,1165,110,1132,20.79671025100464,-0.6740512486823658,109.88225099390856,1147.477491961415,2025-12-10T08:59:00,82860000 milliseconds,21001.28453373299,0.3365860170483691,0.022257551669316374,0.15319747013352072,0.10683440453661502,0.054604314276454395,186.0,0.299,0.948,0.052000000000000046,1.0244797576642757,"terra",82860.0,21001.28453373299,0.2534550390264662
220,"HnmzWLQEIJPc",NA,"ZEjoYRCNqLNa",478,744.9016736401674,524.0,1338,31.1448024168191,759,296,730,269,21.340549306692587,0.9395348461502205,98.32590180780451,282.89748953974896,2025-12-09T04:00:00,NA,NA,NA,NA,NA,NA,NA,NA,NA,NA,NA,NA,"aqua",NaN,NaN,NaN
220,"HnmzWLQEIJPc","ZEjoYRCNqLNa","tSw4Nd47wxUV",469,730.1087420042644,518.0,966,29.901506814205682,744,274,716,250,20.53810123200841,-1.1678368802179404,91.74011537017762,261.136460554371,2025-12-11T03:40:00,171600000 milliseconds,6578.2463890793015,0.05101393089631098,0.01900739176346357,0.011516314779270634,0.04073286717165055,0.03832253734836156,135.0,0.288,0.973,0.027000000000000024,0.47559304195905727,"aqua",171600.0,6578.2463890793015,0.038334769167128795
220,"HnmzWLQEIJPc","tSw4Nd47wxUV","e6PQ0FJbxWiy",420,774.0261904761904,444.0,790,26.494566873588212,786,236,761,210,21.184778551609547,0.5490279262459802,90.32590180780451,222.32857142857142,2025-12-12T08:40:00,104400000 milliseconds,14651.780051167487,0.1865280719435708,0.11023622047244094,0.15384615384615385,0.12082188414314567,0.03099869054844322,102.0,0.243,0.994,0.006000000000000005,0.8514310209537544,"terra",104400.0,14651.780051167487,0.14034272079662344
221,"HwjdhNl6sJAd",NA,"ab0C3nLeNUtR",300,948.8666666666667,308.0,1492,20.380323315917728,958,481,938,462,19.207149692664906,-1.2978316669531664,68.18376618407356,471.12333333333333,2025-12-11T09:38:00,NA,NA,NA,NA,NA,NA,NA,NA,NA,NA,NA,NA,"terra",NaN,NaN,NaN
221,"HwjdhNl6sJAd","ab0C3nLeNUtR","kONdZxXYA4rw",301,933.9867109634552,324.0,928,21.41322352826054,943,402,924,383,19.331246173565862,-0.2727093169395312,85.59797974644667,392.7641196013289,2025-12-12T08:40:00,82920000 milliseconds,19939.877536026095,0.31934461140336473,0.0033277870216306157,0.05063291139240506,0.049428693678181736,0.006440147707844558,68.0,0.226,0.982,0.018000000000000016,0.6731741512034267,"terra",82920.0,19939.877536026095,0.2404712679212023
222,"Hxca4KGDOE3q",NA,"1IJyTw13QBaJ",395,241.0632911392405,412.0,423,27.96448078457161,254,920,228,899,18.351354565405604,-1.1274631403912,84.66904755831214,909.967088607595,2025-12-10T03:01:00,NA,NA,NA,NA,NA,NA,NA,NA,NA,NA,NA,NA,"aqua",NaN,NaN,NaN
222,"Hxca4KGDOE3q","1IJyTw13QBaJ","ritF1meGoeLM",397,347.7531486146096,412.0,551,27.590992963897744,359,809,337,785,18.779992348298073,-0.7139216810158052,81.11269837220809,797.1410579345088,2025-12-11T09:38:00,110220000 milliseconds,38820.45118680902,0.46819575694155485,0.005050505050505051,0.0,0.01344558134324814,0.02308765065208428,71.0,0.179,0.996,0.0040000000000000036,0.6927794939873924,"terra",110220.0,38820.45118680902,0.35220877505724024
223,"I2wWepRaJURO",NA,"vVKkngboQof5",370,567.6972972972973,387.0,1050,23.580747145603386,578,524,557,502,20.534622732013688,0.22960114141055016,84.59797974644665,512.5864864864865,2025-12-09T04:00:00,NA,NA,NA,NA,NA,NA,NA,NA,NA,NA,NA,NA,"aqua",NaN,NaN,NaN
223,"I2wWepRaJURO","vVKkngboQof5","rhIxTdGvxbaj",448,644.9441964285714,458.0,899,25.7507841144091,656,496,632,470,22.72013282824052,-0.6300609929824317,83.25483399593905,482.875,2025-12-09T09:58:00,21480000 milliseconds,20690.9639919125,1.2647288503613998,0.19070904645476772,0.1680473372781065,0.08797768540238762,0.10105293940142138,113.0,0.252,0.997,0.0030000000000000027,2.0675158588980826,"terra",21480.0,20690.9639919125,0.9632664800704144
223,"I2wWepRaJURO","rhIxTdGvxbaj","YE6jPjG5scEM",449,630.8396436525612,454.0,941,26.053531963101108,642,447,619,421,22.438918601917585,-0.24819936646069388,82.42640687119285,434.7037861915367,2025-12-10T03:01:00,61380000 milliseconds,12548.416854308607,0.27111195537017624,0.002229654403567447,0.008771929824561403,0.011688132249020822,0.012454390312332099,47.0,0.105,0.999,0.0010000000000000009,0.412256062159658,"aqua",61380.0,12548.416854308607,0.20443820225331716
223,"I2wWepRaJURO","YE6jPjG5scEM","yyewnGqFz3Ho",467,628.9293361884369,472.0,1106,27.023835357905174,640,462,617,434,22.40347329544675,-0.16275171717380724,84.42640687119285,448.7944325481799,2025-12-10T08:59:00,21480000 milliseconds,3554.887387065433,0.2172914050773492,0.039301310043668124,0.038876889848812095,0.036561850889693694,0.0015808838454452342,40.0,0.086,0.993,0.007000000000000006,0.42661233970496837,"terra",21480.0,3554.887387065433,0.16549755060826038
223,"I2wWepRaJURO","yyewnGqFz3Ho","d9BPqDB6WvSY",441,644.0272108843537,443.0,869,25.160687834014873,655,449,632,424,22.83359394748669,0.048815514799780586,78.42640687119285,437.58049886621313,2025-12-11T03:40:00,67260000 milliseconds,4701.715969709589,0.09274516164729439,0.05726872246696035,0.0633879781420765,0.07140613384693263,0.01901629253417744,66.0,0.15,0.979,0.02100000000000002,0.4748242886374413,"aqua",67260.0,4701.715969709589,0.06990359752764777
223,"I2wWepRaJURO","d9BPqDB6WvSY","jHtyUx0rccO8",453,640.1147902869757,462.0,985,26.214333098065303,652,448,628,421,22.49348867872398,-0.13217506033924772,84.66904755831213,435.0066225165563,2025-12-11T09:38:00,21480000 milliseconds,1170.7869787591264,0.07156399625667031,0.026845637583892617,0.041988950276243095,0.04101780378613925,0.015006713384463058,50.0,0.11,0.979,0.02100000000000002,0.32742310128740837,"terra",21480.0,1170.7869787591264,0.054505911487855045
224,"I40ogS7g8e2C",NA,"ZLWqPyd6hqP8",325,549.9784615384615,335.0,775,22.556696374538227,562,149,540,131,18.648233259386263,1.4440841161173852,69.11269837220809,139.29846153846154,2025-12-09T09:58:00,NA,NA,NA,NA,NA,NA,NA,NA,NA,NA,NA,NA,"terra",NaN,NaN,NaN
224,"I40ogS7g8e2C","ZLWqPyd6hqP8","7eVuLTl1Bspr",347,516.1815561959654,355.0,812,22.350835252962685,528,132,505,112,20.064867449889302,1.4348192208020447,72.76955262170047,121.69164265129683,2025-12-11T09:38:00,171600000 milliseconds,9527.036796845134,0.0738816347176823,0.06547619047619048,0.057971014492753624,0.009168222528154898,0.07318629428014879,57.0,0.164,0.993,0.007000000000000006,0.4506833564949301,"terra",171600.0,9527.036796845134,0.05551886245247747
225,"I7nNHHAVwtbL",NA,"ynL6FscyxjoL",1412,779.9660056657224,1560.0,1392,51.21538934603195,804,465,753,426,37.124006581539426,-1.3710102825428843,193.23759005323592,444.14022662889516,2025-12-09T04:00:00,NA,NA,NA,NA,NA,NA,NA,NA,NA,NA,NA,NA,"aqua",NaN,NaN,NaN
225,"I7nNHHAVwtbL","ynL6FscyxjoL","sGn3xOMqyCXN",1503,861.6520292747838,1529.0,1391,49.94817315408891,886,277,839,236,38.71390992676602,1.0728319983227994,150.46803743153546,256.6187624750499,2025-12-10T03:01:00,82860000 milliseconds,51135.17989815208,0.8195397050749592,0.06243567753001715,0.020071220459695695,0.025052818635989044,0.041928982715459376,301.0,0.2,0.958,0.04200000000000004,1.2110284044161206,"aqua",82860.0,51135.17989815208,0.6171274426520887
225,"I7nNHHAVwtbL","sGn3xOMqyCXN","8RVd78u72tW2",1496,867.3041443850267,1523.0,1528,49.730009441202775,892,290,844,249,38.65664056236733,1.0869413346379322,152.95331880577405,269.1711229946524,2025-12-10T08:59:00,21480000 milliseconds,3441.549068311322,0.21036363498235466,0.004668222740913638,0.003931847968545216,0.00437736136847349,0.0014803918037712758,74.0,0.049,0.999,0.0010000000000000009,0.2748214588640583,"terra",21480.0,3441.549068311322,0.16022109256570402
225,"I7nNHHAVwtbL","8RVd78u72tW2","Ak7UyVDyQQjt",1405,939.138078291815,1557.0,1462,53.650065186130874,965,229,915,189,35.30992474015797,1.0162440004205195,187.40916292848974,210.91957295373666,2025-12-11T09:38:00,88740000 milliseconds,23121.090402885064,0.3460982022735583,0.06273698724577732,0.02207792207792208,0.07583774260289881,0.09049266539608002,297.0,0.211,0.947,0.05300000000000005,0.8612435195962366,"terra",88740.0,23121.090402885064,0.2605486860816437
225,"I7nNHHAVwtbL","Ak7UyVDyQQjt","BgC7vlO5yBNY",1498,873.0614152202937,1530.0,922,50.16635786935097,898,266,849,225,38.56047957727306,1.203154989193397,162.0243866176395,246.40253671562084,2025-12-12T02:40:00,61320000 milliseconds,18750.276864613432,0.40549906714129397,0.06407165001722356,0.01749271137026239,0.06711283656764276,0.08800695940818247,284.0,0.19,0.95,0.050000000000000044,0.8821832245046051,"aqua",61320.0,18750.276864613432,0.30577750920765545
226,"I8Cg23Ht7eEz",NA,"BhXmjk3hO4b4",436,431.5756880733945,449.0,594,33.28112309693694,445,548,419,521,16.94670368986072,-0.700817285574882,86.66904755831213,535.059633027523,2025-12-09T09:58:00,NA,NA,NA,NA,NA,NA,NA,NA,NA,NA,NA,NA,"terra",NaN,NaN,NaN
226,"I8Cg23Ht7eEz","BhXmjk3hO4b4","mhmazDeIYcul",411,419.69099756690997,417.0,795,32.1272047455797,431,535,408,507,16.575317761261058,-0.6007342726952283,83.25483399593905,521.8102189781022,2025-12-10T08:59:00,82860000 milliseconds,4449.668815540604,0.0713145094244828,0.0590318772136954,0.07390300230946882,0.03528353007695062,0.022157728712224378,36.0,0.088,0.986,0.014000000000000012,0.363690647736822,"terra",82860.0,4449.668815540604,0.05370104773763702
226,"I8Cg23Ht7eEz","mhmazDeIYcul","9kB3kk0SiUb5",410,429.30731707317074,416.0,683,32.33886981154374,440,527,418,499,16.39154024242521,-0.5730554379045227,83.01219330881975,513.6219512195122,2025-12-11T09:38:00,88740000 milliseconds,3157.543841073859,0.0472650825697756,0.00243605359317905,0.0024009603841536613,0.0065667117912223665,0.011149228647467516,38.0,0.093,0.993,0.007000000000000006,0.1698180369857982,"terra",88740.0,3157.543841073859,0.03558196800849514
226,"I8Cg23Ht7eEz","9kB3kk0SiUb5","wpoSKOAhZXdw",388,451.7603092783505,398.0,508,32.59236735220707,463,531,440,504,15.467807029321037,-0.6713663695267449,82.42640687119284,518.2731958762887,2025-12-12T02:40:00,61320000 milliseconds,5732.423875546975,0.12397110457497783,0.05513784461152882,0.044226044226044224,0.007808184526779735,0.05798820705428368,43.0,0.111,0.993,0.007000000000000006,0.4071313849936143,"aqua",61320.0,5732.423875546975,0.09348375530898524
227,"I9mFabOGFRPm",NA,"2hIZMWjUSfQo",684,408.01461988304095,698.0,525,31.229270321452937,424,950,392,920,28.872514806566738,-0.5781808627101341,105.25483399593904,936.4356725146199,2025-12-09T09:58:00,NA,NA,NA,NA,NA,NA,NA,NA,NA,NA,NA,NA,"terra",NaN,NaN,NaN
227,"I9mFabOGFRPm","2hIZMWjUSfQo","V3sUrNTf9nJ7",738,292.55420054200545,827.0,496,33.91308653217273,310,806,274,772,30.16474993695959,0.9254499716753668,126.46803743153548,788.390243902439,2025-12-10T03:01:00,61380000 milliseconds,46936.497903665084,1.0140757892117336,0.0759493670886076,0.16918032786885245,0.0823984989290548,0.04377693092681948,200.0,0.271,0.957,0.04300000000000004,1.6993809140250677,"aqua",61380.0,46936.497903665084,0.7646871603725168
227,"I9mFabOGFRPm","V3sUrNTf9nJ7","fE6ilTijlLc4",851,443.09870740305524,889.0,486,34.46639654441746,462,842,428,807,32.45733317202972,-0.30031827444064574,132.95331880577405,823.6051703877791,2025-12-12T02:40:00,171540000 milliseconds,38652.085643439554,0.29984939019773904,0.1422278162366268,0.07226107226107226,0.016183509653765017,0.07321964141882824,249.0,0.293,0.989,0.01100000000000001,0.9077414297680313,"aqua",171540.0,38652.085643439554,0.22532403896140582
228,"IJlU8dJ1Hdyj",NA,"RfiMqcjjDaBT",2198,590.6251137397634,2496.0,804,56.39073536982652,625,543,565,489,53.4801817751599,-1.1544930182581437,240.40916292848974,515.2142857142857,2025-12-09T09:58:00,NA,NA,NA,NA,NA,NA,NA,NA,NA,NA,NA,NA,"terra",NaN,NaN,NaN
228,"IJlU8dJ1Hdyj","RfiMqcjjDaBT","2KREAYh4SD8E",2183,579.4658726523134,2304.0,853,55.05403558969793,607,507,552,451,51.46076729452169,0.8451383102188743,202.75230867899737,479.2569857993587,2025-12-10T03:01:00,61380000 milliseconds,9412.2794755702,0.20335485525699903,0.006847751654873316,0.08,0.023988559869068518,0.0384866822444555,508.0,0.233,0.954,0.04600000000000004,0.6316778490253964,"aqua",61380.0,9412.2794755702,0.15334440331655588
228,"IJlU8dJ1Hdyj","2KREAYh4SD8E","l8PS9klS7WRh",2321,577.5751831107282,2405.0,997,55.46895730576202,606,519,550,463,54.22442648957831,-0.6895669067919203,201.50966799187808,491.228780697975,2025-12-10T08:59:00,21480000 milliseconds,3030.043110637988,0.18521045908545158,0.06127886323268206,0.04289658101507751,0.007508332975683108,0.052299836828655355,303.0,0.131,0.998,0.0020000000000000018,0.4821940731375496,"terra",21480.0,3030.043110637988,0.14106345952690819
228,"IJlU8dJ1Hdyj","l8PS9klS7WRh","PYkF63avrZvO",2365,584.3420718816068,2474.0,889,57.439468982239966,613,506,557,447,53.418429411830225,-0.5583761416453898,206.34419177103416,477.10359408033827,2025-12-11T09:38:00,88740000 milliseconds,3915.6072375535473,0.0586124876514265,0.018779342723004695,0.028284484525517524,0.034904599085486335,0.014975393787142018,166.0,0.07,0.998,0.0020000000000000018,0.22755630777257707,"terra",88740.0,3915.6072375535473,0.04412448994313215
229,"IQR0zuLAjEcv",NA,"dLrRsdTXk70s",356,1064.441011235955,361.0,1677,23.386339961020717,1075,469,1055,447,19.79288534798243,0.056832280194205206,71.1126983722081,458.8230337078652,2025-12-11T09:38:00,NA,NA,NA,NA,NA,NA,NA,NA,NA,NA,NA,NA,"terra",NaN,NaN,NaN
229,"IQR0zuLAjEcv","dLrRsdTXk70s","a9ysWWoYHY3b",360,1066.5944444444444,366.0,1268,23.651836396950525,1077,459,1057,436,19.809173407824705,-0.10555717340867521,72.18376618407356,448.4472222222222,2025-12-12T02:40:00,61320000 milliseconds,2649.230295871636,0.057293042730787974,0.0111731843575419,0.013755158184319119,0.011288551405960983,0.0008225865196912831,40.0,0.111,0.999,0.0010000000000000009,0.20633252319830125,"aqua",61320.0,2649.230295871636,0.043203364251005155
230,"IgqFF6FNP488",NA,"fFuq72AYcSk5",486,1031.1460905349795,491.0,1893,27.83059915637848,1042,893,1020,866,22.751299182829527,-0.21642705907688306,85.59797974644665,877.7427983539095,2025-12-09T04:00:00,NA,NA,NA,NA,NA,NA,NA,NA,NA,NA,NA,NA,"aqua",NaN,NaN,NaN
230,"IgqFF6FNP488","fFuq72AYcSk5","pY6jlWddgJmb",457,1050.770240700219,467.0,1539,26.818364688380775,1061,912,1040,886,22.258357546666,-0.0020899381969417775,82.76955262170047,897.4442013129103,2025-12-09T09:58:00,21480000 milliseconds,6951.854735701789,0.4249299960697915,0.061505832449628844,0.05010438413361169,0.037044964690388205,0.021903816735420384,45.0,0.098,0.994,0.006000000000000005,0.6994889940788407,"terra",21480.0,6951.854735701789,0.323643144120195
230,"IgqFF6FNP488","pY6jlWddgJmb","xeXmzMJbFpU4",450,1029.2466666666667,460.0,1756,27.352007022582228,1039,884,1019,857,21.465523278373386,-0.1466190156750897,81.94112549695427,869.28,2025-12-10T03:01:00,61380000 milliseconds,8861.738242198677,0.19146026233550129,0.015435501653803748,0.015102481121898598,0.019702369296958473,0.03626550312243019,53.0,0.118,0.997,0.0030000000000000027,0.3989661175305923,"aqua",61380.0,8861.738242198677,0.14437501209186504
230,"IgqFF6FNP488","xeXmzMJbFpU4","OAfhNZBD4cPy",451,1028.1973392461198,459.0,1855,27.13531184882856,1039,883,1018,856,21.67262847842649,-0.19553078898754547,83.01219330881975,868.2283813747229,2025-12-10T08:59:00,21480000 milliseconds,371.3985198325811,0.022701621016661434,0.0022197558268590455,0.002176278563656148,0.007953967207124442,0.00960195055275901,29.0,0.064,0.999,0.0010000000000000009,0.10965357316706009,"terra",21480.0,371.3985198325811,0.017290433884198375
230,"IgqFF6FNP488","OAfhNZBD4cPy","9nkOK5z75rKd",468,1032.6367521367522,488.0,1638,26.859611730895892,1044,881,1022,855,22.871719903584836,-0.3706518744068049,86.18376618407356,866.508547008547,2025-12-11T09:38:00,88740000 milliseconds,1190.2262668446897,0.017816424920959355,0.036996735582154515,0.061246040126715945,0.010212075493563483,0.053838094784773416,66.0,0.141,0.987,0.013000000000000012,0.3341093709081667,"terra",88740.0,1190.2262668446897,0.013412511458696074
231,"IkMbMDsjhmMv",NA,"LuxToP2aFYcv",407,39.96560196560196,411.0,65,24.135014007788136,51,1109,29,1085,21.63029638388604,-0.0053153986933028256,77.35533905932736,1097.4643734643735,2025-12-10T08:59:00,NA,NA,NA,NA,NA,NA,NA,NA,NA,NA,NA,NA,"terra",NaN,NaN,NaN
231,"IkMbMDsjhmMv","LuxToP2aFYcv","Xc20VHNyVmD4",414,46.57487922705314,458.0,77,27.106420692030678,59,1135,36,1109,21.465416211644555,-0.5900628778698261,93.01219330881976,1120.7971014492753,2025-12-11T09:38:00,88740000 milliseconds,6062.686807102086,0.0907519917237046,0.01705237515225335,0.10817031070195628,0.11597671695375261,0.007651813245969378,107.0,0.258,0.953,0.04700000000000004,0.6446032077776362,"terra",88740.0,6062.686807102086,0.06831966201377154
232,"Iq5crkQ3kPus",NA,"eptch3dlfTdc",797,556.4466750313676,845.0,1029,40.348999933150154,570,745,541,702,26.1845539071183,0.16124500453033985,122.46803743153546,722.4102885821832,2025-12-09T04:00:00,NA,NA,NA,NA,NA,NA,NA,NA,NA,NA,NA,NA,"aqua",NaN,NaN,NaN
232,"Iq5crkQ3kPus","eptch3dlfTdc","PwXIOksaSKUP",812,561.2660098522167,873.0,991,40.44151287892437,575,739,546,697,26.578740307629914,0.17818384317020639,126.46803743153546,717.1256157635468,2025-12-10T08:59:00,104340000 milliseconds,1788.0463311160893,0.022776209555010373,0.018645121193287758,0.03259604190919674,0.002290193304983969,0.014941690293531098,54.0,0.067,0.986,0.014000000000000012,0.17224925625600995,"terra",104340.0,1788.0463311160893,0.017136729261223782
232,"Iq5crkQ3kPus","PwXIOksaSKUP","DG8xdLUw8wrT",696,581.669540229885,754.0,812,37.6155063648248,595,728,565,691,24.908333572662528,0.5134926007087407,126.46803743153546,708.0416666666666,2025-12-11T03:40:00,67260000 milliseconds,5583.581864869215,0.11014068182008512,0.15384615384615385,0.14628149969268592,0.07240877352169388,0.06488645048468225,199.0,0.286,0.992,0.008000000000000007,0.841563559365301,"aqua",67260.0,5583.581864869215,0.08301489540394313
233,"Irv646FRYtZ0",NA,"VTD0hhLlEYSQ",323,719.1269349845202,337.0,1295,28.892947762456387,730,316,707,294,14.77582884390905,0.8425560588067947,79.01219330881976,304.0743034055728,2025-12-09T04:00:00,NA,NA,NA,NA,NA,NA,NA,NA,NA,NA,NA,NA,"aqua",NaN,NaN,NaN
233,"Irv646FRYtZ0","VTD0hhLlEYSQ","i7ejPa2DD7xg",317,563.1356466876972,340.0,799,28.409824913672804,572,210,554,184,15.021211558235079,-0.2966971781784395,81.01219330881976,197.04731861198738,2025-12-11T03:40:00,171600000 milliseconds,47294.3294027604,0.3667648654731322,0.01875,0.008862629246676515,0.016862110722430705,0.016470274296662805,77.0,0.243,0.989,0.01100000000000001,0.6817098797389023,"aqua",171600.0,47294.3294027604,0.27560798020256644
233,"Irv646FRYtZ0","i7ejPa2DD7xg","25rb3ZLzlEhT",318,566.6792452830189,336.0,658,29.60874157755829,575,269,560,241,14.280749379320392,0.24265928829014846,76.76955262170047,255.67295597484278,2025-12-12T08:40:00,104400000 milliseconds,14683.158820579516,0.18692754704747952,0.0031496062992125984,0.011834319526627219,0.04132872410995164,0.05054011098388011,61.0,0.192,0.983,0.017000000000000015,0.5027803079671511,"terra",104400.0,14683.158820579516,0.140643283722026
234,"IshtKCiNLAj5",NA,"gFw6FCrQoCHj",515,1055.4466019417475,520.0,1926,30.620053950796816,1066,734,1044,704,21.936528395503057,0.020700142425124465,89.01219330881975,717.7087378640776,2025-12-09T04:00:00,NA,NA,NA,NA,NA,NA,NA,NA,NA,NA,NA,NA,"aqua",NaN,NaN,NaN
234,"IshtKCiNLAj5","gFw6FCrQoCHj","TIudEGo4U2WG",495,1070.3373737373738,500.0,1571,30.049475257150572,1081,754,1059,725,21.613036660227394,-0.158287584810664,88.18376618407356,738.2747474747475,2025-12-09T09:58:00,21480000 milliseconds,6347.715317220366,0.3880021587543011,0.039603960396039604,0.0392156862745098,0.018809399086996737,0.014856255618704356,44.0,0.089,0.999,0.0010000000000000009,0.5904874601305516,"terra",21480.0,6347.715317220366,0.29551747286873215
234,"IshtKCiNLAj5","TIudEGo4U2WG","pCrYHFNLyH5i",496,1055.2358870967741,503.0,1799,30.161020400189724,1065,713,1043,683,21.698854665367616,0.028890909999175773,89.01219330881976,696.0100806451613,2025-12-10T03:01:00,61380000 milliseconds,11220.397054505616,0.24241972679065824,0.0020181634712411706,0.005982053838484547,0.0037051727218443222,0.003962791857556603,33.0,0.067,0.999,0.0010000000000000009,0.3260879086797849,"aqua",61380.0,11220.397054505616,0.18280216771758906
234,"IshtKCiNLAj5","pCrYHFNLyH5i","TYBzyHfHd4DK",520,1051.9942307692309,526.0,1896,31.03100668968617,1062,722,1039,692,22.134112395055716,0.10616568266749496,90.76955262170046,705.6038461538461,2025-12-10T08:59:00,21480000 milliseconds,2531.657959489335,0.1547468190396904,0.047244094488188976,0.04470359572400389,0.028434628851848675,0.01985983422423134,42.0,0.081,0.994,0.006000000000000005,0.3819889723279633,"terra",21480.0,2531.657959489335,0.11786117129838618
234,"IshtKCiNLAj5","TYBzyHfHd4DK","yvrmXLFvJxfh",491,1061.3340122199593,497.0,1671,30.085885262324208,1071,706,1050,676,21.2367278090522,0.04733351717792232,87.01219330881975,689.8798370672098,2025-12-11T09:38:00,88740000 milliseconds,4572.171115181445,0.06844055258111587,0.057368941641938676,0.056695992179863146,0.03092832103124879,0.04138193227432647,44.0,0.09,0.988,0.01200000000000001,0.356815739708493,"terra",88740.0,4572.171115181445,0.05152322645009517
234,"IshtKCiNLAj5","yvrmXLFvJxfh","5aO5mPK47rtO",517,1069.2591876208899,527.0,1272,30.910476812669913,1080,695,1058,665,21.93560693526865,-0.03174172710174181,90.18376618407356,678.5531914893617,2025-12-12T02:40:00,61320000 milliseconds,3455.9848920179556,0.07474015769935025,0.051587301587301584,0.05859375,0.02703740099555058,0.0323762488341394,36.0,0.07,0.989,0.01100000000000001,0.3253348591163418,"aqua",61320.0,3455.9848920179556,0.05635983189853157
235,"IzJQp0fB9Z8M",NA,"gliQOVcs5toT",719,1140.9680111265648,742.0,1388,33.712905719320815,1155,134,1126,101,27.59028475832818,-0.41859466122624756,109.74011537017762,117.39221140472878,2025-12-12T02:40:00,NA,NA,NA,NA,NA,NA,NA,NA,NA,NA,NA,NA,"aqua",NaN,NaN,NaN
235,"IzJQp0fB9Z8M","gliQOVcs5toT","L1pWXBRqvXcc",704,1140.4573863636363,732.0,1120,33.33676859746381,1154,145,1125,112,27.4758127615333,-0.5204719773351025,111.15432893255071,128.84801136363637,2025-12-12T08:40:00,21600000 milliseconds,2866.7936177354895,0.17427316825139755,0.02108222066057625,0.013568521031207599,0.011219655447687904,0.00415762154758075,64.0,0.091,0.994,0.006000000000000005,0.32130118693845006,"terra",21600.0,2866.7936177354895,0.1327219267470134
236,"J5lZzsmS7uxp",NA,"lYrlYMNwcmsc",579,919.0034542314335,587.0,1516,29.633496943175636,933,335,906,308,25.233786442230283,0.7853965817296136,93.84062043356595,322.08290155440415,2025-12-10T03:01:00,NA,NA,NA,NA,NA,NA,NA,NA,NA,NA,NA,NA,"aqua",NaN,NaN,NaN
236,"J5lZzsmS7uxp","lYrlYMNwcmsc","iEvP5nGdUAIP",568,924.443661971831,585.0,1658,28.74658425730148,938,347,911,319,25.72515627568718,0.5874704114453952,96.08326112068522,333.7007042253521,2025-12-10T08:59:00,21480000 milliseconds,3207.1131797124776,0.1960338129408605,0.01918047079337402,0.0034129692832764505,0.030384085381056636,0.019284930465565897,60.0,0.106,0.999,0.0010000000000000009,0.3752962688641335,"terra",21480.0,3207.1131797124776,0.14930694505179132
236,"J5lZzsmS7uxp","iEvP5nGdUAIP","6V8Z9Vpa0hYX",603,879.4643449419569,615.0,949,30.934364064358594,895,325,866,298,25.216812880085477,-0.9227648194151833,98.66904755831213,310.91376451077946,2025-12-12T02:40:00,150060000 milliseconds,12605.513630028852,0.1117559610800909,0.059777967549103334,0.05,0.07331585266593701,0.019957744234317565,76.0,0.126,0.988,0.01200000000000001,0.45280752552944886,"aqua",150060.0,12605.513630028852,0.08400315627101727
237,"J6q4cttUse7W",NA,"lgndKkvPO9U5",447,198.0178970917226,458.0,405,33.98353521218401,205,395,187,362,17.558319590674383,0.03110558495399598,89.01219330881976,377.7225950782998,2025-12-09T04:00:00,NA,NA,NA,NA,NA,NA,NA,NA,NA,NA,NA,NA,"aqua",NaN,NaN,NaN
237,"J6q4cttUse7W","lgndKkvPO9U5","k1BihhbMkBac",453,93.4878587196468,509.0,151,32.85958165164943,104,370,82,336,18.972575671564886,0.13731615033356612,99.98275605729688,352.9713024282561,2025-12-10T03:01:00,82860000 milliseconds,26855.115213302182,0.4304049236846251,0.013333333333333334,0.10548086866597725,0.03362959757918512,0.07742794534534012,95.0,0.21,0.979,0.02100000000000002,0.8912766686084609,"aqua",82860.0,26855.115213302182,0.32410228353007703
238,"JJB7fI6l0Ig1",NA,"VgcIagkYzOWJ",835,1072.297005988024,911.0,1948,37.90073483843129,1090,809,1056,776,29.457293009790252,-0.724982663372951,129.88225099390857,792.0047904191616,2025-12-09T04:00:00,NA,NA,NA,NA,NA,NA,NA,NA,NA,NA,NA,NA,"aqua",NaN,NaN,NaN
238,"JJB7fI6l0Ig1","VgcIagkYzOWJ","tXYdkZcX2DuA",803,1072.8206724782067,879.0,1826,37.89854058156517,1092,790,1054,760,28.275847617747054,-1.0352630252345403,126.46803743153546,775.3399750933997,2025-12-10T03:01:00,82860000 milliseconds,4168.260251851846,0.06680439541392492,0.03907203907203907,0.035754189944134075,5.789651296692966e-5,0.04092780608161397,70.0,0.087,0.995,0.0050000000000000044,0.274616327024679,"aqua",82860.0,4168.260251851846,0.0503048545963293
238,"JJB7fI6l0Ig1","tXYdkZcX2DuA","xZUr9hV1FlXt",794,1069.6423173803526,885.0,1919,37.61881991383092,1088,798,1053,765,28.44267568975991,-0.7525115707264396,135.53910524340094,781.022670025189,2025-12-10T08:59:00,21480000 milliseconds,1627.785359311816,0.09949788259852176,0.011271133375078271,0.006802721088435374,0.007408115588237651,0.005882666271418054,92.0,0.116,0.991,0.009000000000000008,0.2558625189216911,"terra",21480.0,1627.785359311816,0.07578144130874376
238,"JJB7fI6l0Ig1","xZUr9hV1FlXt","Jf0DecN6dvmj",807,1076.5179677819083,892.0,1681,37.836082447649055,1096,787,1057,757,28.551562692957614,-1.1187676443556742,130.12489168102786,771.8859975216852,2025-12-11T09:38:00,88740000 milliseconds,2858.6858090814094,0.042791494784543214,0.016239850093691444,0.007878446820483961,0.005758738717261917,0.0038209828322128265,85.0,0.105,0.988,0.01200000000000001,0.19348951324819336,"terra",88740.0,2858.6858090814094,0.032214174093772925
239,"JYfWSD6prAQr",NA,"jz71qxqHxdfD",375,416.1333333333333,382.0,833,28.069312606102734,427,771,405,746,17.557190690198492,-0.6727099351169172,78.42640687119285,758.3706666666667,2025-12-09T04:00:00,NA,NA,NA,NA,NA,NA,NA,NA,NA,NA,NA,NA,"aqua",NaN,NaN,NaN
239,"JYfWSD6prAQr","jz71qxqHxdfD","dtAfcDEg0SRl",359,426.883008356546,367.0,577,28.41320503355137,439,778,413,757,17.203312738174862,-1.0060072649984813,79.01219330881975,767.6100278551532,2025-12-09T09:58:00,21480000 milliseconds,3543.667840987585,0.21660561375229737,0.043596730245231606,0.04005340453938585,0.012176951092817568,0.020360922145608314,102.0,0.284,0.992,0.008000000000000007,0.6247936217753407,"terra",21480.0,3543.667840987585,0.1649752253718615
239,"JYfWSD6prAQr","dtAfcDEg0SRl","jzX5uJyipwA9",381,419.98950131233596,391.0,796,28.269443440633875,432,763,408,740,17.897463490868034,-0.9044907734194699,79.59797974644665,751.4356955380578,2025-12-10T08:59:00,82860000 milliseconds,4395.519489153222,0.07044666221897944,0.05945945945945946,0.0633245382585752,0.005072507964512942,0.039551874759899006,60.0,0.157,0.998,0.0020000000000000018,0.396855042661426,"terra",82860.0,4395.519489153222,0.05304754391930029
239,"JYfWSD6prAQr","jzX5uJyipwA9","dtGSClraNPp0",394,437.8274111675127,407.0,672,29.839636293384675,451,754,424,732,17.48592324522746,-1.0594197706147361,82.18376618407356,742.4086294416244,2025-12-11T03:40:00,67260000 milliseconds,4997.99303665224,0.09858946713980156,0.03354838709677419,0.040100250626566414,0.054042943372636786,0.02326177811694608,67.0,0.17,0.984,0.016000000000000014,0.4355428263527251,"aqua",67260.0,4997.99303665224,0.07430854945959323
240,"JdnSsMX0nDvT",NA,"GhbJGemIkY9M",790,701.7645569620253,883.0,1257,40.99579391909449,723,1107,684,1078,26.80449816598243,1.2793581015306112,136.12489168102783,1092.767088607595,2025-12-09T04:00:00,NA,NA,NA,NA,NA,NA,NA,NA,NA,NA,NA,NA,"aqua",NaN,NaN,NaN
240,"JdnSsMX0nDvT","GhbJGemIkY9M","WIesytlR36PB",752,765.2792553191489,809.0,1201,37.54754061049527,778,1150,750,1112,27.183956222465614,-0.007732145830630078,119.39696961966999,1129.9561170212767,2025-12-10T03:01:00,82860000 milliseconds,18400.30696372689,0.2949003439975461,0.04928664072632944,0.08747044917257683,0.0878051162266393,0.014057007587325076,173.0,0.23,0.967,0.03300000000000003,0.7965195577104168,"aqua",82860.0,18400.30696372689,0.22206501283764046
240,"JdnSsMX0nDvT","WIesytlR36PB","dV1Lp8x8OQ2l",814,880.2186732186732,824.0,1381,37.15440668456819,896,1055,864,1021,28.02196518556617,0.6187174941745516,112.56854249492379,1038.1609336609336,2025-12-11T09:38:00,110220000 milliseconds,36774.16337868927,0.44351641293721605,0.07918263090676884,0.01837109614206981,0.010525399675975005,0.030359386881952704,194.0,0.238,0.985,0.015000000000000013,0.8349549265439824,"terra",110220.0,36774.16337868927,0.33364328959072104
240,"JdnSsMX0nDvT","dV1Lp8x8OQ2l","D0FPEJStgBmi",826,895.3159806295399,844.0,978,37.769477680333324,913,1069,879,1036,27.985603395947994,0.7435558989768504,116.22539674441617,1052.1222760290557,2025-12-12T02:40:00,61320000 milliseconds,5140.815668367556,0.11117680943701462,0.014634146341463415,0.023980815347721823,0.01641855600463957,0.0012984598524485153,76.0,0.092,0.995,0.0050000000000000044,0.26450878698328795,"aqua",61320.0,5140.815668367556,0.08383587195641808
241,"Jg9IpXwEkkfC",NA,"c6MSKd4M7cKm",1149,444.37249782419497,1181.0,861,53.23149837257665,467,979,416,948,28.69643445149318,-1.2453724536891422,151.39696961967,964.4281984334203,2025-12-09T04:00:00,NA,NA,NA,NA,NA,NA,NA,NA,NA,NA,NA,NA,"aqua",NaN,NaN,NaN
241,"Jg9IpXwEkkfC","c6MSKd4M7cKm","1snOEqNqHTCD",1148,457.6576655052265,1173.0,606,53.549072179704666,480,986,428,955,28.455638699737456,-1.2482077926823343,147.1543289325507,971.5200348432056,2025-12-09T09:58:00,21480000 milliseconds,3764.8856554372974,0.23012748505117955,0.0008707009142359599,0.006796941376380629,0.005948157150415766,0.008426492285539704,76.0,0.066,0.995,0.0050000000000000044,0.3231697767777516,"terra",21480.0,3764.8856554372974,0.17527400630527457
241,"Jg9IpXwEkkfC","1snOEqNqHTCD","WXujsQKmkjem",1133,448.3901147396293,1172.0,816,52.38353933196362,472,971,420,941,28.546022760924583,-1.2540872367457925,145.98275605729688,956.7546337157987,2025-12-10T08:59:00,82860000 milliseconds,4358.21471222843,0.06984878134832005,0.0131521262604121,0.0008528784648187633,0.022005175386668657,0.0031712781301823116,94.0,0.083,0.995,0.0050000000000000044,0.1970302395904019,"terra",82860.0,4358.21471222843,0.05259732937760596
241,"Jg9IpXwEkkfC","WXujsQKmkjem","viWOi6OMtOVQ",1061,464.1206409048068,1105.0,509,47.880930763769626,485,1067,440,1030,29.00663698062924,0.9938286177449517,139.1959594928933,1046.477851083883,2025-12-12T02:40:00,150060000 milliseconds,22772.935126364693,0.2018966720720306,0.06563354603463993,0.05884936319718929,0.0898146385034473,0.016006704877692592,213.0,0.201,0.972,0.028000000000000025,0.6612009246849997,"aqua",150060.0,22772.935126364693,0.15175886396351254
242,"JyaQ5jIjuICd",NA,"QauDQliCeydD",496,829.25,528.0,1466,33.24828958936413,847,89,815,66,20.237962045326253,-1.2142634572391588,97.49747468305833,76.67540322580645,2025-12-10T08:59:00,NA,NA,NA,NA,NA,NA,NA,NA,NA,NA,NA,NA,"terra",NaN,NaN,NaN
242,"JyaQ5jIjuICd","QauDQliCeydD","NR4j0lLuOkXX",503,853.9065606361829,555.0,1090,29.658770150823873,868,77,840,49,22.977338031129037,0.758692897420307,101.39696961966999,62.98210735586481,2025-12-11T03:40:00,67260000 milliseconds,7050.941134821674,0.13908553377693408,0.014014014014014014,0.04986149584487535,0.11412135468945148,0.1267780615178586,175.0,0.348,0.993,0.007000000000000006,0.7988604598431335,"aqua",67260.0,7050.941134821674,0.10483112005384587
243,"JylI0BJy91tg",NA,"0SPDvlvCioFq",305,393.3967213114754,317.0,788,30.654006440965386,409,28,379,15,13.053818265146123,-1.5428781176797508,78.18376618407356,22.21639344262295,2025-12-09T04:00:00,NA,NA,NA,NA,NA,NA,NA,NA,NA,NA,NA,NA,"aqua",NaN,NaN,NaN
243,"JylI0BJy91tg","0SPDvlvCioFq","HtYiBKSBYE2u",393,426.63104325699743,426.0,592,36.78705923078401,436,132,419,99,14.682246916517366,0.1635219626541351,91.84062043356595,116.25954198473282,2025-12-09T09:58:00,21480000 milliseconds,24935.709763925846,1.5241876383817754,0.2521489971346705,0.2934051144010767,0.18187888132342245,0.11742319184105526,116.0,0.295,0.948,0.052000000000000046,2.716043823082,"terra",21480.0,24935.709763925846,1.1608803428270877
243,"JylI0BJy91tg","HtYiBKSBYE2u","PwFtL7hKLtop",408,405.6470588235294,449.0,783,36.7990093258585,415,112,398,79,15.391884046097573,0.12796280506242427,93.25483399593904,96.20833333333333,2025-12-10T08:59:00,82860000 milliseconds,7255.939683657394,0.11629040281524793,0.03745318352059925,0.052571428571428575,0.00032479232302757877,0.04719252772173897,43.0,0.105,0.999,0.0010000000000000009,0.35983233495204225,"terra",82860.0,7255.939683657394,0.08756866622806414
243,"JylI0BJy91tg","PwFtL7hKLtop","tiJXfSB7o24h",407,398.2113022113022,481.0,494,38.10767050611051,406,122,389,85,16.78246292749116,-0.030300396408030287,113.15432893255071,107.1007371007371,2025-12-12T08:40:00,171660000 milliseconds,3297.109872945852,0.02555998196012134,0.00245398773006135,0.06881720430107527,0.03494110760716145,0.08644022410369882,155.0,0.381,0.946,0.05400000000000005,0.6532125057021183,"terra",171660.0,3297.109872945852,0.01920721119041042
244,"JzEMoFYFHO2a",NA,"d5BRMbAbxE3t",380,175.15263157894736,385.0,354,23.644735544767034,186,505,165,482,20.690936341040715,-0.09403143713802974,75.35533905932736,493.3921052631579,2025-12-09T04:00:00,NA,NA,NA,NA,NA,NA,NA,NA,NA,NA,NA,NA,"aqua",NaN,NaN,NaN
244,"JzEMoFYFHO2a","d5BRMbAbxE3t","pjkjEqCF5uuX",327,172.91743119266056,329.0,300,22.34902051097372,183,496,164,474,18.86318854821971,-0.25770028622180674,68.5269119345812,485.23853211009174,2025-12-10T03:01:00,82860000 milliseconds,2113.5999492757837,0.033874508362461475,0.14992927864214992,0.1568627450980392,0.056343084144857024,0.09241755685092994,58.0,0.177,0.977,0.02300000000000002,0.6894271730984376,"aqua",82860.0,2113.5999492757837,0.025508085315903737
244,"JzEMoFYFHO2a","pjkjEqCF5uuX","qbXlEOGYt1a1",349,178.4240687679083,353.0,321,22.25544518670548,189,498,169,476,20.180679738512737,-0.41477775584080123,70.76955262170047,486.9885386819484,2025-12-10T08:59:00,21480000 milliseconds,1444.506411950804,0.08829501295542812,0.0650887573964497,0.07038123167155426,0.004195782767693101,0.06748773869523193,29.0,0.083,0.999,0.0010000000000000009,0.37944852348635716,"terra",21480.0,1444.506411950804,0.06724890185990708
244,"JzEMoFYFHO2a","qbXlEOGYt1a1","ap8PuQ6A8I4A",343,183.23032069970844,349.0,299,23.83347190887687,193,505,174,482,18.58664466911691,-0.11510130688147259,71.94112549695429,493.2069970845481,2025-12-11T03:40:00,67260000 milliseconds,1964.8359113548702,0.03875798227349581,0.017341040462427744,0.011396011396011397,0.06847749184033858,0.08223601157690986,41.0,0.12,0.992,0.008000000000000007,0.3462085375491834,"aqua",67260.0,1964.8359113548702,0.029212547002005207
244,"JzEMoFYFHO2a","ap8PuQ6A8I4A","TjI6fkNXgik5",347,196.5014409221902,355.0,127,23.97996046402687,207,506,187,482,18.7920148383338,-0.1276814119007982,73.59797974644665,493.6023054755043,2025-12-12T02:40:00,82800000 milliseconds,3319.2516163617793,0.05323579176201731,0.011594202898550725,0.017045454545454544,0.006127506346229878,0.010988632119134789,35.0,0.101,0.999,0.0010000000000000009,0.20099158767138725,"aqua",82800.0,3319.2516163617793,0.040087579907750956
245,"K09b8TmYf8HG",NA,"8fenU8h3BjIH",771,1167.7950713359273,792.0,2121,33.69222673771229,1186,177,1151,146,29.91237096243764,-1.2956409017765647,117.88225099390857,159.73281452658884,2025-12-09T04:00:00,NA,NA,NA,NA,NA,NA,NA,NA,NA,NA,NA,NA,"aqua",NaN,NaN,NaN
245,"K09b8TmYf8HG","8fenU8h3BjIH","gvAfO36X4OGW",689,1151.9956458635704,711.0,1983,32.591163834873164,1167,163,1137,133,27.507861562404887,-0.9496767991484311,111.7401153701776,147.00870827285922,2025-12-10T03:01:00,82860000 milliseconds,5071.5180494401875,0.08128084060325647,0.11232876712328767,0.10778443113772455,0.03322289017890163,0.08375129442370187,106.0,0.154,0.992,0.008000000000000007,0.5803682234668722,"aqua",82860.0,5071.5180494401875,0.06120586591166048
245,"K09b8TmYf8HG","gvAfO36X4OGW","5WuwRnYu1Dkh",708,1064.6680790960452,757.0,1670,33.79235479319923,1079,191,1049,157,27.713675445855213,0.4454184719221714,120.39696961966997,172.71186440677965,2025-12-11T09:38:00,110220000 milliseconds,22757.905429736486,0.2744727182022129,0.02720114531138153,0.06267029972752043,0.03618943325544374,0.007454116440820526,143.0,0.202,0.979,0.02100000000000002,0.6309877129373791,"terra",110220.0,22757.905429736486,0.206477095170899
246,"K2FpQ1qKpeda",NA,"T7lOOoAnBh4d",507,609.2642998027613,519.0,1058,34.56646135487278,626,848,591,829,19.33534067115702,-1.515691139895529,93.59797974644667,837.2287968441815,2025-12-10T08:59:00,NA,NA,NA,NA,NA,NA,NA,NA,NA,NA,NA,NA,"terra",NaN,NaN,NaN
246,"K2FpQ1qKpeda","T7lOOoAnBh4d","L3kAPhks3KFB",486,615.4012345679013,498.0,940,34.22067502310666,632,841,598,822,18.65702795356614,-1.5488625937255551,92.18376618407356,830.5288065843621,2025-12-11T09:38:00,88740000 milliseconds,2271.4510476958594,0.03400121319805193,0.04229607250755287,0.04129793510324484,0.010053808022071288,0.035707840397688484,51.0,0.105,0.999,0.0010000000000000009,0.2693568692286094,"terra",88740.0,2271.4510476958594,0.025596698756996387
247,"KC2aIpIxEtC1",NA,"TkavpUsFU0vx",3156,379.81178707224336,3698.0,571,75.06481084974337,416,216,345,151,58.251633020214676,-0.9808955500454165,324.5990257669732,180.63371356147022,2025-12-10T03:01:00,NA,NA,NA,NA,NA,NA,NA,NA,NA,NA,NA,NA,"aqua",NaN,NaN,NaN
247,"KC2aIpIxEtC1","TkavpUsFU0vx","Gh5C9iY16w4X",3381,178.39396628216505,3449.0,236,71.79566633653145,209,345,145,273,60.328852163749204,-0.4375055728854799,232.79393923934,309.0848861283644,2025-12-11T09:38:00,110220000 milliseconds,59722.71462016888,0.7202884233271287,0.06883891693437356,0.06967958584021268,0.04452041251459911,0.035034755344641455,751.0,0.222,0.916,0.08399999999999996,1.2443620939609557,"terra",110220.0,59722.71462016888,0.5418500691359905
247,"KC2aIpIxEtC1","Gh5C9iY16w4X","8b2cflO0QlaW",3367,187.04098604098604,3427.0,97,71.12729727912176,217,363,154,291,60.732772718938584,-0.38873308903840786,234.20815280171308,327.24264924264924,2025-12-12T02:40:00,61320000 milliseconds,5027.8928987693425,0.10873470801836814,0.004149377593360996,0.006399069226294357,0.00935285751850293,0.0066729742902557395,146.0,0.043,0.997,0.0030000000000000027,0.18130898664678213,"aqua",61320.0,5027.8928987693425,0.08199433951026325
248,"KCQV9j6KyzSv",NA,"pi9aDqiqyihX",464,125.98706896551724,475.0,237,27.006224024960723,137,860,115,832,22.17069755387515,0.2004025208248677,85.84062043356596,845.3814655172414,2025-12-09T04:00:00,NA,NA,NA,NA,NA,NA,NA,NA,NA,NA,NA,NA,"aqua",NaN,NaN,NaN
248,"KCQV9j6KyzSv","pi9aDqiqyihX","IAYvtZ5Q3qaI",490,141.0326530612245,507.0,215,27.794109315651024,154,856,129,828,22.967774693144623,0.38652334569376234,90.66904755831213,841.2673469387755,2025-12-11T03:40:00,171600000 milliseconds,3899.4837195027912,0.030240277002735877,0.05450733752620545,0.06517311608961303,0.02875476270529949,0.03531697461568822,61.0,0.124,0.987,0.013000000000000012,0.3509924679395421,"aqua",171600.0,3899.4837195027912,0.022724264099666616
248,"KCQV9j6KyzSv","IAYvtZ5Q3qaI","aR0UwWPP8K1z",492,160.7439024390244,547.0,238,26.81775036420804,176,777,148,747,25.863039980258396,0.6691767689217014,97.9827560572969,762.6626016260162,2025-12-11T09:38:00,21480000 milliseconds,20259.626319538776,1.238363466964473,0.004073319755600814,0.07590132827324478,0.03575629752096009,0.11858353404415982,159.0,0.323,0.984,0.016000000000000014,1.8116779465584385,"terra",21480.0,20259.626319538776,0.9431855828463117
249,"KEcjWwN5oJc4",NA,"eRanQk8KUUUs",535,283.5102803738318,546.0,302,29.534294260980328,297,272,272,241,23.464805974460827,0.32011899569851743,91.9827560572969,257.13271028037383,2025-12-09T09:58:00,NA,NA,NA,NA,NA,NA,NA,NA,NA,NA,NA,NA,"terra",NaN,NaN,NaN
249,"KEcjWwN5oJc4","eRanQk8KUUUs","6yzjHoGHdaxZ",572,263.67832167832165,574.0,488,29.906215030602446,277,254,252,223,24.663398489126855,0.21806039895945228,90.9116882454314,238.80594405594405,2025-12-10T08:59:00,82860000 milliseconds,6750.819144487765,0.1081948736996196,0.06684733514001806,0.05,0.01251405057105677,0.049808320423540706,50.0,0.087,0.999,0.0010000000000000009,0.3753645798342351,"terra",82860.0,6750.819144487765,0.08147259406816033
249,"KEcjWwN5oJc4","6yzjHoGHdaxZ","S9Y7NMRmsP1k",568,259.8169014084507,576.0,393,30.040526185595994,274,250,247,219,24.424651737928727,0.19675281646567633,93.1543289325507,234.46830985915494,2025-12-11T09:38:00,88740000 milliseconds,1451.8444502968596,0.02173257166824129,0.007017543859649123,0.0034782608695652175,0.004481016057541905,0.009727285972606824,38.0,0.067,0.993,0.007000000000000006,0.12043667842760437,"terra",88740.0,1451.8444502968596,0.016360654161560285
249,"KEcjWwN5oJc4","S9Y7NMRmsP1k","Hx0uJMQZvZzm",572,266.7867132867133,577.0,234,29.732591227886193,280,263,255,232,24.831355738950244,0.15663837961207697,92.08326112068522,247.41958041958043,2025-12-12T02:40:00,61320000 milliseconds,3676.9016062076143,0.07951776830033767,0.007017543859649123,0.0017346053772766695,0.010303459850676757,0.016513884167831734,38.0,0.066,0.999,0.0010000000000000009,0.18208726155577196,"aqua",61320.0,3676.9016062076143,0.05996251803991543
249,"KEcjWwN5oJc4","Hx0uJMQZvZzm","WeW2oUm3Jrxj",566,258.8462897526502,569.0,279,29.895767935355373,273,258,247,227,24.516352402555842,0.23071019943662158,92.5685424949238,242.90812720848058,2025-12-12T08:40:00,21600000 milliseconds,2283.1384098462754,0.13879260850129332,0.01054481546572935,0.013961605584642234,0.005473124189866081,0.012766685556748422,30.0,0.053,0.994,0.006000000000000005,0.24053883929827943,"terra",21600.0,2283.1384098462754,0.10570085230769793
250,"KH2Q00QWuFGO",NA,"DHeyXMNFRaip",582,476.65807560137455,629.0,919,28.448566440021896,490,40,464,13,27.070697102716103,0.13517160259592337,105.70458146424487,26.11340206185567,2025-12-09T04:00:00,NA,NA,NA,NA,NA,NA,NA,NA,NA,NA,NA,NA,"aqua",NaN,NaN,NaN
250,"KH2Q00QWuFGO","DHeyXMNFRaip","0UrJPO0FF4QC",536,492.2835820895522,549.0,676,27.161590008026582,506,74,479,49,25.55652403716691,1.5183308829560291,90.66904755831213,60.51679104477612,2025-12-09T09:58:00,21480000 milliseconds,9446.393579437521,0.577407920503516,0.08228980322003578,0.13582342954159593,0.04628566126037134,0.05754334098410882,94.0,0.175,0.96,0.040000000000000036,1.1143501555096278,"terra",21480.0,9446.393579437521,0.4397762374039814
250,"KH2Q00QWuFGO","0UrJPO0FF4QC","3b3yuEARIdtA",533,459.0731707317073,535.0,854,27.233211731580298,473,50,446,25,25.1495621707314,-0.8394058490470017,87.59797974644665,37.26641651031895,2025-12-10T08:59:00,82860000 milliseconds,10135.060861157326,0.16243386266779913,0.005612722170252572,0.025830258302583026,0.0026334032393968507,0.016051795627331143,69.0,0.129,0.993,0.007000000000000006,0.34856204200736274,"terra",82860.0,10135.060861157326,0.12231548227319969
250,"KH2Q00QWuFGO","3b3yuEARIdtA","xx6J94t4RqpK",568,426.6707746478873,582.0,666,29.41717400019141,440,43,413,17,25.02653598245402,-0.8773366237740726,94.42640687119284,29.633802816901408,2025-12-11T09:38:00,88740000 milliseconds,8322.304607820852,0.12457607376425195,0.06357856494096276,0.08415398388540735,0.07710317380544371,0.004903776610998541,63.0,0.111,0.983,0.017000000000000015,0.48231557300706435,"terra",88740.0,8322.304607820852,0.09378301338540514
251,"KMx2DWeG6cO8",NA,"2D5jRdDoStGV",331,477.7764350453172,364.0,920,29.22148200984377,493,767,464,750,16.069047828599224,1.3943965771946933,84.42640687119285,759.7160120845922,2025-12-09T04:00:00,NA,NA,NA,NA,NA,NA,NA,NA,NA,NA,NA,NA,"aqua",NaN,NaN,NaN
251,"KMx2DWeG6cO8","2D5jRdDoStGV","sWGqLjnlosmh",301,489.312292358804,347.0,674,29.392449496647103,504,778,476,762,14.922725116646816,1.432948002057413,87.42640687119285,770.2990033222592,2025-12-09T09:58:00,21480000 milliseconds,3913.7235107189013,0.2392251534669255,0.0949367088607595,0.04781997187060478,0.005833680915411784,0.07397593638657882,56.0,0.186,0.999,0.0010000000000000009,0.6487914515002804,"terra",21480.0,3913.7235107189013,0.1822031429571183
251,"KMx2DWeG6cO8","sWGqLjnlosmh","AyJBk4t4fJMP",305,488.2950819672131,339.0,778,28.804319884956936,495,851,477,826,15.484449736616593,0.40414112169128424,77.11269837220809,836.1803278688525,2025-12-11T09:38:00,171600000 milliseconds,16472.294241001917,0.12774171571153095,0.013201320132013201,0.023323615160349854,0.02021176150977462,0.03694684709648324,108.0,0.354,0.977,0.02300000000000002,0.5984252596101519,"terra",171600.0,16472.294241001917,0.09599239068182935
252,"KTEeGyhyuBqj",NA,"M2Sr0JJxajIb",844,215.15165876777252,893.0,357,42.66260433367155,233,1159,194,1125,26.401027885433738,0.8360183915638065,126.46803743153546,1140.8542654028436,2025-12-10T03:01:00,NA,NA,NA,NA,NA,NA,NA,NA,NA,NA,NA,NA,"aqua",NaN,NaN,NaN
252,"KTEeGyhyuBqj","M2Sr0JJxajIb","aPF9nTZlBavr",780,267.66282051282053,843.0,395,39.04864148448632,287,1200,248,1174,26.499300635662713,1.5256984425253588,119.84062043356593,1188.7833333333333,2025-12-11T09:38:00,110220000 milliseconds,17773.958584998894,0.2143636083338225,0.07881773399014778,0.0576036866359447,0.08845692690153895,0.0037153928142349708,199.0,0.255,0.994,0.006000000000000005,0.7039573486756889,"terra",110220.0,17773.958584998894,0.16125892383413984
253,"KWo0jxWCOgXw",NA,"Tx0mfhJoEqBo",923,913.7930660888408,1011.0,1633,39.76825133852437,930,1152,895,1110,32.56574064202569,-0.2819339432256396,149.02438661763952,1129.6208017334777,2025-12-10T08:59:00,NA,NA,NA,NA,NA,NA,NA,NA,NA,NA,NA,NA,"terra",NaN,NaN,NaN
253,"KWo0jxWCOgXw","Tx0mfhJoEqBo","yh1jPTCWluDq",985,917.8324873096446,1006.0,1448,44.01662316815133,932,1092,901,1048,29.923530653130133,-0.2895922280924119,128.8111831820431,1070.1197969543148,2025-12-11T09:38:00,88740000 milliseconds,14909.490462305068,0.223179259970138,0.0649895178197065,0.00495785820525533,0.10141142669584016,0.08456523605198064,213.0,0.216,0.974,0.026000000000000023,0.7211032987429207,"terra",88740.0,14909.490462305068,0.1680131897938367
254,"KbpdyEflGBFN",NA,"FiYXf8NvxO6o",818,594.9278728606357,844.0,822,39.89894312661655,609,291,581,252,26.68613414093986,-0.027533065100939082,120.5685424949238,272.2750611246944,2025-12-09T09:58:00,NA,NA,NA,NA,NA,NA,NA,NA,NA,NA,NA,NA,"terra",NaN,NaN,NaN
254,"KbpdyEflGBFN","FiYXf8NvxO6o","Apkjslls56Y5",833,566.5810324129652,859.0,857,39.72854116621103,581,258,553,219,27.3478682435605,-0.004636738591121332,119.74011537017759,239.45138055222088,2025-12-10T03:01:00,61380000 milliseconds,10842.443710049476,0.23425394209894082,0.018170805572380374,0.017615971814445096,0.0042799785003598155,0.02449324771138775,41.0,0.049,1.0,0.0,0.34781394569751384,"aqua",61380.0,10842.443710049476,0.17664457005619869
254,"KbpdyEflGBFN","Apkjslls56Y5","rCyD7hl9ot6h",845,570.1455621301775,870.0,1005,40.361673867245266,585,271,556,231,27.337170142024995,-0.1159449746906986,121.1543289325507,251.98343195266273,2025-12-10T08:59:00,21480000 milliseconds,3257.2820764423927,0.19910037142068415,0.014302741358760428,0.012724117987275883,0.01581048822929879,0.0003912624678097215,57.0,0.067,0.995,0.0050000000000000044,0.3143289814638289,"terra",21480.0,3257.2820764423927,0.1516425547691989
254,"KbpdyEflGBFN","rCyD7hl9ot6h","Fleo4sJ09CpT",843,568.5634638196916,877.0,886,40.36891453437917,583,265,555,225,27.213667437310598,0.024386225349920312,123.05382386916239,245.55397390272836,2025-12-11T09:38:00,88740000 milliseconds,1655.3127702927504,0.024778276630383213,0.002369668246445498,0.008013737836290785,0.0001793785299293323,0.004527985644025431,61.0,0.072,0.995,0.0050000000000000044,0.11686904688707425,"terra",88740.0,1655.3127702927504,0.0186535133005719
255,"Kd8At1EvSQic",NA,"1da0StCWeWv8",464,342.1896551724138,471.0,658,34.042649859669986,351,618,334,585,17.406941210437004,0.031270892342665925,86.76955262170047,601.5150862068965,2025-12-10T08:59:00,NA,NA,NA,NA,NA,NA,NA,NA,NA,NA,NA,NA,"terra",NaN,NaN,NaN
255,"Kd8At1EvSQic","1da0StCWeWv8","CYitT98juP6P",495,348.3656565656566,499.0,555,35.78320838639749,358,608,340,573,17.737015533988497,0.06747234095788632,90.18376618407356,590.7292929292929,2025-12-11T09:38:00,88740000 milliseconds,3107.2126761429636,0.046511678409444854,0.06465067778936393,0.0577319587628866,0.04985426804476209,0.018784129854920163,45.0,0.091,0.988,0.01200000000000001,0.34053271286137765,"terra",88740.0,3107.2126761429636,0.035014792383851294
255,"Kd8At1EvSQic","CYitT98juP6P","DVLz2jNNrZk5",483,371.1159420289855,484.0,382,35.22488513096398,380,616,363,581,17.530271815644937,0.13041580825859983,88.76955262170047,598.9192546583851,2025-12-12T02:40:00,61320000 milliseconds,6044.889172820647,0.1307285720765711,0.024539877300613498,0.030518819938962362,0.015725623031887116,0.011724390157595093,26.0,0.054,0.994,0.006000000000000005,0.2732372825056292,"aqua",61320.0,6044.889172820647,0.09857940594945609
256,"KjpiIkUyFbGz",NA,"qeA6NvZHHPFa",363,415.0633608815427,386.0,560,23.462649391183103,428,1046,403,1022,20.722226657911907,-0.8991222926711128,79.42640687119285,1033.7906336088154,2025-12-09T09:58:00,NA,NA,NA,NA,NA,NA,NA,NA,NA,NA,NA,NA,"terra",NaN,NaN,NaN
256,"KjpiIkUyFbGz","qeA6NvZHHPFa","oqvWDDbRmE6B",398,401.36934673366835,423.0,622,26.1179946988509,413,945,388,924,20.27680709524154,1.104643130557177,85.35533905932738,933.9145728643216,2025-12-11T03:40:00,150120000 milliseconds,25202.6208127746,0.22334828795440093,0.09198423127463863,0.09147095179233622,0.10711217477715412,0.021728295615557378,78.0,0.196,0.974,0.026000000000000023,0.7576439414140872,"aqua",150120.0,25202.6208127746,0.1678831655527218
256,"KjpiIkUyFbGz","oqvWDDbRmE6B","tRbKsM9HaQAU",387,400.05426356589146,406.0,497,26.998286114629558,413,1041,389,1016,19.364649969462747,0.7460608468179325,88.08326112068524,1028.2403100775193,2025-12-12T08:40:00,104400000 milliseconds,23583.726042219514,0.30023839646364753,0.02802547770700637,0.04101326899879373,0.03314582279846849,0.04602036319149101,82.0,0.212,0.991,0.009000000000000008,0.6694433291594071,"terra",104400.0,23583.726042219514,0.22589775902509113
257,"KlqC2XrxWWxY",NA,"lZMZUA9RzKKt",456,986.0833333333334,465.0,1810,25.728997889045683,1000,843,973,819,23.260216539693605,-1.3016987985054271,84.66904755831214,830.4583333333334,2025-12-09T04:00:00,NA,NA,NA,NA,NA,NA,NA,NA,NA,NA,NA,NA,"aqua",NaN,NaN,NaN
257,"KlqC2XrxWWxY","lZMZUA9RzKKt","8bX30i8Dm8hh",446,1002.4080717488789,449.0,1483,24.837574087141753,1016,869,991,846,23.359175668917537,-1.5549557369968927,81.01219330881976,857.2937219730942,2025-12-09T09:58:00,21480000 milliseconds,7852.687309860047,0.4799931118496361,0.022172949002217297,0.0350109409190372,0.035257434588356694,0.004245406237005934,62.0,0.139,0.994,0.006000000000000005,0.7216798425962534,"terra",21480.0,7852.687309860047,0.36558134589665026
257,"KlqC2XrxWWxY","8bX30i8Dm8hh","JVg2ZWjXbpaw",446,986.4753363228699,455.0,1780,25.794158615994256,1000,825,973,801,22.743305270165063,-1.5027463382328077,85.01219330881976,813.1793721973094,2025-12-10T08:59:00,82860000 milliseconds,11725.84728893687,0.18792927780971022,0.0,0.01327433628318584,0.0377859685135071,0.026717451477991077,54.0,0.121,0.987,0.013000000000000012,0.39970703408439423,"terra",82860.0,11725.84728893687,0.14151396679865882
257,"KlqC2XrxWWxY","JVg2ZWjXbpaw","TT8CUHYrHELf",427,979.9133489461358,432.0,962,26.931898890253077,993,767,967,746,20.50001213867469,1.1518429589567436,82.18376618407356,756.6932084309134,2025-12-12T08:40:00,171660000 milliseconds,14216.50971444935,0.11020977335903989,0.043528064146620846,0.05186020293122886,0.04315666021962723,0.10375212938828787,66.0,0.155,0.993,0.007000000000000006,0.5145068300448047,"terra",171660.0,14216.50971444935,0.08281783592245923
258,"Kn2qQto6vX64",NA,"qO926jmJ1rxb",2173,204.51587666820063,2230.0,378,57.85493615352103,237,1190,176,1139,48.84758184711225,-1.371820554141954,190.40916292848974,1162.384721583065,2025-12-09T04:00:00,NA,NA,NA,NA,NA,NA,NA,NA,NA,NA,NA,NA,"aqua",NaN,NaN,NaN
258,"Kn2qQto6vX64","qO926jmJ1rxb","QYVUIaQur1jJ",2200,210.10181818181817,2245.0,346,58.134194422287436,242,1185,181,1133,49.055716855704574,-1.3611787376716007,188.65180361560903,1156.8986363636363,2025-12-10T08:59:00,104340000 milliseconds,1957.3558955321005,0.02493288192512707,0.012348502172421678,0.0067039106145251395,0.00481524893548343,0.004251848739522268,136.0,0.062,0.993,0.007000000000000006,0.12205239238707959,"terra",104340.0,1957.3558955321005,0.01875940095392084
258,"Kn2qQto6vX64","QYVUIaQur1jJ","VXnBgEiTuItB",1975,201.02481012658228,2140.0,283,56.03535766588527,225,1176,174,1115,47.067682352338224,-0.1125033285847937,200.3086578651014,1146.079493670886,2025-12-11T09:38:00,88740000 milliseconds,3530.633121701674,0.05284983342117617,0.10778443113772455,0.04789053591790194,0.03676701393697754,0.04136421557593041,503.0,0.255,0.98,0.020000000000000018,0.5616560299897106,"terra",88740.0,3530.633121701674,0.03978626461236955
259,"Kns7VvaZYu4x",NA,"ViQm7BoaS97a",9535,841.6385946512847,10777.0,1040,134.233373649968,906,164,778,57,96.49042018070864,-1.371786627739123,530.0792565073284,111.5163083377032,2025-12-11T03:40:00,NA,NA,NA,NA,NA,NA,NA,NA,NA,NA,NA,NA,"aqua",NaN,NaN,NaN
259,"Kns7VvaZYu4x","ViQm7BoaS97a","Rcx9Y8UpaRUT",9052,853.9984533804684,10184.0,1240,124.42843919721614,917,150,788,47,96.7318331086444,-1.4095373064432766,579.4406922210657,99.89869642068051,2025-12-11T09:38:00,21480000 milliseconds,4240.688435118208,0.25921078454267776,0.05197180825308011,0.056581269977577404,0.07581277147040304,0.0024988108132062412,2611.0,0.288,0.98,0.020000000000000018,0.7540754450569446,"terra",21480.0,4240.688435118208,0.197424973701965
259,"Kns7VvaZYu4x","Rcx9Y8UpaRUT","CnH0CS182k7h",9045,847.9177446102819,10176.0,860,122.94200358406533,910,164,783,55,97.76623862374316,-1.4978116184785715,511.5584412271571,108.91498065229409,2025-12-12T02:40:00,61320000 milliseconds,2718.7819020319803,0.05879718646262933,0.0007736088854506272,0.0007858546168958742,0.012017891842196126,0.010636666018180588,2129.0,0.235,0.97,0.030000000000000027,0.34801120782535255,"aqua",61320.0,2718.7819020319803,0.04433760440365265
260,"KrioMQmEpnB3",NA,"f8zPnpQdtDxc",5928,88.47773279352226,6394.0,84,98.55707261813168,140,962,37,876,79.74919435337527,-1.503867468007965,375.60512242138304,920.8890013495277,2025-12-09T04:00:00,NA,NA,NA,NA,NA,NA,NA,NA,NA,NA,NA,NA,"aqua",NaN,NaN,NaN
260,"KrioMQmEpnB3","f8zPnpQdtDxc","1yL2EImOIWoB",5793,84.18902123252201,6136.0,71,95.92206264078479,135,957,35,872,79.16970859640811,-1.371752120231603,343.0904037956216,915.8156395649922,2025-12-10T03:01:00,82860000 milliseconds,1660.7988787448419,0.026617499459008605,0.023035577169183516,0.041181165203511574,0.027098125193109498,0.007292848694661205,609.0,0.105,0.97,0.030000000000000027,0.26022521571947443,"aqua",82860.0,1660.7988787448419,0.0200434332457741
260,"KrioMQmEpnB3","1yL2EImOIWoB","AS8VpKBHHYhO",5903,94.17787565644588,6188.0,89,96.43901350088728,146,960,44,875,79.79993959883619,-1.4124353913950425,331.9482681718907,918.1307809588345,2025-12-10T08:59:00,21480000 milliseconds,2563.4095017162376,0.15668762235429326,0.01880984952120383,0.008438818565400843,0.0053747969232795095,0.007928947564305292,303.0,0.051,0.992,0.008000000000000007,0.25624003492848274,"terra",21480.0,2563.4095017162376,0.11933936227729225
260,"KrioMQmEpnB3","AS8VpKBHHYhO","3ZsX0XEtAlR8",5762,102.22093023255815,6008.0,100,97.01300889672909,155,966,52,885,77.67111700023291,-1.2970441737930014,334.22034611053283,924.3681013536966,2025-12-11T03:40:00,67260000 milliseconds,2544.539406042906,0.05019310397559732,0.024174882126018003,0.029517874713020663,0.005934240321996014,0.02703763656102709,312.0,0.054,0.997,0.0030000000000000027,0.1938577376976591,"aqua",67260.0,2544.539406042906,0.03783139170447378
261,"KxWcUsS4YZtA",NA,"02HRFE0FBfQQ",341,232.45454545454547,355.0,421,28.093935142276706,247,316,219,299,15.747768123846361,1.5627105892108197,77.01219330881976,307.2756598240469,2025-12-10T08:59:00,NA,NA,NA,NA,NA,NA,NA,NA,NA,NA,NA,NA,"terra",NaN,NaN,NaN
261,"KxWcUsS4YZtA","02HRFE0FBfQQ","WFv87uOxAxuG",344,203.49127906976744,395.0,349,33.8715707735773,210,324,194,290,15.513818505201032,0.10283038617607196,100.91168824543142,305.5901162790698,2025-12-11T03:40:00,67260000 milliseconds,7253.067698901732,0.14307264422333035,0.008759124087591242,0.10666666666666667,0.18647909174327812,0.014967226162983687,124.0,0.36,0.933,0.06699999999999995,0.88694475288385,"aqua",67260.0,7253.067698901732,0.10783627265687976
262,"L1kBNCoex8ZB",NA,"aFw6HI9E0cLu",840,35.69761904761905,858.0,52,34.702612021695366,52,162,20,129,31.399380203251273,0.329236437292963,119.98275605729691,144.48928571428573,2025-12-10T08:59:00,NA,NA,NA,NA,NA,NA,NA,NA,NA,NA,NA,NA,"terra",NaN,NaN,NaN
262,"L1kBNCoex8ZB","aFw6HI9E0cLu","ZXTlY7eDHPtp",792,23.060606060606062,822.0,28,34.65583823890488,39,163,7,129,29.865400797694583,0.30343198240852365,113.74011537017762,145.27777777777777,2025-12-11T09:38:00,88740000 milliseconds,3165.397062061536,0.04738263695923263,0.058823529411764705,0.04285714285714286,0.0013487551297569488,0.05007703873235118,105.0,0.133,0.994,0.006000000000000005,0.3394891030902484,"terra",88740.0,3165.397062061536,0.035670464977028804
263,"L2nm4yBdz2Ft",NA,"oIjena1gTmWx",564,256.38829787234044,613.0,377,36.24227306484501,270,511,238,479,21.738774096002494,-0.7527991660429332,115.22539674441619,495.8989361702128,2025-12-11T09:38:00,NA,NA,NA,NA,NA,NA,NA,NA,NA,NA,NA,NA,"terra",NaN,NaN,NaN
263,"L2nm4yBdz2Ft","oIjena1gTmWx","I3k8NjS2AF6N",552,248.2735507246377,576.0,260,32.999638881180196,259,480,238,447,21.6471482648088,0.015326754034078694,98.08326112068524,462.8278985507246,2025-12-12T08:40:00,82920000 milliseconds,8513.014487024964,0.13633911734505066,0.021505376344086023,0.06223717409587889,0.0936610238663681,0.0042237585930157626,128.0,0.232,0.964,0.03600000000000003,0.5859664502443995,"terra",82920.0,8513.014487024964,0.10266539419952923
264,"L6TJMeQ4OBPe",NA,"9uI1hGg3w5uV",328,329.3780487804878,358.0,659,33.575151389071465,344,974,313,958,13.028179102385586,1.3164930873119243,87.42640687119285,966.125,2025-12-09T04:00:00,NA,NA,NA,NA,NA,NA,NA,NA,NA,NA,NA,NA,"aqua",NaN,NaN,NaN
264,"L6TJMeQ4OBPe","9uI1hGg3w5uV","QufSSRPdzlmT",329,268.3890577507599,345.0,491,34.5238215410463,283,1200,252,1187,12.907462258965715,-1.4958732498745693,81.21320343559643,1194.981762917933,2025-12-10T08:59:00,104340000 milliseconds,59210.99716274169,0.754232178367514,0.0030441400304414,0.03698435277382646,0.027861511302038292,0.009308953785870908,84.0,0.255,0.985,0.015000000000000013,1.1014311362596911,"terra",104340.0,59210.99716274169,0.5674812839059008
264,"L6TJMeQ4OBPe","QufSSRPdzlmT","rSJUGurcjEc6",355,254.2281690140845,383.0,421,35.915775346558526,269,1200,242,1174,13.095430078940645,0.7650724863386001,91.29036790187178,1187.881690140845,2025-12-11T03:40:00,67260000 milliseconds,3960.2856845533256,0.0781198478065554,0.07602339181286549,0.1043956043956044,0.03952191287333058,0.014457454773284166,75.0,0.211,0.986,0.014000000000000012,0.53751821166164,"aqua",67260.0,3960.2856845533256,0.05888025103409643
265,"LC8AtL5rXFCc",NA,"QzkRL35RhNpW",604,239.15397350993376,659.0,441,35.24991661608124,251,481,228,445,22.43958061237647,0.0029488426860283207,110.8111831820431,462.53476821192055,2025-12-10T08:59:00,NA,NA,NA,NA,NA,NA,NA,NA,NA,NA,NA,NA,"terra",NaN,NaN,NaN
265,"LC8AtL5rXFCc","QzkRL35RhNpW","QxPZmp3WmdHh",601,245.77703826955076,631.0,369,35.48800349154055,258,551,233,514,22.695513920945572,0.33107601429022876,105.39696961966999,534.0415973377703,2025-12-11T09:38:00,88740000 milliseconds,17953.223245498906,0.2687407117056943,0.004979253112033195,0.043410852713178294,0.006731520381065417,0.011340767587410403,149.0,0.248,0.987,0.013000000000000012,0.5962031054993816,"terra",88740.0,17953.223245498906,0.20231263517578213
265,"LC8AtL5rXFCc","QxPZmp3WmdHh","uZeA8uY26hZP",657,232.47488584474885,706.0,227,36.85320785465893,244,560,219,525,24.09047219873959,0.012734083397966759,109.42640687119285,543.5555555555555,2025-12-12T08:40:00,82920000 milliseconds,4088.5714199952076,0.0654800035233057,0.0890302066772655,0.11219147344801796,0.03774347533620896,0.059631457771372715,203.0,0.309,0.892,0.10799999999999998,0.7810766167561709,"terra",82920.0,4088.5714199952076,0.04930742185233005
266,"LCtGO5c5r5zt",NA,"hK5MJ1ri2gDp",404,392.7227722772277,429.0,791,28.519107141505465,405,963,379,943,18.680615619478356,1.349706291960518,84.18376618407356,952.2475247524752,2025-12-09T04:00:00,NA,NA,NA,NA,NA,NA,NA,NA,NA,NA,NA,NA,"aqua",NaN,NaN,NaN
266,"LCtGO5c5r5zt","hK5MJ1ri2gDp","ICUParEK1BHc",384,429.8723958333333,397.0,589,26.821784792730462,442,944,418,920,18.784218159186103,0.7157999988054778,79.18376618407356,932.0651041666666,2025-12-09T09:58:00,21480000 milliseconds,10569.486243021782,0.6460566163216248,0.050761421319796954,0.0774818401937046,0.0613406213543507,0.005530655244318587,92.0,0.24,0.98,0.020000000000000018,1.1011711544337959,"terra",21480.0,10569.486243021782,0.4920617431574386
266,"LCtGO5c5r5zt","ICUParEK1BHc","vSABasbSywjF",355,396.17464788732394,371.0,750,27.21623963301815,408,953,383,935,16.902029973903367,1.3630191139956565,77.01219330881976,943.6140845070422,2025-12-10T08:59:00,82860000 milliseconds,8905.465890168101,0.14272723599916823,0.07848443843031123,0.06770833333333333,0.014599158443687874,0.10548534988958443,91.0,0.256,0.992,0.008000000000000007,0.6730045160960851,"terra",82860.0,8905.465890168101,0.10747605467255734
266,"LCtGO5c5r5zt","vSABasbSywjF","hBFQMLq6E5UX",329,393.2218844984802,357.0,621,28.016993540522336,406,1013,383,987,16.627735197990017,0.5599533542394528,87.25483399593904,999.2705167173252,2025-12-11T09:38:00,88740000 milliseconds,13933.676062888799,0.2085723533102133,0.07602339181286549,0.038461538461538464,0.028995366068404835,0.016361270322482344,84.0,0.255,0.966,0.03400000000000003,0.6574139199755045,"terra",88740.0,13933.676062888799,0.15701685894623393
267,"LDPU9jW89iSX",NA,"AyILLc5AMeVd",341,335.6627565982405,361.0,399,25.2856642436321,350,870,324,852,18.18565558846882,-1.4190842481456734,82.08326112068522,860.7067448680352,2025-12-09T09:58:00,NA,NA,NA,NA,NA,NA,NA,NA,NA,NA,NA,NA,"terra",NaN,NaN,NaN
267,"LDPU9jW89iSX","AyILLc5AMeVd","UKPgBsCtoq63",345,290.6434782608696,369.0,443,26.64005484387384,304,953,279,929,18.54667699475631,0.8414713018685936,84.9116882454314,939.9681159420289,2025-12-11T09:38:00,171600000 milliseconds,22788.566714674867,0.17672405362291482,0.011661807580174927,0.021917808219178082,0.052166464867219334,0.01965687343538659,66.0,0.191,0.991,0.009000000000000008,0.48212700772487377,"terra",171600.0,22788.566714674867,0.13280050533027313
267,"LDPU9jW89iSX","UKPgBsCtoq63","8j5Wcg5liEg8",320,293.296875,368.0,336,24.766484276368793,307,975,281,955,18.98311355753784,-1.5098424962276975,83.66904755831213,964.1125,2025-12-12T08:40:00,82920000 milliseconds,6072.43668037198,0.09725234914112717,0.07518796992481203,0.0027137042062415195,0.07289230512572212,0.02325814007266563,107.0,0.334,0.997,0.0030000000000000027,0.6083044684705685,"terra",82920.0,6072.43668037198,0.07323247323169296
268,"LMYHTHsQytEP",NA,"vJL5JotfejhM",1338,915.0254110612855,1359.0,1434,50.10512751773458,936,923,894,876,34.66379572997771,-0.6135042084806455,148.36753236814712,898.7855007473842,2025-12-11T09:38:00,NA,NA,NA,NA,NA,NA,NA,NA,NA,NA,NA,NA,"terra",NaN,NaN,NaN
268,"LMYHTHsQytEP","vJL5JotfejhM","OSJgTixbFLem",1276,936.8840125391849,1306.0,1034,49.62353495232637,953,907,918,857,33.637755246618305,-0.1802577043648248,153.53910524340094,882.121473354232,2025-12-12T02:40:00,61320000 milliseconds,6871.536707359186,0.14860589765050142,0.047436878347360364,0.03977485928705441,0.009658057242125154,0.030044427064649878,87.0,0.068,0.998,0.0020000000000000018,0.3455201195916912,"aqua",61320.0,6871.536707359186,0.11206028550814068
269,"LQGBPDTMiWvn",NA,"F9n16womQSlj",368,110.50271739130434,398.0,109,28.254348354469304,122,228,101,203,17.334218085758522,0.5402358398631,86.80508652763321,216.9483695652174,2025-12-09T09:58:00,NA,NA,NA,NA,NA,NA,NA,NA,NA,NA,NA,NA,"terra",NaN,NaN,NaN
269,"LQGBPDTMiWvn","F9n16womQSlj","VjAfBk4z92X5",375,147.768,401.0,267,26.26835978429415,161,232,138,210,19.39742052778581,0.8871707801304641,80.52691193458118,222.77066666666667,2025-12-10T08:59:00,82860000 milliseconds,9429.343930794905,0.1511233901882347,0.018842530282637954,0.007509386733416771,0.07284996061166647,0.11233925410920852,111.0,0.296,0.985,0.015000000000000013,0.6736645219251645,"terra",82860.0,9429.343930794905,0.1137985026646742
269,"LQGBPDTMiWvn","VjAfBk4z92X5","e1zqPBdwS36Q",374,245.49732620320856,379.0,203,26.60384709068749,257,238,234,216,18.020067632804068,-0.8596408401821288,74.18376618407356,226.45989304812835,2025-12-12T02:40:00,150060000 milliseconds,24449.73362767325,0.21676256596190654,0.0026702269692923898,0.05641025641025641,0.012690497568471551,0.07362081009127935,89.0,0.238,0.968,0.03200000000000003,0.6321543570012063,"aqua",150060.0,24449.73362767325,0.16293305096410268
269,"LQGBPDTMiWvn","e1zqPBdwS36Q","WYd74lpmh0MJ",328,239.20731707317074,333.0,241,23.02227287006156,250,231,227,210,18.780866232137523,-1.1014421345698728,71.01219330881976,219.76829268292684,2025-12-12T08:40:00,21600000 milliseconds,2295.9438459967296,0.13957105446788629,0.13105413105413105,0.12921348314606743,0.14434230294283404,0.04134670071827878,60.0,0.183,0.985,0.015000000000000013,0.7835276723291975,"terra",21600.0,2295.9438459967296,0.10629369657392267
270,"LRBuH6Vp2Dk4",NA,"dlrn4ishiQGR",376,576.9095744680851,385.0,1067,22.729231260813982,590,1147,565,1125,21.85267909524259,0.7303778559780355,76.59797974644665,1135.3351063829787,2025-12-09T04:00:00,NA,NA,NA,NA,NA,NA,NA,NA,NA,NA,NA,NA,"aqua",NaN,NaN,NaN
270,"LRBuH6Vp2Dk4","dlrn4ishiQGR","1ZTMJ5Gjtszr",346,592.9017341040462,355.0,827,21.79390546002723,604,1154,582,1132,20.99413189768739,0.30648425598080187,72.76955262170046,1142.0549132947976,2025-12-09T09:58:00,21480000 milliseconds,4336.653193666416,0.26507660107985426,0.08310249307479224,0.08108108108108109,0.042015269797867974,0.0400751970874503,72.0,0.208,0.986,0.014000000000000012,0.7333506421210458,"terra",21480.0,4336.653193666416,0.2018926067814905
270,"LRBuH6Vp2Dk4","1ZTMJ5Gjtszr","Cg8dX0heg3zy",351,720.5299145299145,387.0,1278,23.241822968449107,731,1152,708,1129,20.846099949504907,0.8181056321931889,81.59797974644665,1139.945868945869,2025-12-10T08:59:00,82860000 milliseconds,31911.40128042381,0.5114416424460904,0.014347202295552367,0.0862533692722372,0.06430083664446078,0.007076057739025897,70.0,0.199,0.97,0.030000000000000027,0.9124191083973665,"terra",82860.0,31911.40128042381,0.3851243215112697
270,"LRBuH6Vp2Dk4","Cg8dX0heg3zy","P4DWviwX0Kb6",361,674.3130193905818,391.0,1042,26.249630064477493,687,1183,664,1157,18.69349302240309,0.6114859193657532,86.08326112068524,1170.180055401662,2025-12-11T09:38:00,88740000 milliseconds,13806.944418850739,0.2066753150041275,0.028089887640449437,0.010282776349614395,0.1215485467370415,0.10888361590526223,117.0,0.324,0.989,0.01100000000000001,0.8104801416364951,"terra",88740.0,13806.944418850739,0.15558873584461053
271,"LShgwE4dzbjF",NA,"1pH4hBo6EKoW",342,952.4035087719299,356.0,1738,25.88047198807254,965,938,941,919,17.201064658048427,1.2260979300647337,74.1126983722081,928.8918128654971,2025-12-09T04:00:00,NA,NA,NA,NA,NA,NA,NA,NA,NA,NA,NA,NA,"aqua",NaN,NaN,NaN
271,"LShgwE4dzbjF","1pH4hBo6EKoW","YNmLJfbLWy2k",317,968.782334384858,326.0,1431,27.664774801620165,982,954,957,936,15.014096204593184,1.1182386322777509,75.94112549695427,945.5741324921136,2025-12-09T09:58:00,21480000 milliseconds,5844.686243628189,0.3572546603684712,0.07587253414264036,0.08797653958944282,0.06664654364394858,0.13577262350357322,64.0,0.202,0.999,0.0010000000000000009,0.9265229012480762,"terra",21480.0,5844.686243628189,0.27209898713352837
271,"LShgwE4dzbjF","YNmLJfbLWy2k","G8Bw99CyOUPt",306,1045.1797385620914,321.0,1787,25.53907733260331,1054,981,1037,957,15.937312019491548,-0.26211375313351776,72.2842712474619,968.1307189542483,2025-12-10T03:01:00,61380000 milliseconds,19914.446637182955,0.430257030078491,0.03531300160513644,0.015455950540958269,0.07990765268853521,0.05965581974263565,58.0,0.19,0.99,0.010000000000000009,0.8205894546557566,"aqua",61380.0,19914.446637182955,0.3244452042551801
272,"LSw8Kk9h6YBD",NA,"WZFsJNnGD6FW",435,999.8873563218391,443.0,1688,24.01240110614255,1013,783,987,758,23.57814185482968,1.2190246977893961,82.08326112068522,771.1172413793104,2025-12-10T03:01:00,NA,NA,NA,NA,NA,NA,NA,NA,NA,NA,NA,NA,"aqua",NaN,NaN,NaN
272,"LSw8Kk9h6YBD","WZFsJNnGD6FW","5Dm4bvTUDoyY",433,994.3879907621247,442.0,1797,24.067292354658306,1007,789,981,764,23.4989962418688,0.6023389043700044,82.08326112068522,776.7944572748268,2025-12-10T08:59:00,21480000 milliseconds,1976.009265598168,0.1207829624448758,0.004608294930875576,0.0022598870056497176,0.002283344362854879,0.003362379964487816,100.0,0.231,0.999,0.0010000000000000009,0.3652968687087438,"terra",21480.0,1976.009265598168,0.09199298256974711
272,"LSw8Kk9h6YBD","5Dm4bvTUDoyY","yitVKX0lew0C",449,1006.5612472160357,461.0,1599,24.873326694439253,1019,777,993,751,23.813178110907643,-0.09573710410247684,84.66904755831214,764.7572383073497,2025-12-11T09:38:00,88740000 milliseconds,4279.915399015468,0.06406579446172395,0.036281179138321996,0.042081949058693245,0.03293927847428034,0.013281227224781174,116.0,0.258,0.986,0.014000000000000012,0.46064942835780076,"terra",88740.0,4279.915399015468,0.048229833209550016
273,"LUtE9zA0DLF1",NA,"p4xfQbXvpCge",557,659.394973070018,633.0,1158,39.74396351835236,675,1038,646,1002,19.301444941669192,0.48933794658724017,117.29646455628165,1021.08078994614,2025-12-10T08:59:00,NA,NA,NA,NA,NA,NA,NA,NA,NA,NA,NA,NA,"terra",NaN,NaN,NaN
273,"LUtE9zA0DLF1","p4xfQbXvpCge","qTEEuKWLCSR5",584,723.9691780821918,601.0,783,41.95311656020126,747,1200,704,1182,19.061887495488747,1.493384662246462,112.2842712474619,1192.8715753424658,2025-12-12T02:40:00,150060000 milliseconds,45881.57439269651,0.4067695766008822,0.04732690622261174,0.05186385737439222,0.054081566678386754,0.012488875755142409,193.0,0.33,0.973,0.027000000000000024,0.9295307826314154,"aqua",150060.0,45881.57439269651,0.3057548606737072
274,"Lcd9YiQTrqwe",NA,"NkcIWirCtSmS",3107,1017.073060830383,3255.0,1832,70.68212793398247,1056,518,985,455,58.791075546985844,1.437823128170518,259.5218613006979,484.86578693273253,2025-12-09T04:00:00,NA,NA,NA,NA,NA,NA,NA,NA,NA,NA,NA,NA,"aqua",NaN,NaN,NaN
274,"Lcd9YiQTrqwe","NkcIWirCtSmS","x6kyXOPMc77o",3118,1009.9438742783835,3213.0,1669,69.65917863187438,1048,494,979,432,59.269079015305586,1.4345141333825973,238.79393923933998,461.9406670942912,2025-12-10T03:01:00,82860000 milliseconds,6002.012269335733,0.09619380189655795,0.003534136546184739,0.012987012987012988,0.0145780216408069,0.008097625656885534,203.0,0.065,0.977,0.02300000000000002,0.22339059872744815,"aqua",82860.0,6002.012269335733,0.07243558133400596
274,"Lcd9YiQTrqwe","x6kyXOPMc77o","qsYp58ynZ1Gg",3175,1012.3291338582677,3267.0,1796,69.26076166986898,1051,506,981,443,60.646862075292745,1.456223145748204,242.20815280171306,473.12598425196853,2025-12-10T08:59:00,21480000 milliseconds,2859.204250981164,0.17476798600129365,0.018115366279993644,0.016666666666666666,0.005735921871835113,0.022979147683896722,192.0,0.06,0.999,0.0010000000000000009,0.29926508850368577,"terra",21480.0,2859.204250981164,0.13311006755033353
274,"Lcd9YiQTrqwe","qsYp58ynZ1Gg","LEG4pI3cF0KH",2714,914.3769344141489,2822.0,1413,63.94105872112025,949,664,878,603,55.2361004884781,-1.1890298977624387,226.3147545195113,634.9933677229182,2025-12-11T09:38:00,88740000 milliseconds,47299.36786553804,0.7080213736327826,0.1565630837154016,0.14616521596321236,0.0798743280404687,0.09338321125225084,572.0,0.211,0.979,0.02100000000000002,1.4160072126041163,"terra",88740.0,47299.36786553804,0.5330106813786122
274,"Lcd9YiQTrqwe","LEG4pI3cF0KH","h0IkS2CUQBxp",2514,927.0843277645187,2644.0,1006,62.67904587974509,960,668,899,609,52.687552060786686,-0.8300631438922548,229.9655121145938,640.0505171042164,2025-12-12T02:40:00,61320000 milliseconds,3419.1794120244285,0.07394419143651446,0.07651109410864575,0.06512989388949872,0.01993384613530852,0.04722872822578088,270.0,0.107,0.991,0.009000000000000008,0.3987477537957483,"aqua",61320.0,3419.1794120244285,0.05575961206823921
275,"LcpAEcy57wKH",NA,"jXce97DizVin",5443,640.3409884255007,5886.0,1097,132.38852754659877,704,1200,580,1126,53.85941939377318,1.1074482424435637,363.6700935788387,1165.4370751423846,2025-12-09T04:00:00,NA,NA,NA,NA,NA,NA,NA,NA,NA,NA,NA,NA,"aqua",NaN,NaN,NaN
275,"LcpAEcy57wKH","jXce97DizVin","0LYQFBP8hgFm",4820,654.6919087136929,5242.0,847,126.99201701007856,718,1200,597,1133,50.930029805158505,1.1501388185866277,364.1492782986674,1169.9246887966806,2025-12-09T09:58:00,21480000 milliseconds,3759.052319304288,0.2297709241628538,0.12140699600506674,0.11574406901509705,0.04161075801381871,0.05591001023497202,846.0,0.176,0.989,0.01100000000000001,0.7514427574318083,"terra",21480.0,3759.052319304288,0.17500243572180113
276,"LdWjtfgkTi5A",NA,"Ziz1lXR4wQa7",524,118.92175572519083,572.0,203,37.38448580676086,137,1116,100,1092,19.260310762091642,1.2510660384964818,104.32590180780451,1101.5687022900763,2025-12-09T04:00:00,NA,NA,NA,NA,NA,NA,NA,NA,NA,NA,NA,NA,"aqua",NaN,NaN,NaN
276,"LdWjtfgkTi5A","Ziz1lXR4wQa7","EINpwZAw6fYL",540,57.03333333333333,611.0,90,39.25293524562953,74,1046,42,1016,19.45034680734888,-0.9779853246373612,115.9827560572969,1029.5296296296297,2025-12-10T03:01:00,82860000 milliseconds,23743.163247462002,0.38052990219507976,0.03007518796992481,0.06593406593406594,0.048760759775342014,0.009818280400757539,186.0,0.344,0.968,0.03200000000000003,0.91111819627517,"aqua",82860.0,23743.163247462002,0.28654553762324403
277,"LeCFlNaaBlza",NA,"00Q0LGyKcFDK",607,397.1136738056013,636.0,504,28.733632254286047,412,154,383,126,27.443211695860214,-0.6583006693896801,105.15432893255071,140.2158154859967,2025-12-09T09:58:00,NA,NA,NA,NA,NA,NA,NA,NA,NA,NA,NA,NA,"terra",NaN,NaN,NaN
277,"LeCFlNaaBlza","00Q0LGyKcFDK","bBsqlITCkFXQ",556,378.2482014388489,578.0,603,28.93002059017928,394,126,366,99,25.17721730166791,-0.9172961901576118,96.2193000900063,111.98561151079137,2025-12-10T03:01:00,61380000 milliseconds,8488.412926242441,0.18339446745689622,0.08770421324161651,0.09555189456342669,0.0068115121469305906,0.08612603269725343,106.0,0.191,0.986,0.014000000000000012,0.6645881201061234,"aqua",61380.0,8488.412926242441,0.13829281404761226
277,"LeCFlNaaBlza","bBsqlITCkFXQ","IZZwR0XayReP",553,370.2694394213382,571.0,698,29.470464501169534,385,135,357,106,24.418354618979745,-0.5159967047626779,95.49747468305833,120.18987341772151,2025-12-10T08:59:00,21480000 milliseconds,2861.0592091214353,0.17488136975069898,0.005410279531109108,0.012184508268059183,0.018508199380361464,0.03060203374213875,98.0,0.177,0.993,0.007000000000000006,0.4255863906723675,"terra",21480.0,2861.0592091214353,0.1331964250056534
277,"LeCFlNaaBlza","IZZwR0XayReP","TFFyPMIWps4f",587,357.4173764906303,606.0,564,30.691492278851936,372,132,344,103,24.936557513345765,-0.7602529053007427,97.49747468305833,117.3594548551959,2025-12-11T09:38:00,88740000 milliseconds,3290.011310903473,0.04924798010483456,0.05964912280701754,0.059473237043330504,0.04059135849410667,0.02099904029721158,64.0,0.109,0.994,0.006000000000000005,0.34496073874650085,"terra",88740.0,3290.011310903473,0.037074727416086015
278,"LfoLUsu5Vzr7",NA,"hfhcU12JHA7N",1910,339.76178010471205,2215.0,640,64.87344289500835,367,866,306,816,40.18826113353204,-1.1550517385875116,214.06601717798213,841.9748691099477,2025-12-09T04:00:00,NA,NA,NA,NA,NA,NA,NA,NA,NA,NA,NA,NA,"aqua",NaN,NaN,NaN
278,"LfoLUsu5Vzr7","hfhcU12JHA7N","iCGNy3LRnR83",1976,344.4154858299595,2280.0,378,67.26918648472459,373,830,317,769,40.265938627609856,0.609165733113363,240.34419177103413,799.3466599190283,2025-12-09T09:58:00,21480000 milliseconds,10720.369617584278,0.6552793164782565,0.033968090581574885,0.028921023359288096,0.036259965477630704,0.001930974251398501,566.0,0.286,0.964,0.03600000000000003,1.0783593701481489,"terra",21480.0,10720.369617584278,0.4990861088260837
279,"LhkjHJ74riBl",NA,"XFPhWhvwnrGl",481,1073.7463617463618,515.0,1845,38.41336923510894,1083,652,1066,615,16.499703812141668,-0.07605219640898143,97.76955262170047,631.9209979209979,2025-12-10T03:01:00,NA,NA,NA,NA,NA,NA,NA,NA,NA,NA,NA,NA,"aqua",NaN,NaN,NaN
279,"LhkjHJ74riBl","XFPhWhvwnrGl","mYs27LlNCAmK",462,1089.3246753246754,496.0,1310,38.355690023002154,1098,638,1081,601,15.949602328400502,-0.12473213554653893,100.08326112068524,617.987012987013,2025-12-12T02:40:00,171540000 milliseconds,5225.178167325892,0.04053510854758072,0.04029692470837752,0.03758654797230465,0.0015026682015955486,0.0339052848377469,55.0,0.119,0.994,0.006000000000000005,0.27882653426760534,"aqua",171540.0,5225.178167325892,0.030460406711705097
279,"LhkjHJ74riBl","mYs27LlNCAmK","mfLWF89kzEyL",373,1170.225201072386,417.0,1162,38.970742905764155,1178,644,1162,607,13.22094897192969,-0.2078556339970202,95.49747468305833,624.8954423592493,2025-12-12T08:40:00,21600000 milliseconds,20298.73989723125,1.233965951199468,0.21317365269461078,0.17305585980284777,0.01590795952862825,0.1870827416580176,144.0,0.386,0.985,0.015000000000000013,2.2241861648835726,"terra",21600.0,20298.73989723125,0.939756476723669
280,"LoD7WI9Nq5LG",NA,"HuL7FbPr1wZl",309,241.85436893203882,330.0,494,25.0493363310938,252,653,232,629,17.272150115198347,0.3571690547376021,75.84062043356595,640.0032362459547,2025-12-09T04:00:00,NA,NA,NA,NA,NA,NA,NA,NA,NA,NA,NA,NA,"aqua",NaN,NaN,NaN
280,"LoD7WI9Nq5LG","HuL7FbPr1wZl","4ljfjQOt3wHs",306,122.68300653594771,320.0,200,23.743730516083822,134,637,110,620,17.150430451814202,-1.3808883027089736,71.35533905932738,628.2483660130719,2025-12-10T08:59:00,104340000 milliseconds,29937.42493678731,0.38134418109403617,0.00975609756097561,0.03076923076923077,0.053516038214986704,0.007072082416783688,68.0,0.222,0.99,0.010000000000000009,0.7144576300560129,"terra",104340.0,29937.42493678731,0.286921841448987
280,"LoD7WI9Nq5LG","4ljfjQOt3wHs","Qckqxec8jvLh",336,131.86904761904762,353.0,197,24.70297155782358,143,646,119,627,18.20440173965131,1.5423566839744505,77.18376618407356,636.2827380952381,2025-12-11T03:40:00,67260000 milliseconds,3050.967935908734,0.060182817554171694,0.09345794392523364,0.09806835066864784,0.03959984893404706,0.05962247435537433,104.0,0.31,0.984,0.016000000000000014,0.6769314354374746,"aqua",67260.0,3050.967935908734,0.0453608078487769
281,"Lyo4rgvubFPw",NA,"SisMFu6UhQES",458,1030.3362445414848,516.0,1514,29.4844629846888,1047,24,1017,1,21.72029000958156,-1.1280885632471607,96.52691193458118,11.37117903930131,2025-12-09T09:58:00,NA,NA,NA,NA,NA,NA,NA,NA,NA,NA,NA,NA,"terra",NaN,NaN,NaN
281,"Lyo4rgvubFPw","SisMFu6UhQES","LbbJ3eEtCzeG",418,1005.4425837320574,432.0,1702,27.18153728591096,1020,24,994,1,21.591673449745556,-0.9146418789296039,87.01219330881976,9.729665071770334,2025-12-10T03:01:00,61380000 milliseconds,6236.930918931705,0.1347505869921509,0.091324200913242,0.17721518987341772,0.08128068640033084,0.005939077777288208,111.0,0.266,0.964,0.03600000000000003,0.7925097419564296,"aqua",61380.0,6236.930918931705,0.10161177776037315
281,"Lyo4rgvubFPw","LbbJ3eEtCzeG","otu3dFbwPAnf",465,997.7139784946237,506.0,1584,26.830017445980335,1013,74,986,49,23.889945878178295,-1.5188660294375154,103.36143571373725,60.438709677419354,2025-12-11T09:38:00,110220000 milliseconds,12823.656225248782,0.15466026925464368,0.10645526613816535,0.15778251599147122,0.013016468112259998,0.10106379070903897,136.0,0.292,0.971,0.029000000000000026,0.8539783102055791,"terra",110220.0,12823.656225248782,0.11634600095489732
281,"Lyo4rgvubFPw","otu3dFbwPAnf","yKU2Cujj2dyD",429,1028.149184149184,497.0,992,26.252941164826165,1040,129,1016,105,23.577817090501124,-0.7920916326615058,101.9116882454314,117.03030303030303,2025-12-12T08:40:00,82920000 milliseconds,16064.149101052497,0.2572733680501681,0.08053691275167785,0.01794616151545364,0.021742430951717538,0.013151190119623814,157.0,0.366,0.981,0.019000000000000017,0.775650063388641,"terra",82920.0,16064.149101052497,0.19373069345215263
282,"M7HGf4oUg235",NA,"eWV46GwqWa7D",617,290.8314424635332,625.0,581,31.513995184082226,305,520,276,491,25.17731945472034,-0.7483550044067107,97.1543289325507,505.4376012965964,2025-12-09T04:00:00,NA,NA,NA,NA,NA,NA,NA,NA,NA,NA,NA,NA,"aqua",NaN,NaN,NaN
282,"M7HGf4oUg235","eWV46GwqWa7D","GnL7WTQkgKcp",594,302.006734006734,599.0,329,30.887127592644223,317,525,288,496,24.747436646852123,-0.7515219254490262,94.91168824543142,510.503367003367,2025-12-09T09:58:00,21480000 milliseconds,3067.461524528746,0.18749764819857861,0.037985136251032205,0.042483660130718956,0.02009154847040041,0.01722122816158046,51.0,0.086,0.994,0.006000000000000005,0.39727922121231063,"terra",21480.0,3067.461524528746,0.14280547134677588
282,"M7HGf4oUg235","GnL7WTQkgKcp","L2bj7JOnZnuQ",546,289.15934065934067,552.0,499,30.25484985956792,303,507,276,480,23.206691692958547,-0.846667297691899,90.91168824543142,492.90842490842493,2025-12-10T03:01:00,61380000 milliseconds,5446.544220575844,0.11767406763694163,0.08421052631578947,0.08166811468288444,0.020682279488604526,0.06425911625274926,87.0,0.159,0.988,0.01200000000000001,0.5394941043769693,"aqua",61380.0,5446.544220575844,0.08873483578650772
282,"M7HGf4oUg235","L2bj7JOnZnuQ","y2j0IJ1LGC7h",579,295.1208981001727,582.0,448,30.793365795249517,309,501,282,473,24.17712181414102,-0.746615299383316,91.49747468305833,486.8411053540587,2025-12-11T09:38:00,110220000 milliseconds,2126.507313870783,0.02564683487753462,0.058666666666666666,0.05291005291005291,0.017642315337323144,0.04096040606934575,55.0,0.095,0.994,0.006000000000000005,0.2968262758609231,"terra",110220.0,2126.507313870783,0.01929329807540177
283,"MDAIF69BETlM",NA,"CAffcVGQ9MjX",320,498.84375,343.0,763,25.998078793783044,509,847,491,821,17.13655793274275,-0.08941323572827635,76.76955262170047,834.921875,2025-12-10T03:01:00,NA,NA,NA,NA,NA,NA,NA,NA,NA,NA,NA,NA,"aqua",NaN,NaN,NaN
283,"MDAIF69BETlM","CAffcVGQ9MjX","ENTJUjWbFsjC",321,419.19314641744546,343.0,446,27.155144246102733,431,922,406,904,15.920991348192413,1.0773654105958084,77.59797974644667,913.4517133956386,2025-12-12T02:40:00,171540000 milliseconds,27963.3176786017,0.21692965888523874,0.0031201248049922,0.0,0.043536981810169274,0.0735424501205463,70.0,0.218,0.995,0.0050000000000000044,0.5601292156209465,"aqua",171540.0,27963.3176786017,0.16301339441880436
284,"MGFXDVOsuuCx",NA,"UV078lv5EyoN",509,770.6581532416503,551.0,1388,39.87496275888778,787,361,751,343,17.484900917163092,-1.5612043565578,101.59797974644667,352.4145383104126,2025-12-09T04:00:00,NA,NA,NA,NA,NA,NA,NA,NA,NA,NA,NA,NA,"aqua",NaN,NaN,NaN
284,"MGFXDVOsuuCx","UV078lv5EyoN","y0GuMHpgDUcT",517,783.5667311411992,559.0,1105,39.77961890527296,800,388,764,369,17.934489410436036,1.5415077785769966,102.42640687119285,379.1450676982592,2025-12-09T09:58:00,21480000 milliseconds,7421.053600834135,0.45360963330282,0.015594541910331383,0.014414414414414415,0.0023939326934591036,0.025386574365884602,175.0,0.338,0.999,0.0010000000000000009,0.8503990966869095,"terra",21480.0,7421.053600834135,0.34548666670549977
284,"MGFXDVOsuuCx","y0GuMHpgDUcT","kZdhYmbJDjMX",535,765.185046728972,571.0,1189,38.10595434830808,782,340,746,320,18.952556827338363,-1.5553646143741542,101.7401153701776,330.8467289719626,2025-12-10T03:01:00,61380000 milliseconds,12919.500390762983,0.27912931599358287,0.034220532319391636,0.021238938053097345,0.04297752425897251,0.055199183493297346,186.0,0.348,0.986,0.014000000000000012,0.7947654941183417,"aqua",61380.0,12919.500390762983,0.21048387733403362
284,"MGFXDVOsuuCx","kZdhYmbJDjMX","2PWZCU207joM",499,767.9659318637274,535.0,1355,38.12430065839602,785,351,749,332,17.822727696778415,-1.5644322712459695,98.18376618407356,342.7394789579158,2025-12-10T08:59:00,21480000 milliseconds,3053.387712454543,0.18663739073683025,0.06963249516441006,0.0650994575045208,0.00048133933400384423,0.0614450245690972,67.0,0.134,0.993,0.007000000000000006,0.5242957073088622,"terra",21480.0,3053.387712454543,0.1421502659429489
284,"MGFXDVOsuuCx","2PWZCU207joM","Npt9ZsfVf197",557,771.8312387791741,603.0,1186,39.07905558899746,789,339,752,318,19.32290752652888,-1.5207399040823684,106.32590180780451,329.79533213644527,2025-12-11T09:38:00,88740000 milliseconds,3377.2356899392057,0.05055363655324011,0.10984848484848485,0.1195079086115993,0.024733508412302478,0.08077287254515257,84.0,0.151,0.986,0.014000000000000012,0.5504164109707793,"terra",88740.0,3377.2356899392057,0.038057648072337226
284,"MGFXDVOsuuCx","Npt9ZsfVf197","VpCkisEG1N7T",524,781.4847328244275,567.0,837,39.135590176859786,799,336,762,317,18.27051067106354,-1.4984709535281204,103.74011537017762,327.8435114503817,2025-12-12T02:40:00,61320000 milliseconds,2462.208755267929,0.05324845924022338,0.06105457909343201,0.06153846153846154,0.0014456266421397559,0.05598835678808997,66.0,0.126,0.986,0.014000000000000012,0.3732754833023467,"aqua",61320.0,2462.208755267929,0.040153436974362834
285,"MK6iDyltDhiM",NA,"W92tnQgjnqy9",308,489.21753246753246,324.0,679,23.345859295259373,502,98,480,80,17.92174003059199,-1.253523398248086,73.698484809835,88.40584415584415,2025-12-09T09:58:00,NA,NA,NA,NA,NA,NA,NA,NA,NA,NA,NA,NA,"terra",NaN,NaN,NaN
285,"MK6iDyltDhiM","W92tnQgjnqy9","FqOhFBuYSGNM",340,517.6647058823529,342.0,789,25.021634769410877,531,115,506,97,17.686775141882038,-1.3869507037757889,72.76955262170047,104.85588235294118,2025-12-10T03:01:00,61380000 milliseconds,8215.250422152458,0.17749271734152441,0.09876543209876543,0.05405405405405406,0.06929345861544495,0.013197118024824865,76.0,0.224,0.987,0.013000000000000012,0.6498027801346137,"aqua",61380.0,8215.250422152458,0.13384246370401529
285,"MK6iDyltDhiM","FqOhFBuYSGNM","wD8sdAlll7rG",336,526.1339285714286,355.0,600,25.62030561971518,535,240,517,215,17.707048478013796,-0.1846226227117871,78.18376618407356,227.47321428571428,2025-12-12T02:40:00,171540000 milliseconds,30727.367507717172,0.23837219275991756,0.011834319526627219,0.03730272596843615,0.023643282453404954,0.0011455860971382713,84.0,0.25,0.976,0.02400000000000002,0.5862981068055242,"aqua",171540.0,30727.367507717172,0.17912654487418195
286,"MLz7wF8DpuSG",NA,"ZzGUzdWVOCQg",469,844.4029850746268,475.0,1375,28.638184355505047,858,1006,829,984,21.19102321718516,1.3398992922933486,85.84062043356595,994.6759061833689,2025-12-10T03:01:00,NA,NA,NA,NA,NA,NA,NA,NA,NA,NA,NA,NA,"aqua",NaN,NaN,NaN
286,"MLz7wF8DpuSG","ZzGUzdWVOCQg","aHr6vbxjKF78",478,821.8598326359833,506.0,1272,28.81287799918067,834,1041,808,1016,22.592634958817737,-1.0460007155338715,91.42640687119285,1028.326359832636,2025-12-11T09:38:00,110220000 milliseconds,10125.915861890575,0.12212405308919466,0.01900739176346357,0.06320081549439348,0.006081476530307409,0.06402442372441043,81.0,0.169,0.981,0.019000000000000017,0.46243816060176957,"terra",110220.0,10125.915861890575,0.09187004048167824
287,"MQ3jFYxAmO8D",NA,"3IpynNK4ojf0",487,953.6201232032854,537.0,1725,38.508926313822506,969,263,934,239,18.315238598663065,1.2091546018769863,116.46803743153546,249.41683778234085,2025-12-09T04:00:00,NA,NA,NA,NA,NA,NA,NA,NA,NA,NA,NA,NA,"aqua",NaN,NaN,NaN
287,"MQ3jFYxAmO8D","3IpynNK4ojf0","PVcWYFB5ngS4",473,1124.5116279069769,512.0,1632,34.32348508563647,1136,277,1114,245,18.150366224481083,0.18722821766166853,97.66904755831213,261.0359408033827,2025-12-09T09:58:00,21480000 milliseconds,42821.51177774538,2.6174518201555856,0.029166666666666667,0.047664442326024785,0.11493347941565277,0.009042623863314631,151.0,0.319,0.952,0.04800000000000004,3.1852590324272447,"terra",21480.0,42821.51177774538,1.9935526898391702
287,"MQ3jFYxAmO8D","PVcWYFB5ngS4","SqaqyprfWe0T",462,968.2424242424242,541.0,1514,35.610313851971654,984,106,951,85,18.48363790195022,-1.3325942810183444,114.60407640085653,96.24891774891775,2025-12-11T09:38:00,171600000 milliseconds,56775.22951357517,0.44028871278460774,0.023529411764705882,0.055080721747388414,0.036801340292788504,0.018194662877634174,148.0,0.32,0.953,0.04700000000000004,0.9408948494671248,"terra",171600.0,56775.22951357517,0.33085798084834017
288,"MUdEckec1Op2",NA,"YkW7ghOlbAVJ",339,226.20058997050148,355.0,213,25.853009424065696,239,1011,215,992,17.506382487813756,-1.3112877348327974,77.35533905932738,1000.6578171091445,2025-12-09T09:58:00,NA,NA,NA,NA,NA,NA,NA,NA,NA,NA,NA,NA,"terra",NaN,NaN,NaN
288,"MUdEckec1Op2","YkW7ghOlbAVJ","kP9KHJotTekI",362,154.2707182320442,390.0,277,25.946237257226525,167,1000,142,978,18.91701251592811,1.0007736672642755,83.25483399593904,988.5248618784531,2025-12-10T08:59:00,82860000 milliseconds,18236.49337684756,0.2922749158882532,0.06562054208273894,0.09395973154362416,0.0035995825859953348,0.0774573610158766,81.0,0.224,0.991,0.009000000000000008,0.7659121331164883,"terra",82860.0,18236.49337684756,0.22008802047848855
288,"MUdEckec1Op2","kP9KHJotTekI","DF4c8mxGVKj0",368,160.60597826086956,405.0,244,26.20999882377243,174,1002,147,981,19.796636747113556,1.1644298732823901,86.42640687119285,990.179347826087,2025-12-11T03:40:00,67260000 milliseconds,1636.9339362003595,0.032289849811625596,0.01643835616438356,0.03773584905660377,0.010114286856754102,0.04544258926399826,47.0,0.128,0.986,0.014000000000000012,0.2840209311533653,"aqua",67260.0,1636.9339362003595,0.02433740612846208
289,"MY9xmXYEbtxD",NA,"NkyL0gRwi6oZ",315,115.08571428571429,331.0,116,21.896319007401,127,265,106,246,19.42213977001139,-1.3365155864093328,73.24873734152916,254.94285714285715,2025-12-09T09:58:00,NA,NA,NA,NA,NA,NA,NA,NA,NA,NA,NA,NA,"terra",NaN,NaN,NaN
289,"MY9xmXYEbtxD","NkyL0gRwi6oZ","KyxUGAUR3Pfc",309,84.93203883495146,334.0,134,22.848914170849408,95,321,73,299,18.565758190289806,1.080025924552189,85.49747468305833,309.19093851132686,2025-12-10T03:01:00,61380000 milliseconds,15516.318980653175,0.33523428714817277,0.019230769230769232,0.009022556390977444,0.04257862104119914,0.045087073815799794,84.0,0.272,0.99,0.010000000000000009,0.7331533076269183,"aqua",61380.0,15516.318980653175,0.25279112057108466
290,"MeyEMGIufiGC",NA,"2PgJdYTfP0JC",862,781.8433874709976,898.0,1383,36.96420012074726,797,1153,766,1114,30.36808880441103,0.16726436410529114,119.39696961966999,1133.0962877030163,2025-12-10T08:59:00,NA,NA,NA,NA,NA,NA,NA,NA,NA,NA,NA,NA,"terra",NaN,NaN,NaN
290,"MeyEMGIufiGC","2PgJdYTfP0JC","92nQMW3DEJuk",905,767.3480662983426,965.0,1185,39.89436129110551,781,1152,750,1113,30.584755990147862,0.05428362946261441,132.3259018078045,1132.0265193370167,2025-12-11T09:38:00,88740000 milliseconds,3633.6856311405377,0.05439242019520302,0.04867006225240521,0.07192699946323135,0.0762481398697212,0.007109337930562767,150.0,0.166,0.966,0.03400000000000003,0.4583469597111236,"terra",88740.0,3633.6856311405377,0.04094755049741422
290,"MeyEMGIufiGC","92nQMW3DEJuk","f85UqTlZqAoa",919,764.7812840043525,1044.0,780,41.76519152073219,785,1104,745,1069,30.39596899517399,1.0778928632111902,159.81727983645297,1086.8781284004353,2025-12-12T08:40:00,82920000 milliseconds,11305.323899349147,0.18105899902865386,0.015350877192982455,0.07864609258337481,0.045820241850638044,0.006191694015422481,229.0,0.249,0.957,0.04300000000000004,0.6190679046710716,"terra",82920.0,11305.323899349147,0.1363401338561161
291,"Mf3dYwlAxGEo",NA,"wWtNqo8hK4Al",664,612.0210843373494,719.0,1059,34.895165036792235,630,620,592,592,25.957178722925608,1.5299133961492766,117.56854249492379,605.3734939759037,2025-12-10T08:59:00,NA,NA,NA,NA,NA,NA,NA,NA,NA,NA,NA,NA,"terra",NaN,NaN,NaN
291,"Mf3dYwlAxGEo","wWtNqo8hK4Al","1RoUP35OJVZx",691,433.52532561505063,755.0,533,35.86437953634523,448,709,418,673,26.87781520308612,0.16011069596544728,123.81118318204308,693.370477568741,2025-12-12T08:40:00,171660000 milliseconds,49752.013152288106,0.38568946976462737,0.03985239852398524,0.048846675712347354,0.027394594055116097,0.034849496962173876,181.0,0.262,0.985,0.015000000000000013,0.81363263501825,"terra",171660.0,49752.013152288106,0.2898288078311086
292,"MiZfluWOCpke",NA,"0UUZYR9KGcXU",422,1125.6682464454977,434.0,1943,25.624582185967355,1138,542,1114,520,22.162590843714536,-1.1853566370465347,81.698484809835,530.7274881516588,2025-12-10T03:01:00,NA,NA,NA,NA,NA,NA,NA,NA,NA,NA,NA,NA,"aqua",NaN,NaN,NaN
292,"MiZfluWOCpke","0UUZYR9KGcXU","RfRRtu1a6GQF",440,1128.1909090909091,462.0,2033,25.484083953344747,1140,553,1116,530,23.335300693312423,-0.9414146650339771,85.94112549695427,541.7113636363637,2025-12-10T08:59:00,21480000 milliseconds,2817.4605973958915,0.17221641793373418,0.04176334106728538,0.0625,0.005498019934217728,0.05155007451910228,102.0,0.232,0.994,0.006000000000000005,0.5715278534543395,"terra",21480.0,2817.4605973958915,0.13116669447839346
292,"MiZfluWOCpke","RfRRtu1a6GQF","i9J7EjlZz4zn",405,1127.414814814815,419.0,1754,24.940656443190353,1140,536,1116,514,21.876968017692914,-1.2097842286474105,81.11269837220809,525.1950617283951,2025-12-11T09:38:00,88740000 milliseconds,4133.631507528764,0.06187607974745549,0.08284023668639054,0.09761634506242906,0.021554003288105607,0.06451048430863322,108.0,0.267,0.984,0.016000000000000014,0.6113971490930139,"terra",88740.0,4133.631507528764,0.046581378268297995
292,"MiZfluWOCpke","i9J7EjlZz4zn","TWwB1ch6bFNk",416,1127.701923076923,435.0,1375,25.75255034267115,1140,529,1116,507,21.72819574528059,-1.1941725798870442,82.5269119345812,518.0072115384615,2025-12-12T02:40:00,61320000 milliseconds,1798.3954915962352,0.03889263606393242,0.02679658952496955,0.03747072599531616,0.032031664633504174,0.006823608012161633,20.0,0.048,0.993,0.007000000000000006,0.19701522422988393,"aqua",61320.0,1798.3954915962352,0.029328041285000574
292,"MiZfluWOCpke","TWwB1ch6bFNk","pPv6dKh8qOPw",375,1127.5866666666666,377.0,1110,24.077914398031595,1139,535,1116,517,20.16246195331414,1.5562190799275886,74.04163056034261,526.1946666666666,2025-12-12T08:40:00,21600000 milliseconds,2047.066582888751,0.1244417375616262,0.10366624525916561,0.14285714285714285,0.06721333840066199,0.07475336401886933,99.0,0.264,0.879,0.121,0.897931828097466,"terra",21600.0,2047.066582888751,0.09477160105966441
293,"MmuH77qdJqau",NA,"W0Y5MlV0Wb5C",411,570.1508515815085,443.0,809,34.18015886539694,580,41,562,8,16.461533970653598,0.04050447194671899,92.66904755831213,24.474452554744527,2025-12-11T03:40:00,NA,NA,NA,NA,NA,NA,NA,NA,NA,NA,NA,NA,"aqua",NaN,NaN,NaN
293,"MmuH77qdJqau","W0Y5MlV0Wb5C","sK9YtE1zJj7j",402,512.2860696517413,429.0,614,30.871162590734208,521,123,500,95,17.87604511817498,0.33852329860397307,88.35533905932738,108.3681592039801,2025-12-12T08:40:00,104400000 milliseconds,25478.52895469966,0.3243606486912751,0.02214022140221402,0.03211009174311927,0.10173494405933721,0.08238851922916018,100.0,0.249,0.99,0.010000000000000009,0.8217344251251057,"terra",104400.0,25478.52895469966,0.24404721220976686
294,"Mw7bwLk8C7Ot",NA,"h8l8bd45MxGY",468,1005.6196581196581,513.0,1851,34.00682112215042,1017,135,994,100,18.784786627118272,-0.2860100295797006,102.81118318204308,116.83119658119658,2025-12-09T04:00:00,NA,NA,NA,NA,NA,NA,NA,NA,NA,NA,NA,NA,"aqua",NaN,NaN,NaN
294,"Mw7bwLk8C7Ot","h8l8bd45MxGY","sG1o9FzYJVyT",428,1073.1144859813085,470.0,1573,28.316311821699873,1090,155,1060,132,20.41745108738354,1.4341341932420755,92.36143571373725,142.9228971962617,2025-12-09T09:58:00,21480000 milliseconds,18090.620202642316,1.1057836309683566,0.08928571428571429,0.08748728382502544,0.1826130693903781,0.08329445232976114,135.0,0.315,0.972,0.028000000000000025,1.8914641507992354,"terra",21480.0,18090.620202642316,0.8422076444433108
294,"Mw7bwLk8C7Ot","sG1o9FzYJVyT","7ceDkd5aE65B",419,1171.5131264916467,441.0,2099,27.54099252909861,1181,221,1160,194,20.032890406221938,0.3411740327528883,84.42640687119285,206.75178997613367,2025-12-10T08:59:00,82860000 milliseconds,29321.94145152566,0.46994056337087364,0.021251475796930343,0.06366630076838639,0.02776071282395068,0.01901396462733917,76.0,0.181,0.979,0.02100000000000002,0.8036330173874802,"terra",82860.0,29321.94145152566,0.35387329774952525
294,"Mw7bwLk8C7Ot","7ceDkd5aE65B","Os8dvfBzli0l",403,1121.0347394540943,436.0,1360,29.27372418796147,1134,243,1109,217,18.490273663012605,-0.6336635448021897,94.25483399593904,229.0818858560794,2025-12-12T02:40:00,150060000 milliseconds,13799.231726622758,0.12233903742739269,0.038929440389294405,0.011402508551881414,0.060995874272926305,0.08008774878599867,90.0,0.223,0.968,0.03200000000000003,0.5687546094274935,"aqua",150060.0,13799.231726622758,0.09195809493950925
295,"N1nEd9PZXvKj",NA,"vkFWvn3CRRlg",986,866.8985801217038,1002.0,1415,40.058849662463636,884,350,852,310,31.57623228812332,-0.03941043133736043,121.39696961966999,329.9574036511156,2025-12-10T03:01:00,NA,NA,NA,NA,NA,NA,NA,NA,NA,NA,NA,NA,"aqua",NaN,NaN,NaN
295,"N1nEd9PZXvKj","vkFWvn3CRRlg","7AsJuOJ2HJhD",986,871.3052738336714,996.0,1549,40.55610750348908,888,361,856,322,31.1362085426935,-0.03174490510314982,122.56854249492379,341.27991886409734,2025-12-10T08:59:00,21480000 milliseconds,3037.4567920722898,0.18566361809732823,0.0,0.006006006006006006,0.012336614903901689,0.014033060732459824,76.0,0.077,0.995,0.0050000000000000044,0.3000392997396958,"terra",21480.0,3037.4567920722898,0.14140860298288127
295,"N1nEd9PZXvKj","7AsJuOJ2HJhD","DTN7FAxkvGH8",998,877.2484969939879,1016.0,870,40.45895982634859,894,342,861,303,31.87291034573221,-0.26537962472335325,133.0538238691624,323.14629258517033,2025-12-12T08:40:00,171660000 milliseconds,4770.680661322835,0.03698345409762266,0.012096774193548387,0.019880715705765408,0.0023982619614440932,0.02338397413057734,83.0,0.083,0.995,0.0050000000000000044,0.1827431800889579,"terra",171660.0,4770.680661322835,0.02779145206409667
296,"N41Ad0wz25RC",NA,"bssRehZ1had1",318,905.0188679245283,323.0,1335,25.148296801511766,917,742,892,725,16.34439151891719,1.3593500787784383,71.35533905932736,733.8647798742138,2025-12-09T09:58:00,NA,NA,NA,NA,NA,NA,NA,NA,NA,NA,NA,NA,"terra",NaN,NaN,NaN
296,"N41Ad0wz25RC","bssRehZ1had1","fj5MxlOWjH3l",309,791.336569579288,336.0,1041,26.326168851086646,805,641,778,623,16.22750854151311,-1.4901478769279652,81.49747468305833,631.0906148867314,2025-12-11T03:40:00,150120000 milliseconds,38313.01504215839,0.3395339865487273,0.028708133971291867,0.03945371775417299,0.04576529487549606,0.007176921038516626,88.0,0.285,0.979,0.02100000000000002,0.7666380541882049,"aqua",150120.0,38313.01504215839,0.2552159275390247
297,"NCtXhXF0fe4h",NA,"3AA9IQVAU6fs",1099,697.9626933575978,1169.0,968,49.30023438793352,718,421,677,380,29.67252220826308,-0.7525038280033165,156.02438661763952,399.10919017288444,2025-12-09T09:58:00,NA,NA,NA,NA,NA,NA,NA,NA,NA,NA,NA,NA,"terra",NaN,NaN,NaN
297,"NCtXhXF0fe4h","3AA9IQVAU6fs","osLSx9kPk3dN",1080,679.7398148148148,1153.0,1020,48.813369891068085,701,378,658,338,29.37419564531396,-0.8147080472890854,157.68124086713186,356.8342592592593,2025-12-10T03:01:00,61380000 milliseconds,11508.809359944666,0.24865095300733858,0.017439192290041303,0.013781223083548665,0.009924505382168207,0.010104763610702379,69.0,0.064,0.996,0.0040000000000000036,0.3679006373737992,"aqua",61380.0,11508.809359944666,0.1875009670893559
297,"NCtXhXF0fe4h","osLSx9kPk3dN","6SNFUoqem3RS",1077,680.2079851439183,1152.0,1176,48.233627472019435,701,390,658,351,29.661908144806844,-0.8482159661124992,153.4386001800126,369.3714020427112,2025-12-10T08:59:00,21480000 milliseconds,3136.470275541779,0.19171578701355615,0.0027816411682892906,0.0008676789587852494,0.011947663190023817,0.009747001615002571,94.0,0.087,0.989,0.01100000000000001,0.31505977194565715,"terra",21480.0,3136.470275541779,0.14601816925241057
297,"NCtXhXF0fe4h","6SNFUoqem3RS","5fiVJljnYi1y",1068,823.0187265917604,1193.0,880,49.10284269218943,843,513,804,468,29.922394641497874,-0.5442120695902083,151.36753236814712,491.6292134831461,2025-12-12T02:40:00,150060000 milliseconds,46998.59062453849,0.41667264173534724,0.008391608391608392,0.034968017057569294,0.017860011128482574,0.008743460425315304,272.0,0.255,0.993,0.007000000000000006,0.7486357387383229,"aqua",150060.0,46998.59062453849,0.3131986580337098
298,"NKhKC524MrhL",NA,"J0OGgLvKmzIU",753,661.3678618857901,862.0,1176,40.91812502833162,682,1104,642,1077,24.697027215696135,1.5656824068501762,129.22539674441617,1091.1221779548473,2025-12-09T04:00:00,NA,NA,NA,NA,NA,NA,NA,NA,NA,NA,NA,NA,"aqua",NaN,NaN,NaN
298,"NKhKC524MrhL","J0OGgLvKmzIU","x8EVeyrWqjVR",731,663.0478796169631,852.0,1153,40.38854284690705,684,1098,644,1071,24.537471641397076,1.524732761746214,132.9177848998413,1085.2626538987688,2025-12-10T08:59:00,104340000 milliseconds,1523.9029197429638,0.019411539643882095,0.029649595687331536,0.011668611435239206,0.013026783540980726,0.006481454183668284,40.0,0.055,0.998,0.0020000000000000018,0.13723798449110186,"terra",104340.0,1523.9029197429638,0.014605165034914356
298,"NKhKC524MrhL","x8EVeyrWqjVR","89RJUgKrFrjD",741,593.1241565452092,820.0,646,40.08510071927095,607,1162,576,1125,25.363786534490387,0.40596367756186297,127.29646455628165,1141.987854251012,2025-12-12T02:40:00,150060000 milliseconds,22509.824803873795,0.1995640303548366,0.01358695652173913,0.03827751196172249,0.007541403972508477,0.03311799835510323,185.0,0.25,0.976,0.02400000000000002,0.5660879011659099,"aqua",150060.0,22509.824803873795,0.1500054964938944
298,"NKhKC524MrhL","89RJUgKrFrjD","wogcxTphgNn7",815,513.5815950920245,874.0,612,43.33299387703758,536,1200,496,1172,26.272699002977813,1.2222519772321006,132.29036790187178,1189.1386503067486,2025-12-12T08:40:00,21600000 milliseconds,23116.845388189482,1.4052793549051357,0.09511568123393316,0.06375442739079103,0.07787023123662576,0.035204273064939916,230.0,0.282,0.974,0.026000000000000023,1.9852239678314256,"terra",21600.0,23116.845388189482,1.0702243235272908
299,"NLA7MaYqw1Qv",NA,"kkQDGirjnlT6",604,691.3460264900663,624.0,1246,30.692469803182348,705,387,678,357,25.354100607961307,-0.5027055994630558,102.5685424949238,371.7201986754967,2025-12-09T04:00:00,NA,NA,NA,NA,NA,NA,NA,NA,NA,NA,NA,NA,"aqua",NaN,NaN,NaN
299,"NLA7MaYqw1Qv","kkQDGirjnlT6","tbBklDkGDnH2",658,659.4300911854103,666.0,912,31.450733653181466,676,363,644,334,26.907373290976288,1.0145930168487836,99.74011537017759,349.1337386018237,2025-12-09T09:58:00,21480000 milliseconds,9774.8884425559,0.5974870686158864,0.08557844690966719,0.06511627906976744,0.024403758024208105,0.05944236039032023,91.0,0.138,0.992,0.008000000000000007,0.9780279130098495,"terra",21480.0,9774.8884425559,0.4550692943461779
299,"NLA7MaYqw1Qv","tbBklDkGDnH2","9ijEbg7wwmJ3",598,639.7040133779265,607.0,952,30.103813870514177,655,319,625,292,25.628216906403367,1.0829636354800956,94.91168824543142,306.7056856187291,2025-12-10T03:01:00,61380000 milliseconds,11697.376376786358,0.2527249946372768,0.09554140127388536,0.09269442262372349,0.0437634532899064,0.04869675508610628,79.0,0.132,0.988,0.01200000000000001,0.6774210269108983,"aqua",61380.0,11697.376376786358,0.19057309183425153
299,"NLA7MaYqw1Qv","9ijEbg7wwmJ3","xX01os9ZycnJ",607,655.0461285008237,625.0,1146,29.875394585649893,668,309,641,280,26.397892014013962,0.4581033471787345,99.1543289325507,294.1169686985173,2025-12-10T08:59:00,21480000 milliseconds,4961.453228021109,0.30326731222622916,0.014937759336099586,0.02922077922077922,0.007616615515398959,0.029588032762086543,72.0,0.119,0.988,0.01200000000000001,0.5156304990605934,"terra",21480.0,4961.453228021109,0.2309801316583384
299,"NLA7MaYqw1Qv","xX01os9ZycnJ","lAcC9c023NfJ",619,646.3667205169628,636.0,993,31.689259665008723,663,322,631,295,25.307319500553863,1.2281457628557133,100.56854249492379,309.1308562197092,2025-12-11T09:38:00,88740000 milliseconds,4335.528669099281,0.06489826613426063,0.01957585644371941,0.017446471054718478,0.05892553451120618,0.04218423951917624,83.0,0.134,0.997,0.0030000000000000027,0.3400303676630809,"terra",88740.0,4335.528669099281,0.04885653221883345
299,"NLA7MaYqw1Qv","lAcC9c023NfJ","x62CJbhX05mj",632,742.0949367088608,647.0,767,34.94044350902348,755,288,728,255,23.382762333675675,-0.6358198407286377,100.08326112068522,270.53006329113924,2025-12-12T08:40:00,82920000 milliseconds,25804.44800562141,0.4132679052790104,0.020783373301358914,0.0171473109898675,0.09758962412072854,0.0790533551958505,97.0,0.153,0.991,0.009000000000000008,0.789841568886816,"terra",82920.0,25804.44800562141,0.31119691275472033
300,"NSiZf9GTUSVv",NA,"gBFi2jvM7QpO",520,802.9384615384615,617.0,1425,33.02505503124735,818,635,790,606,22.667181668625446,0.8775368364865754,112.81118318204308,621.6923076923077,2025-12-10T08:59:00,NA,NA,NA,NA,NA,NA,NA,NA,NA,NA,NA,NA,"terra",NaN,NaN,NaN
300,"NSiZf9GTUSVv","gBFi2jvM7QpO","jnwE0IuYMfkD",505,791.6455445544555,550.0,855,34.04659344738307,805,717,778,686,20.414938544640247,0.7021032052845269,100.70458146424487,702.4514851485148,2025-12-12T02:40:00,150060000 milliseconds,20386.231133737674,0.18073701080489094,0.02926829268292683,0.11482433590402742,0.030461109553947822,0.10455581632640708,153.0,0.303,0.965,0.03500000000000003,0.7978465652722001,"aqua",150060.0,20386.231133737674,0.13585386601184643
301,"NbA6cZF19a8Z",NA,"PL4teX7UVKC1",325,569.9569230769231,338.0,803,27.504953460475214,583,934,558,913,16.017305034895184,-1.0107994278517276,75.59797974644667,923.32,2025-12-11T03:40:00,NA,NA,NA,NA,NA,NA,NA,NA,NA,NA,NA,NA,"aqua",NaN,NaN,NaN
301,"NbA6cZF19a8Z","PL4teX7UVKC1","adMsRVcIX4sd",355,595.8957746478874,388.0,675,26.729319316201103,610,1023,584,1003,18.276454509235837,1.1423589605551603,87.08326112068524,1013.2366197183098,2025-12-12T08:40:00,104400000 milliseconds,23395.809617306008,0.2978460804240103,0.08823529411764706,0.13774104683195593,0.028603099278863228,0.13175280309722007,82.0,0.231,0.97,0.030000000000000027,0.9451783237496966,"terra",104400.0,23395.809617306008,0.22409779326921464
302,"NlxUmuI9XibY",NA,"JEwYuz7reoNW",380,32.62105263157895,414.0,54,32.06355615079699,42,785,21,757,16.481042620436842,-0.45716053162637277,88.42640687119285,773.1894736842105,2025-12-09T04:00:00,NA,NA,NA,NA,NA,NA,NA,NA,NA,NA,NA,NA,"aqua",NaN,NaN,NaN
302,"NlxUmuI9XibY","JEwYuz7reoNW","Y5QS4qTyQ2DZ",338,24.281065088757398,447.0,14,35.685456861111845,40,782,8,765,15.376805304541733,1.4921058125177409,111.9827560572969,774.9289940828403,2025-12-09T09:58:00,21480000 milliseconds,2129.8668302218416,0.13018745906001478,0.116991643454039,0.07665505226480836,0.1069211358009954,0.06932278153222751,131.0,0.388,0.936,0.06399999999999995,0.952078072112085,"terra",21480.0,2129.8668302218416,0.09915581146284179
303,"NnFRahYy1Y9n",NA,"CKDnAlsuCTSY",363,1038.8292011019284,373.0,1902,28.178543658390335,1051,447,1027,421,17.04825169071456,0.6994412635218389,78.91168824543142,435.1955922865014,2025-12-09T04:00:00,NA,NA,NA,NA,NA,NA,NA,NA,NA,NA,NA,NA,"aqua",NaN,NaN,NaN
303,"NnFRahYy1Y9n","CKDnAlsuCTSY","T5YUegEI7njj",375,1032.6293333333333,395.0,1762,29.397772653753304,1045,426,1021,398,17.243698427039313,0.614015668150927,83.49747468305833,413.24266666666665,2025-12-10T03:01:00,82860000 milliseconds,5702.901145568701,0.09139997027916823,0.032520325203252036,0.057291666666666664,0.04235175410504045,0.0113989863891446,45.0,0.12,0.977,0.02300000000000002,0.377962702643272,"aqua",82860.0,5702.901145568701,0.06882574397258873
303,"NnFRahYy1Y9n","T5YUegEI7njj","hGGbsCaknS0V",373,1034.941018766756,395.0,1867,29.83481405988652,1047,436,1024,409,16.982815538797816,0.6018999051373364,82.66904755831213,423.97855227882036,2025-12-10T08:59:00,21480000 milliseconds,2745.486402947892,0.16781701729510343,0.0053475935828877,0.0,0.014756789476241965,0.015244490777056328,40.0,0.107,0.999,0.0010000000000000009,0.3111658911312894,"terra",21480.0,2745.486402947892,0.12781594054692236
304,"NnLVdXL7k8aQ",NA,"0X6wiQh6LTKa",404,1063.1064356435643,425.0,1936,30.728995142492177,1076,525,1048,503,17.997846148982667,1.0810218199452817,89.84062043356595,513.9207920792079,2025-12-09T04:00:00,NA,NA,NA,NA,NA,NA,NA,NA,NA,NA,NA,NA,"aqua",NaN,NaN,NaN
304,"NnLVdXL7k8aQ","0X6wiQh6LTKa","RV5SBTaAUhIM",420,1056.5238095238096,440.0,1901,30.275355493177194,1070,515,1042,492,18.979916390199925,1.0593973419800138,91.25483399593904,503.3547619047619,2025-12-10T08:59:00,104340000 milliseconds,3112.1933611982076,0.03964325025410111,0.038834951456310676,0.03468208092485549,0.01487237039942325,0.053116801763039664,47.0,0.112,0.999,0.0010000000000000009,0.2941494547977302,"terra",104340.0,3112.1933611982076,0.02982742343490711
304,"NnLVdXL7k8aQ","RV5SBTaAUhIM","FZF9YQDdBkcB",410,1054.7268292682927,430.0,1654,31.315459267121263,1067,501,1039,477,17.92659764749755,1.0262335264239053,91.25483399593904,488.6170731707317,2025-12-11T09:38:00,88740000 milliseconds,3711.7095729249077,0.05556035585547351,0.024096385542168676,0.022988505747126436,0.033774639221513296,0.057080370236348,66.0,0.161,0.999,0.0010000000000000009,0.35550025660262996,"terra",88740.0,3711.7095729249077,0.04182679257296493
304,"NnLVdXL7k8aQ","FZF9YQDdBkcB","olEWHDpZ40eQ",399,1056.7944862155389,414.0,1244,30.549753851964045,1069,490,1042,467,17.666798577449253,1.0151132038851847,86.08326112068522,477.95238095238096,2025-12-12T02:40:00,61320000 milliseconds,2715.820149646862,0.05873313472419684,0.027194066749072928,0.037914691943127965,0.024753989408661674,0.014598161322195498,50.0,0.125,0.98,0.020000000000000018,0.30819404414725493,"aqua",61320.0,2715.820149646862,0.04428930446260375
305,"NvamvRfFiCaU",NA,"SIJV5uaViUje",805,967.9614906832298,849.0,1739,33.40897849500697,986,319,952,289,32.41670746372503,1.120313884548427,124.5685424949238,302.3900621118012,2025-12-10T08:59:00,NA,NA,NA,NA,NA,NA,NA,NA,NA,NA,NA,NA,"terra",NaN,NaN,NaN
305,"NvamvRfFiCaU","SIJV5uaViUje","padTME86ipRi",857,1107.5134189031505,926.0,1723,37.892930358083454,1129,264,1089,231,30.24063460305857,1.080815742277012,130.0893577750951,247.4725787631272,2025-12-11T09:38:00,88740000 milliseconds,37492.224733311195,0.5612188419027198,0.06257521058965103,0.0867605633802817,0.12577368362788613,0.06945946919826523,206.0,0.24,0.989,0.01100000000000001,1.1567877686988037,"terra",88740.0,37492.224733311195,0.42249520772268645
305,"NvamvRfFiCaU","padTME86ipRi","Co0FM43XEEVw",875,1162.9977142857142,908.0,1144,38.80520475314488,1180,429,1147,394,29.516214299891423,-0.6513903633434523,123.9827560572969,410.5942857142857,2025-12-12T08:40:00,82920000 milliseconds,43074.93348279775,0.689861202479144,0.020785219399538105,0.019629225736095966,0.023788698219022793,0.0242455991728635,159.0,0.182,0.988,0.01200000000000001,0.9723099450066643,"terra",82920.0,43074.93348279775,0.519475801770354
306,"NwpgGMlBhaJ5",NA,"0bqfI8nIPb2u",409,615.5403422982885,411.0,1123,38.02209892154984,635,868,599,851,14.093140893147464,-1.3103688001295337,90.18376618407356,858.7946210268949,2025-12-09T04:00:00,NA,NA,NA,NA,NA,NA,NA,NA,NA,NA,NA,NA,"aqua",NaN,NaN,NaN
306,"NwpgGMlBhaJ5","0bqfI8nIPb2u","mDrRHjvzw2cx",409,629.4034229828851,422.0,869,38.86428990134143,649,881,612,863,13.935535592235276,-1.3225023379389547,93.18376618407356,870.7212713936431,2025-12-09T09:58:00,21480000 milliseconds,4571.85680986327,0.2794533502361412,0.0,0.026410564225690276,0.02190741411283045,0.011246003784330003,29.0,0.071,0.993,0.007000000000000006,0.4170173323589919,"terra",21480.0,4571.85680986327,0.21284249580369044
306,"NwpgGMlBhaJ5","mDrRHjvzw2cx","nmNhVMVtzPop",440,617.475,527.0,907,45.57569697234061,636,951,595,928,14.558547318700315,1.19911092941574,109.9827560572969,937.8,2025-12-10T03:01:00,61380000 milliseconds,17032.76824664722,0.36799758553845136,0.07302709069493522,0.22128556375131717,0.15896276916857188,0.04372920008777941,152.0,0.345,0.96,0.040000000000000036,1.250002209241055,"aqua",61380.0,17032.76824664722,0.2774970388831414
306,"NwpgGMlBhaJ5","nmNhVMVtzPop","RnG6jjg5zVFn",413,620.138014527845,418.0,1082,38.73797706652581,640,863,603,846,14.128858077297487,-1.3262941783853472,92.18376618407358,853.7118644067797,2025-12-10T08:59:00,21480000 milliseconds,21032.573240570375,1.2856096112818078,0.06330597889800703,0.2306878306878307,0.1621971758142763,0.029956647209564265,136.0,0.329,0.961,0.039000000000000035,2.1397572438914865,"terra",21480.0,21032.573240570375,0.9791700763766469
306,"NwpgGMlBhaJ5","RnG6jjg5zVFn","lAzB3KOe1sKq",432,624.7870370370371,443.0,957,41.83377220883523,646,857,607,839,13.743934016795286,-1.3207324398666767,97.59797974644665,847.6018518518518,2025-12-11T09:38:00,88740000 milliseconds,1919.4019855209783,0.028731412102701567,0.04497041420118343,0.05807200929152149,0.07684567283575457,0.02762005752439702,57.0,0.132,0.987,0.013000000000000012,0.3812395659555581,"terra",88740.0,1919.4019855209783,0.02162950175254652
307,"NyVtq7FJkABO",NA,"nXEb8rVmWP9V",803,1048.239103362391,835.0,1913,35.034264893635246,1066,1066,1034,1032,29.880334864394033,-0.13651089358831178,117.39696961966999,1048.967621419676,2025-12-09T04:00:00,NA,NA,NA,NA,NA,NA,NA,NA,NA,NA,NA,NA,"aqua",NaN,NaN,NaN
307,"NyVtq7FJkABO","nXEb8rVmWP9V","x8WOP7VFRdlt",773,1069.2445019404915,824.0,1565,34.18228121985306,1088,1082,1055,1048,30.152583204159214,-0.12220290331037889,123.22539674441617,1065.0232858990944,2025-12-09T09:58:00,21480000 milliseconds,6609.704661048225,0.4040161773256861,0.03807106598984772,0.013261000602772756,0.024617919316149154,0.009069968561391363,68.0,0.088,0.984,0.016000000000000014,0.5930361317958471,"terra",21480.0,6609.704661048225,0.30771436969498256
307,"NyVtq7FJkABO","x8WOP7VFRdlt","tJAOQPU1gRzi",712,1048.186797752809,758.0,1784,33.24142235122961,1065,1060,1035,1027,28.316025916753013,-0.37327066905323475,114.91168824543142,1043.2879213483145,2025-12-10T03:01:00,61380000 milliseconds,7565.765732112144,0.16346042415711665,0.08215488215488216,0.08343868520859671,0.027908845666762678,0.06282199337453803,123.0,0.173,0.977,0.02300000000000002,0.6157848305618963,"aqua",61380.0,7565.765732112144,0.1232610904547433
307,"NyVtq7FJkABO","tJAOQPU1gRzi","QGSOodaNJ6Mi",774,1046.8785529715763,825.0,1885,35.324968533744155,1064,1063,1033,1027,28.7496461528246,-0.19977081884993259,122.56854249492379,1043.8824289405684,2025-12-10T08:59:00,21480000 milliseconds,359.24779791169203,0.02195891185279291,0.08344549125168237,0.08464939987365762,0.06077456186981987,0.015197235758229323,115.0,0.149,0.979,0.02100000000000002,0.4360256006061821,"terra",21480.0,359.24779791169203,0.01672475781711788
307,"NyVtq7FJkABO","QGSOodaNJ6Mi","sYiJEOPpxMv5",776,1054.9561855670104,822.0,1656,34.15242369426694,1073,1058,1041,1024,30.242607861029636,-0.25242314213751177,121.39696961966999,1040.9394329896907,2025-12-11T09:38:00,88740000 milliseconds,2149.264023940849,0.03217220303780928,0.0025806451612903226,0.0036429872495446266,0.033753277199269384,0.05061551666950774,73.0,0.094,0.993,0.007000000000000006,0.22376462931742136,"terra",88740.0,2149.264023940849,0.024219788414929555
307,"NyVtq7FJkABO","sYiJEOPpxMv5","AIuD7cFSC970",729,1066.7229080932784,764.0,1264,33.64322781896396,1085,1056,1054,1022,28.796169898439487,-0.17259695183755883,115.39696961966999,1039.480109739369,2025-12-12T02:40:00,61320000 milliseconds,2964.2176809311027,0.0641050536533543,0.06245847176079734,0.07313997477931904,0.015021490728018503,0.04899959035341506,98.0,0.134,0.985,0.015000000000000013,0.41272458127490425,"aqua",61320.0,2964.2176809311027,0.048340144829274345
308,"O34LU1emklv0",NA,"IKUGmKNPt94K",387,1032.3410852713178,408.0,1895,24.346735642218263,1044,1125,1022,1100,21.14215832571806,-0.2183082227789359,81.59797974644665,1111.3901808785529,2025-12-09T04:00:00,NA,NA,NA,NA,NA,NA,NA,NA,NA,NA,NA,NA,"aqua",NaN,NaN,NaN
308,"O34LU1emklv0","IKUGmKNPt94K","MERGhn8S9aYS",427,1055.5737704918033,448.0,1544,26.953535040444837,1068,1143,1044,1117,21.624584176046955,-0.5644007498547156,88.66904755831213,1128.0585480093678,2025-12-09T09:58:00,21480000 milliseconds,7148.391975480388,0.43694327478486483,0.09828009828009827,0.09345794392523364,0.10162906992642987,0.02256079477219872,97.0,0.227,0.981,0.019000000000000017,0.9988711816888254,"terra",21480.0,7148.391975480388,0.332792922508398
308,"O34LU1emklv0","MERGhn8S9aYS","P68UVz0jGmYM",480,1054.48125,514.0,1249,27.93513576684656,1070,1153,1042,1125,22.930928791555893,-0.614307384721203,96.7401153701776,1139.0770833333333,2025-12-11T03:40:00,150120000 milliseconds,2768.1415438711683,0.024531562778014607,0.11686879823594266,0.13721413721413722,0.035766970194925085,0.05863896647127843,144.0,0.3,0.978,0.02200000000000002,0.695020434894298,"aqua",150120.0,2768.1415438711683,0.018439525338870028
308,"O34LU1emklv0","P68UVz0jGmYM","N0kHVDIKm0EN",436,1091.4495412844037,464.0,1053,26.568867242535827,1105,1122,1079,1097,21.830795592020916,-0.7377160978656025,92.91168824543144,1109.48623853211,2025-12-12T08:40:00,104400000 milliseconds,11838.16037370936,0.15070859801030376,0.09606986899563319,0.10224948875255624,0.05013461209722677,0.04915508572045175,111.0,0.255,0.984,0.016000000000000014,0.7193176535761717,"terra",104400.0,11838.16037370936,0.11339234074434253
309,"O3dOkH3H11N6",NA,"K1cVT7ayXRme",388,754.3685567010309,415.0,1369,26.725559127846914,766,828,743,802,19.871167849626737,0.4432880668447638,86.66904755831213,814.979381443299,2025-12-09T04:00:00,NA,NA,NA,NA,NA,NA,NA,NA,NA,NA,NA,NA,"aqua",NaN,NaN,NaN
309,"O3dOkH3H11N6","K1cVT7ayXRme","ZUtfIlvj9srS",343,766.2973760932945,351.0,1213,23.21227101377501,777,819,757,796,19.285103666423524,-0.027652160760440362,73.35533905932738,807.6851311953353,2025-12-10T03:01:00,82860000 milliseconds,3495.558063217168,0.05602304773166389,0.12311901504787962,0.1671018276762402,0.14070647859982477,0.02993462658787539,85.0,0.248,0.917,0.08299999999999996,0.8478849956434839,"aqua",82860.0,3495.558063217168,0.04218631502796486
309,"O3dOkH3H11N6","ZUtfIlvj9srS","CqRKMRYDvxIV",334,761.0239520958083,343.0,1362,23.04044057877279,772,823,752,800,19.240105600009677,0.08156612555777244,74.76955262170047,811.5778443113772,2025-12-10T08:59:00,21480000 milliseconds,1638.6392232022033,0.10016132171162612,0.026587887740029542,0.023054755043227664,0.007430069679629441,0.0023360322900596456,39.0,0.117,0.998,0.0020000000000000018,0.27857006646457244,"terra",21480.0,1638.6392232022033,0.07628674223473944
309,"O3dOkH3H11N6","CqRKMRYDvxIV","KdvtvoIgP7Jv",364,775.6208791208791,377.0,1210,23.827062600927366,787,817,767,794,20.105052195840727,0.05143497238434219,75.59797974644665,805.0,2025-12-11T09:38:00,88740000 milliseconds,4002.6422082790996,0.05991530885830551,0.08595988538681948,0.09444444444444444,0.03356790820020838,0.0439671179014701,56.0,0.154,0.999,0.0010000000000000009,0.47285466479124794,"terra",88740.0,4002.6422082790996,0.045105276180742615
309,"O3dOkH3H11N6","KdvtvoIgP7Jv","RliUixMZNuwO",372,811.0645161290323,393.0,812,25.763991019259276,824,864,799,840,19.58437020805611,0.7969457204475392,83.1543289325507,851.6720430107526,2025-12-12T08:40:00,82920000 milliseconds,14651.217959531716,0.23464474630896406,0.021739130434782608,0.04155844155844156,0.07811604218642611,0.02623782137648313,104.0,0.28,0.983,0.017000000000000015,0.6992961818650976,"terra",82920.0,14651.217959531716,0.1766910028887086
310,"O4i8YSVyMY6l",NA,"OIRVNxVecQbT",1429,724.7109867039889,1494.0,1281,49.50448587491454,750,923,698,884,37.17761851165531,-1.3280912836439944,158.0243866176395,903.4093771868439,2025-12-09T04:00:00,NA,NA,NA,NA,NA,NA,NA,NA,NA,NA,NA,NA,"aqua",NaN,NaN,NaN
310,"O4i8YSVyMY6l","OIRVNxVecQbT","h1B5uddqmMQ0",1456,724.6559065934066,1517.0,1092,49.51764634377242,750,912,699,873,37.92794667665354,-1.298282552338129,159.6812408671319,892.9065934065934,2025-12-10T03:01:00,82860000 milliseconds,2625.7320521294064,0.042082411285029354,0.01871750433275563,0.015277316506144138,0.000265808634150832,0.019980627617060476,112.0,0.077,0.999,0.0010000000000000009,0.17432366837514043,"aqua",82860.0,2625.7320521294064,0.03168877687822117
310,"O4i8YSVyMY6l","h1B5uddqmMQ0","wwGURaDUrE94",1424,726.8244382022472,1482.0,1268,49.127680937543666,752,915,702,876,37.379116624817286,-1.2749632452814312,155.4386001800126,896.0161516853933,2025-12-10T08:59:00,21480000 milliseconds,947.7566284321662,0.057931334256244874,0.022222222222222223,0.02334111370456819,0.007906414160229873,0.014575792170760049,73.0,0.051,0.996,0.0040000000000000036,0.18097687651402522,"terra",21480.0,947.7566284321662,0.04412274806481221
310,"O4i8YSVyMY6l","wwGURaDUrE94","ksEpVJtCTB68",1429,724.517844646606,1491.0,1108,49.46831032402164,750,915,699,875,37.24909995620232,-1.2805516456902781,157.6812408671319,895.5325402379286,2025-12-11T09:38:00,88740000 milliseconds,589.1866142745084,0.008819498754202655,0.0035050823694356818,0.006054490413723511,0.006909599104781361,0.0034843836439213856,92.0,0.064,0.997,0.0030000000000000027,0.0957730542860646,"terra",88740.0,589.1866142745084,0.006639470523715443
311,"O4mg5yjfIvVU",NA,"L3lueftXqAFd",793,992.3303909205548,843.0,1793,39.747637664379646,1008,1174,979,1135,27.048515141670375,0.07998828300554993,118.46803743153546,1155.2156368221943,2025-12-10T08:59:00,NA,NA,NA,NA,NA,NA,NA,NA,NA,NA,NA,NA,"terra",NaN,NaN,NaN
311,"O4mg5yjfIvVU","L3lueftXqAFd","UjYnQxICgPHq",875,887.2297142857143,971.0,886,40.56480696028025,903,1144,871,1102,29.269178730201897,0.02760978037397288,161.92388155425118,1122.56,2025-12-12T08:40:00,171660000 milliseconds,27514.24954156069,0.21329702346262017,0.09832134292565947,0.14112458654906285,0.020349755251994752,0.0788620213598848,220.0,0.251,0.928,0.07199999999999995,0.874954729549222,"terra",171660.0,27514.24954156069,0.16028340639380573
312,"OCaYExodgr8K",NA,"d5nWMaW7khBW",570,630.0228070175439,603.0,963,29.75438472458064,645,605,614,577,25.34082748541643,-1.1572527111662319,99.7401153701776,590.8263157894737,2025-12-11T09:38:00,NA,NA,NA,NA,NA,NA,NA,NA,NA,NA,NA,NA,"terra",NaN,NaN,NaN
312,"OCaYExodgr8K","d5nWMaW7khBW","TsrMBKIGQXEe",509,737.1218074656189,578.0,765,29.073808688711114,751,444,724,418,26.01260917894644,-0.12571272833409933,109.7401153701776,431.4243614931238,2025-12-12T08:40:00,82920000 milliseconds,48009.88109915004,0.7688962379748565,0.11306765523632993,0.04233700254022015,0.02313775067298782,0.026163066667598496,168.0,0.33,0.979,0.02100000000000002,1.324601713091993,"terra",82920.0,48009.88109915004,0.5789903654021954
313,"OGDB6OkLkSSj",NA,"2rIXEPXq7FDd",826,121.80992736077482,863.0,217,41.13462715713272,136,277,107,236,27.31146637107874,-0.2611135730999192,120.5685424949238,258.9164648910412,2025-12-09T04:00:00,NA,NA,NA,NA,NA,NA,NA,NA,NA,NA,NA,NA,"aqua",NaN,NaN,NaN
313,"OGDB6OkLkSSj","2rIXEPXq7FDd","2fgPuhbc9Gcv",931,126.06337271750806,1023.0,117,45.22399091949335,142,346,107,306,27.69369936166661,0.623100100585474,143.39696961966996,324.0751879699248,2025-12-09T09:58:00,21480000 milliseconds,16324.351041223192,0.9978209682899262,0.11952191235059761,0.16967126193001061,0.09470655861426912,0.013898076135068198,276.0,0.296,0.948,0.052000000000000046,1.743618777319872,"terra",21480.0,16324.351041223192,0.7599790987534074
313,"OGDB6OkLkSSj","2fgPuhbc9Gcv","9yyWO82CCjvZ",892,109.23094170403587,928.0,172,43.27282275550019,124,264,94,219,27.61469134576935,-0.2817931571203779,124.22539674441617,243.79596412556054,2025-12-10T08:59:00,82860000 milliseconds,20506.225449355683,0.32865174211644654,0.04278661546900713,0.097385955920041,0.044095783406595264,0.0028569992685264054,253.0,0.284,0.954,0.04600000000000004,0.8457770961806164,"terra",82860.0,20506.225449355683,0.24748039403036065
313,"OGDB6OkLkSSj","9yyWO82CCjvZ","bPJnHqkQ2lTv",842,15.378859857482185,961.0,3,42.573514146280274,31,194,1,149,28.597553624526636,-0.20942166839811288,143.53910524340094,172.1959619952494,2025-12-11T03:40:00,67260000 milliseconds,29511.410475433877,0.5821365119919889,0.05767012687427912,0.03493912122816305,0.01629210131633254,0.034969686027542746,255.0,0.303,0.964,0.03600000000000003,1.0650075474383063,"aqua",67260.0,29511.410475433877,0.43876613849886825
314,"OKiBSApm3GGs",NA,"7WR9nc1kkrta",511,398.0645792563601,568.0,635,36.49822828558986,410,652,389,617,19.717466910421766,-0.04398690773531702,104.25483399593904,634.3796477495108,2025-12-11T09:38:00,NA,NA,NA,NA,NA,NA,NA,NA,NA,NA,NA,NA,"terra",NaN,NaN,NaN
314,"OKiBSApm3GGs","7WR9nc1kkrta","Bln3IsZT2O1m",562,424.37722419928826,588.0,456,37.37354186362438,436,692,413,655,19.78541357664648,-0.396632788611645,104.32590180780451,672.7615658362989,2025-12-12T02:40:00,61320000 milliseconds,11633.805589513464,0.25159614164172717,0.09506057781919851,0.03460207612456748,0.023698188801120325,0.0034400866664372415,186.0,0.331,0.991,0.009000000000000008,0.7483970710530508,"aqua",61320.0,11633.805589513464,0.18972285697184382
315,"OPI9S683POEb",NA,"IMrkJI1dhps0",610,343.0950819672131,660.0,692,30.641030231318716,358,61,329,33,26.732747015675383,-0.791996092297366,109.1543289325507,46.77704918032787,2025-12-09T04:00:00,NA,NA,NA,NA,NA,NA,NA,NA,NA,NA,NA,NA,"aqua",NaN,NaN,NaN
315,"OPI9S683POEb","IMrkJI1dhps0","oK9vrSoxfjcE",667,340.48125937031483,705.0,406,32.03706001134741,355,86,327,54,27.410437648763125,-0.27128966865000104,111.39696961966999,69.18740629685158,2025-12-09T09:58:00,21480000 milliseconds,5640.568314995954,0.34477801436405586,0.08927173061863743,0.06593406593406594,0.044546021572252306,0.025033275648185235,175.0,0.262,0.995,0.0050000000000000044,0.8365631081371968,"terra",21480.0,5640.568314995954,0.2625962902698303
315,"OPI9S683POEb","oK9vrSoxfjcE","LMxrz9BQ6uNZ",644,330.19565217391306,698.0,544,31.132034576235004,344,65,314,33,27.561234757679898,-0.24557248871531553,115.88225099390857,49.327639751552795,2025-12-10T03:01:00,61380000 milliseconds,5591.310460395446,0.12080178157924697,0.03508771929824561,0.009978617248752673,0.028654057526742212,0.005486356965886993,139.0,0.216,0.991,0.009000000000000008,0.4250085326188745,"aqua",61380.0,5591.310460395446,0.09109336038441587
315,"OPI9S683POEb","LMxrz9BQ6uNZ","fdOIDwFOhogO",693,318.82395382395384,729.0,596,31.769359155505615,334,64,305,34,28.485800794843577,-0.6212250751288387,106.32590180780451,48.77200577200577,2025-12-10T08:59:00,21480000 milliseconds,2846.316177114865,0.173980206425114,0.07329842931937172,0.043447792571829014,0.02026424349160364,0.03299250452942291,82.0,0.118,0.985,0.015000000000000013,0.47698317633734133,"terra",21480.0,2846.316177114865,0.13251006411149277
315,"OPI9S683POEb","fdOIDwFOhogO","Wmls79y0Q1tl",681,306.4067547723935,708.0,472,30.044857530448482,322,65,292,34,29.4256265410323,-0.7605960438223884,109.18986283848344,49.42143906020558,2025-12-11T09:38:00,88740000 milliseconds,3108.5426235807477,0.04653158631211358,0.017467248908296942,0.029227557411273485,0.05579627851044137,0.03245735045478688,123.0,0.181,0.997,0.0030000000000000027,0.3654800215969123,"terra",88740.0,3108.5426235807477,0.03502977939577133
316,"OQOSwGUu8uZe",NA,"HFEkFlKjAeRT",485,36.10721649484536,490.0,55,28.616785764481865,50,145,22,124,21.679652465821857,-1.4934783602736696,83.35533905932738,134.7979381443299,2025-12-09T04:00:00,NA,NA,NA,NA,NA,NA,NA,NA,NA,NA,NA,NA,"aqua",NaN,NaN,NaN
316,"OQOSwGUu8uZe","HFEkFlKjAeRT","A8h3jKHz91MJ",449,70.93541202672606,486.0,120,26.998889184806572,83,37,57,13,22.523346825575874,-1.2531471359290747,97.1543289325507,24.984409799554566,2025-12-10T03:01:00,82860000 milliseconds,28801.057067770627,0.46159238829666843,0.07708779443254818,0.00819672131147541,0.05818131601029838,0.03817362501545038,91.0,0.203,0.975,0.025000000000000022,0.8712318450664409,"aqua",82860.0,28801.057067770627,0.34758697885313333
316,"OQOSwGUu8uZe","A8h3jKHz91MJ","QXms6jdg2Y69",454,60.284140969163,486.0,87,31.042986005864726,74,21,43,1,19.569600990179854,-1.5216882641168703,90.01219330881976,10.185022026431717,2025-12-11T09:38:00,110220000 milliseconds,4558.449939404694,0.05497738574931791,0.01107419712070875,0.0,0.13935100503810519,0.14034397630333742,114.0,0.251,0.983,0.017000000000000015,0.6137465642114692,"terra",110220.0,4558.449939404694,0.041357738517553026
316,"OQOSwGUu8uZe","QXms6jdg2Y69","UPGzBokjgQzT",419,52.82338902147971,469.0,38,30.616987411255643,61,106,41,76,19.617836024132867,0.24250981074625177,97.01219330881976,90.05489260143199,2025-12-12T08:40:00,82920000 milliseconds,20054.393292512235,0.3211786241593888,0.08018327605956473,0.0356020942408377,0.013817670394609733,0.0024617600755770597,86.0,0.205,0.97,0.030000000000000027,0.688243424929978,"terra",82920.0,20054.393292512235,0.24185230695263188
317,"OUDnIxCpDCVP",NA,"efIIuX8yXmZJ",309,951.9708737864078,316.0,1737,21.466930943152477,964,505,941,486,18.90219161347605,-1.427064481118175,68.18376618407356,494.50485436893206,2025-12-09T04:00:00,NA,NA,NA,NA,NA,NA,NA,NA,NA,NA,NA,NA,"aqua",NaN,NaN,NaN
317,"OUDnIxCpDCVP","efIIuX8yXmZJ","kM4ZItRB5KeM",327,868.2996941896024,346.0,1108,22.82249911450489,879,539,857,520,18.80601314910109,-1.3695189501479512,74.76955262170047,530.2996941896024,2025-12-11T03:40:00,171600000 milliseconds,22751.56155754521,0.17643708070992795,0.05660377358490566,0.09063444108761329,0.061214071600726935,0.005101195614086025,78.0,0.239,0.973,0.027000000000000024,0.6559905625972599,"aqua",171600.0,22751.56155754521,0.13258485756145227
318,"OeVHqh9Xr60k",NA,"SMvJiFeFKh1R",553,293.14104882459316,577.0,261,33.42557646065121,304,312,282,280,21.3706372233288,0.18004957849235384,96.5685424949238,296.2640144665461,2025-12-12T02:40:00,NA,NA,NA,NA,NA,NA,NA,NA,NA,NA,NA,NA,"aqua",NaN,NaN,NaN
318,"OeVHqh9Xr60k","SMvJiFeFKh1R","3Rh9pazd4FDs",587,285.664395229983,606.0,322,34.09848364901105,297,311,274,278,22.23730371955212,0.12888924915526945,100.32590180780451,294.6235093696763,2025-12-12T08:40:00,21600000 milliseconds,1913.6288489845206,0.11633002121486448,0.05964912280701754,0.04902789518174133,0.019930886480078677,0.03974810447292195,59.0,0.101,0.982,0.018000000000000016,0.40368603015662397,"terra",21600.0,1913.6288489845206,0.0885939281937278
319,"OgStaZZFIXzw",NA,"ohO6u48wcCld",1426,989.3316970546985,1455.0,1797,44.48362975194018,1012,1186,966,1142,41.46352697373939,-1.2749948102003656,148.8528137423857,1164.061009817672,2025-12-09T04:00:00,NA,NA,NA,NA,NA,NA,NA,NA,NA,NA,NA,NA,"aqua",NaN,NaN,NaN
319,"OgStaZZFIXzw","ohO6u48wcCld","XPS8mykjUua9",1417,1010.4220183486239,1447.0,1479,44.945479491560356,1033,1200,986,1157,40.83918897043684,-1.3474032625423191,148.61017305526642,1179.3839096683134,2025-12-09T09:58:00,21480000 milliseconds,6517.250724585643,0.39836495871550387,0.006331340133661625,0.005513439007580979,0.010328845798131295,0.015171747278085613,89.0,0.063,0.996,0.0040000000000000036,0.5027103309329635,"terra",21480.0,6517.250724585643,0.3034101827088288
319,"OgStaZZFIXzw","XPS8mykjUua9","RUtvE0uJo57L",1427,974.2053258584443,1475.0,1602,44.42895915322682,997,1175,950,1131,41.65688792294076,-1.3019831427909296,153.4386001800126,1152.998598458304,2025-12-10T03:01:00,61380000 milliseconds,11202.213683512717,0.242026870120184,0.007032348804500703,0.019164955509924708,0.011558569679780846,0.019823947593550738,111.0,0.078,0.992,0.008000000000000007,0.38560669170794104,"aqua",61380.0,11202.213683512717,0.18250592511425084
319,"OgStaZZFIXzw","RUtvE0uJo57L","IXo4ZAq6dsKS",1402,980.2753209700428,1428.0,1527,43.64677519029227,1002,1173,957,1130,41.56109790741144,-1.3871188186192662,148.36753236814712,1151.4336661911555,2025-12-11T09:38:00,110220000 milliseconds,1567.1202421877254,0.01890032252532986,0.017674089784376106,0.03238029624526352,0.017761622284835573,0.0023021469355098694,81.0,0.058,0.992,0.008000000000000007,0.15501847777531494,"terra",110220.0,1567.1202421877254,0.014218111433385278
319,"OgStaZZFIXzw","IXo4ZAq6dsKS","MVBUZ2tYnU34",1442,987.7302357836338,1481.0,1101,45.15944158631713,1010,1171,963,1129,41.34012911592631,-1.5279507215859047,155.53910524340094,1149.3106796116506,2025-12-12T02:40:00,61320000 milliseconds,1937.8278254055585,0.04190804120686761,0.02812939521800281,0.03643863870745961,0.03406667800813877,0.005330893146440926,96.0,0.067,0.986,0.014000000000000012,0.22687364628690976,"aqua",61320.0,1937.8278254055585,0.031601888868322874
320,"Oi3RgTGQccDn",NA,"bDw0SFv3N5LN",345,799.0753623188406,368.0,862,28.90371121320353,813,377,784,360,16.306102651148425,-1.5425425977087956,80.76955262170047,367.1072463768116,2025-12-12T02:40:00,NA,NA,NA,NA,NA,NA,NA,NA,NA,NA,NA,NA,"aqua",NaN,NaN,NaN
320,"Oi3RgTGQccDn","bDw0SFv3N5LN","6sB7JPyCnB4H",314,798.2611464968153,347.0,807,29.394347091106855,806,380,789,351,15.37607939510445,0.034634457820742266,81.01219330881976,363.71656050955414,2025-12-12T08:40:00,21600000 milliseconds,871.7689650667091,0.052995073864237636,0.09408194233687406,0.05874125874125874,0.01683198007529695,0.05870954561691698,115.0,0.366,0.996,0.0040000000000000036,0.6513598006345844,"terra",21600.0,871.7689650667091,0.04035967430864394
321,"OkJzHRbuOx3W",NA,"7Q3frKH4Zw44",326,115.6042944785276,333.0,216,21.953802188059438,124,680,106,659,19.373252247823352,-0.44269799091370676,69.698484809835,669.9294478527607,2025-12-09T04:00:00,NA,NA,NA,NA,NA,NA,NA,NA,NA,NA,NA,NA,"aqua",NaN,NaN,NaN
321,"OkJzHRbuOx3W","7Q3frKH4Zw44","HdPOjalty3fR",328,127.28048780487805,336.0,129,27.050076481562872,135,690,119,663,15.83325407552106,0.11192369157459951,73.94112549695427,676.3536585365854,2025-12-09T09:58:00,21480000 milliseconds,3331.7035198273315,0.20364935940264864,0.0061162079510703364,0.008968609865470852,0.2079947315134724,0.2010990888894319,93.0,0.284,0.99,0.010000000000000009,0.9218279976220942,"terra",21480.0,3331.7035198273315,0.15510724021542513
321,"OkJzHRbuOx3W","HdPOjalty3fR","bj524Or69XQP",302,53.586092715231786,328.0,92,25.059595095757558,63,710,44,685,16.131053767357155,0.5206586326807219,76.84062043356595,696.0927152317881,2025-12-10T03:01:00,61380000 milliseconds,19073.040900124757,0.4120782305309443,0.08253968253968254,0.024096385542168676,0.07639585226906809,0.018633263907977694,53.0,0.175,0.998,0.0020000000000000018,0.7907434147898413,"aqua",61380.0,19073.040900124757,0.31073706256312733
321,"OkJzHRbuOx3W","bj524Or69XQP","pmAdBxTBiK3q",300,10.636666666666667,316.0,18,24.192577861168555,20,742,2,720,16.62027873774042,0.3172806700119591,71.59797974644665,731.4,2025-12-11T03:40:00,88740000 milliseconds,13899.769682455102,0.20806481075451091,0.006644518272425249,0.037267080745341616,0.03520726833097333,0.029875118534924954,87.0,0.29,0.983,0.017000000000000015,0.6240587966381761,"aqua",88740.0,13899.769682455102,0.15663477217100633
322,"Oon4SG3C8dcJ",NA,"bEWcNwtOLJVf",351,150.3846153846154,379.0,281,27.114779321620432,162,512,138,491,17.382938642001786,1.171532114081331,78.35533905932738,502.17378917378915,2025-12-09T04:00:00,NA,NA,NA,NA,NA,NA,NA,NA,NA,NA,NA,NA,"aqua",NaN,NaN,NaN
322,"Oon4SG3C8dcJ","bEWcNwtOLJVf","N0cA7LR9OX3k",375,130.328,407.0,127,29.59864566698691,139,508,119,479,17.44220711098166,-0.2856593077163914,91.49747468305831,494.98133333333334,2025-12-09T09:58:00,21480000 milliseconds,5326.814489585317,0.3255999076763641,0.06611570247933884,0.07124681933842239,0.08759359343455068,0.003403774353179587,113.0,0.301,0.961,0.039000000000000035,0.8939597972818556,"terra",21480.0,5326.814489585317,0.2479895013773425
322,"Oon4SG3C8dcJ","N0cA7LR9OX3k","9VSVyrUdHRm2",389,156.72493573264782,411.0,238,26.576330263455663,170,514,144,493,19.223944029963818,1.2752837170738889,82.76955262170046,504.2519280205656,2025-12-11T03:40:00,150120000 milliseconds,6994.3823080047505,0.0619849548742002,0.03664921465968586,0.009779951100244499,0.10760362077497154,0.09718701655557592,119.0,0.306,0.975,0.025000000000000022,0.6442047579646781,"aqua",150120.0,6994.3823080047505,0.04659194183323175
322,"Oon4SG3C8dcJ","9VSVyrUdHRm2","ndZB9cR7Vn3o",384,154.95052083333334,386.0,233,26.551359800684462,164,522,144,498,18.753700728082613,-0.49893980244608827,75.698484809835,510.0859375,2025-12-11T09:38:00,21480000 milliseconds,1524.4715240256207,0.0931828559917861,0.0129366106080207,0.06273525721455459,0.0009400168816319411,0.024764216152797242,79.0,0.206,0.984,0.016000000000000014,0.41655895684879063,"terra",21480.0,1524.4715240256207,0.07097167244067136
323,"OvjGS0ZYU96r",NA,"wWT4121EVfj9",356,651.4775280898876,364.0,877,22.33245874744751,663,1099,640,1078,20.764806909785197,-1.562005892345564,74.76955262170046,1087.8483146067415,2025-12-11T03:40:00,NA,NA,NA,NA,NA,NA,NA,NA,NA,NA,NA,NA,"aqua",NaN,NaN,NaN
323,"OvjGS0ZYU96r","wWT4121EVfj9","sNyq3LOPgmZ5",334,614.6107784431138,380.0,682,24.51544450241383,626,1051,602,1029,19.22749851543219,1.2610577536883372,87.91168824543142,1039.3982035928143,2025-12-12T08:40:00,104400000 milliseconds,15220.402603864844,0.1937670605202399,0.06376811594202898,0.043010752688172046,0.09319459798759633,0.07688020873053493,108.0,0.323,0.962,0.038000000000000034,0.8316207358685721,"terra",104400.0,15220.402603864844,0.14578929697188547
324,"P53jw0D56klE",NA,"IerzWkR7GH6e",1911,228.5688121402407,1986.0,443,57.115195958579775,254,453,204,398,43.35984647610849,-0.7608390652624237,179.92388155425118,424.18942961800104,2025-12-09T04:00:00,NA,NA,NA,NA,NA,NA,NA,NA,NA,NA,NA,NA,"aqua",NaN,NaN,NaN
324,"P53jw0D56klE","IerzWkR7GH6e","uhTQ1BYWlmYa",1822,224.51701427003294,1961.0,366,55.340712749025464,249,445,200,387,43.453380471974064,-0.55100691367164,219.1370849898476,414.744785949506,2025-12-10T03:01:00,82860000 milliseconds,2569.269837982467,0.041177495600328025,0.04768282882400214,0.01266784899923993,0.031558736751985464,0.0021548328325939115,219.0,0.12,0.967,0.03300000000000003,0.28824174300814953,"aqua",82860.0,2569.269837982467,0.031007359859793228
324,"P53jw0D56klE","uhTQ1BYWlmYa","XhDjZXqE80Mk",1926,226.18535825545172,1993.0,388,57.577124444672734,251,448,202,391,43.35299472401761,-0.6671592529522699,182.16652224137044,418.0223260643821,2025-12-10T08:59:00,21480000 milliseconds,919.4305594464794,0.05619991194660632,0.05549626467449306,0.01618614061709661,0.039611309448142375,0.002312865794241503,220.0,0.114,0.966,0.03400000000000003,0.3178064924805799,"terra",21480.0,919.4305594464794,0.04280402976938917
324,"P53jw0D56klE","XhDjZXqE80Mk","IRA3nPi9ieWv",1988,431.7957746478873,2010.0,660,57.3227464954789,457,344,410,289,44.82168288660207,0.5191533643143111,176.85281374238568,318.3274647887324,2025-12-11T09:38:00,88740000 milliseconds,57126.34500267903,0.8551207993814689,0.03168114460909555,0.00849362977766675,0.0044278195808649745,0.03331315072270973,300.0,0.151,0.995,0.0050000000000000044,1.089036544071806,"terra",88740.0,57126.34500267903,0.6437496619639287
324,"P53jw0D56klE","IRA3nPi9ieWv","3lGqk2E8JVZ0",1948,436.04928131416835,1994.0,524,55.926195052471904,461,356,414,304,44.84192139726004,0.48658228129180503,179.4386001800126,330.58880903490757,2025-12-12T08:40:00,82920000 milliseconds,3244.542356821201,0.051962561768436916,0.02032520325203252,0.007992007992007992,0.024663390649274794,0.00045143201234463235,159.0,0.082,0.993,0.007000000000000006,0.19439459567409687,"terra",82920.0,3244.542356821201,0.03912858606875544
325,"P5uUp4W0kRAa",NA,"h5XxMLk2Wfsw",450,186.45111111111112,470.0,372,27.75420889056441,199,475,174,449,21.298827359354966,-0.7838062165692541,88.66904755831214,461.20666666666665,2025-12-09T04:00:00,NA,NA,NA,NA,NA,NA,NA,NA,NA,NA,NA,NA,"aqua",NaN,NaN,NaN
325,"P5uUp4W0kRAa","h5XxMLk2Wfsw","3AzvZ15o96pO",431,182.8027842227378,443.0,314,26.512573826596906,195,467,171,441,21.1631346359259,-0.8432364167800057,82.42640687119284,453.5754060324826,2025-12-10T03:01:00,82860000 milliseconds,2114.6280398582358,0.033890985493360615,0.043132803632236094,0.05914567360350493,0.045760408183359996,0.006391260179835646,54.0,0.125,0.979,0.02100000000000002,0.33432113109229733,"aqua",82860.0,2114.6280398582358,0.02552049287784499
325,"P5uUp4W0kRAa","3AzvZ15o96pO","ziUFRqy6copn",427,187.02810304449648,437.0,331,25.881846404583484,198,467,175,442,21.226432170350886,-0.7159614976309214,81.01219330881975,454.01873536299763,2025-12-10T08:59:00,21480000 milliseconds,1062.1281714323293,0.06492225986750179,0.009324009324009324,0.013636363636363636,0.024076129451588827,0.002986467623708469,48.0,0.112,0.999,0.0010000000000000009,0.22794522990317206,"terra",21480.0,1062.1281714323293,0.04944730779480118
325,"P5uUp4W0kRAa","ziUFRqy6copn","zKxKT7G0hbHr",386,187.54663212435233,392.0,288,24.192975714277903,199,457,176,435,20.48749579972158,-0.8710386873829311,75.59797974644665,446.3264248704663,2025-12-11T09:38:00,88740000 milliseconds,1927.4418460773884,0.02885176028856206,0.1008610086100861,0.10856453558504221,0.0674538867575705,0.03542875996523057,56.0,0.145,0.98,0.020000000000000018,0.5061599512064915,"terra",88740.0,1927.4418460773884,0.021720101939118643
325,"P5uUp4W0kRAa","zKxKT7G0hbHr","6Ug5b35vJTTg",411,203.82968369829683,422.0,130,25.3534694524081,216,474,193,449,20.894807270323334,-0.44636188019877976,81.42640687119285,461.6204379562044,2025-12-12T02:40:00,61320000 milliseconds,5584.826568628071,0.12077912129385966,0.06273525721455459,0.07371007371007371,0.046844682165431625,0.019685297355844473,66.0,0.161,0.98,0.020000000000000018,0.5047544317397641,"aqua",61320.0,5584.826568628071,0.09107675421767891
326,"PKxV2mcuXt4i",NA,"D0oHbsjUHER6",862,657.3712296983758,891.0,1173,39.08215031097918,678,152,640,120,28.897113690559273,1.1087609420142943,119.63961030678928,136.9048723897912,2025-12-09T04:00:00,NA,NA,NA,NA,NA,NA,NA,NA,NA,NA,NA,NA,"aqua",NaN,NaN,NaN
326,"PKxV2mcuXt4i","D0oHbsjUHER6","DuhKFwjjD9rj",801,621.8826466916355,873.0,858,39.88488900329498,639,141,605,106,27.011747561316554,0.5668610792524971,131.53910524340094,123.06117353308365,2025-12-09T09:58:00,21480000 milliseconds,9523.285678606098,0.582107926565165,0.07336139506915214,0.02040816326530612,0.020330981110259133,0.06744426865533636,194.0,0.242,0.976,0.02400000000000002,1.029652734665219,"terra",21480.0,9523.285678606098,0.4433559440691852
326,"PKxV2mcuXt4i","DuhKFwjjD9rj","nVKGRgeWY1p7",843,783.2669039145908,858.0,1021,41.2327283593124,804,283,764,253,26.28609244813708,-1.051938632851657,117.05382386916237,266.8208778173191,2025-12-11T03:40:00,150120000 milliseconds,54032.24214259472,0.47883943763377096,0.051094890510948905,0.01733102253032929,0.03323172942795846,0.02723018842980362,201.0,0.238,0.963,0.03700000000000003,0.8827272685328112,"aqua",150120.0,54032.24214259472,0.3599270060124881
327,"PLo507OIfPxO",NA,"tw5OY0dNY9SJ",449,1065.6169265033407,518.0,1942,29.033446402921342,1080,868,1052,845,22.753977902397196,1.3875816960497516,114.22539674441619,857.3652561247216,2025-12-09T04:00:00,NA,NA,NA,NA,NA,NA,NA,NA,NA,NA,NA,NA,"aqua",NaN,NaN,NaN
327,"PLo507OIfPxO","tw5OY0dNY9SJ","AzlvRxngVSBI",414,1062.6014492753623,486.0,1914,28.841245877559462,1077,859,1049,836,22.657506197869463,1.1789020081882977,113.84671708797582,848.3429951690821,2025-12-10T08:59:00,104340000 milliseconds,2378.2122443144235,0.03029376784044868,0.08111239860950174,0.06374501992031872,0.006641954118059397,0.004248780080154515,143.0,0.345,0.978,0.02200000000000002,0.5530419205684831,"terra",104340.0,2378.2122443144235,0.022792910142940614
327,"PLo507OIfPxO","AzlvRxngVSBI","gaNgEv2Fu9wo",441,1063.875283446712,493.0,1674,27.944505557202806,1078,857,1051,833,23.481859327737787,1.310404688368481,103.9827560572969,845.6848072562358,2025-12-11T09:38:00,88740000 milliseconds,736.9114802717397,0.011030783328669108,0.06315789473684211,0.014300306435137897,0.03158328621879265,0.035733180137070164,94.0,0.213,0.983,0.017000000000000015,0.38580545085651197,"terra",88740.0,736.9114802717397,0.00830416362713252
328,"PMIn6Ymr6O8u",NA,"uw0JwrmLAlYt",515,504.7533980582524,556.0,567,35.57304661794505,519,359,492,324,19.557012375425433,0.4084098333225742,112.22539674441617,341.51067961165046,2025-12-12T02:40:00,NA,NA,NA,NA,NA,NA,NA,NA,NA,NA,NA,NA,"aqua",NaN,NaN,NaN
328,"PMIn6Ymr6O8u","uw0JwrmLAlYt","TPLWnmTXeTAn",576,509.76215277777777,609.0,613,39.04695959561822,520,337,499,299,19.607412854672845,0.347642966126376,107.25483399593905,318.1875,2025-12-12T08:40:00,21600000 milliseconds,5963.735883643298,0.3625371357837871,0.11182401466544455,0.09098712446351931,0.09310942611638999,0.002573788786701152,154.0,0.267,0.996,0.0040000000000000036,0.932031489815842,"terra",21600.0,5963.735883643298,0.2760988835020045
329,"PMl6TwGA0NeI",NA,"1Opje4Jo4Vkb",558,1026.173835125448,634.0,1879,37.23471209043735,1045,959,1010,935,21.310805044858554,-1.5605828388346457,115.39696961966999,946.8870967741935,2025-12-09T04:00:00,NA,NA,NA,NA,NA,NA,NA,NA,NA,NA,NA,NA,"aqua",NaN,NaN,NaN
329,"PMl6TwGA0NeI","1Opje4Jo4Vkb","Byv9h7DuO6qF",503,1024.7037773359841,598.0,1841,37.36103469513004,1043,951,1009,928,19.515097703891342,-1.5559059452805661,110.63961030678927,939.9324055666004,2025-12-10T08:59:00,104340000 milliseconds,1777.090313147736,0.022636651336191783,0.10367577756833177,0.05844155844155844,0.0033868581021332294,0.08796902064938159,83.0,0.165,0.985,0.015000000000000013,0.45610986609759685,"terra",104340.0,1777.090313147736,0.017031726213798504
329,"PMl6TwGA0NeI","Byv9h7DuO6qF","qcliss8vhFvI",542,1023.7140221402213,626.0,1616,37.68128437244828,1043,947,1008,923,20.881103481650257,-1.5362610829003822,113.9827560572969,935.4188191881918,2025-12-11T09:38:00,88740000 milliseconds,1155.2077016411133,0.017292234138778735,0.07464114832535886,0.0457516339869281,0.008535175386300314,0.06763040769525766,57.0,0.105,0.983,0.017000000000000015,0.3358505995326237,"terra",88740.0,1155.2077016411133,0.013017891611912477
330,"PS4CO6BeUdUE",NA,"IWCbDqC0QY41",396,959.5126262626262,408.0,1415,23.761963803746088,970,1045,949,1022,21.637342864534332,-0.7257620703363893,77.59797974644665,1033.8333333333333,2025-12-09T09:58:00,NA,NA,NA,NA,NA,NA,NA,NA,NA,NA,NA,NA,"terra",NaN,NaN,NaN
330,"PS4CO6BeUdUE","IWCbDqC0QY41","qnmroVfpqrda",395,910.3873417721519,422.0,1642,25.713703405384422,921,1086,900,1061,20.267063815525784,0.291088651835797,86.25483399593904,1073.9949367088607,2025-12-10T08:59:00,82860000 milliseconds,15863.180564524277,0.2542380088873191,0.0025284450063211127,0.033734939759036145,0.07889694921701426,0.06540023627923527,74.0,0.187,0.974,0.026000000000000023,0.647798579148926,"terra",82860.0,15863.180564524277,0.19144557765537384
330,"PS4CO6BeUdUE","qnmroVfpqrda","3e62WIZ0kUeW",368,921.1195652173913,398.0,1144,27.544802724085574,932,1094,909,1066,18.54245386280242,0.4573707528826074,89.49747468305833,1079.391304347826,2025-12-11T03:40:00,67260000 milliseconds,3003.1379814851325,0.059239332902359845,0.07077326343381389,0.05853658536585366,0.0687626992108941,0.08887561896634492,125.0,0.34,0.989,0.01100000000000001,0.6971874998792664,"aqua",67260.0,3003.1379814851325,0.04464968750349588
331,"PWNkqs2kCPqt",NA,"rkLO05EwAmPQ",329,940.4650455927052,332.0,1563,21.5991224281013,951,311,931,291,19.88379468996988,0.5835114503997304,68.2842712474619,302.2826747720365,2025-12-10T03:01:00,NA,NA,NA,NA,NA,NA,NA,NA,NA,NA,NA,NA,"aqua",NaN,NaN,NaN
331,"PWNkqs2kCPqt","rkLO05EwAmPQ","wpBRILfvxLUM",340,947.3882352941176,345.0,1710,22.795823523897838,959,325,937,304,19.549783335966243,0.7822021412889376,71.35533905932738,315.95882352941175,2025-12-10T08:59:00,21480000 milliseconds,3832.163231090888,0.23423980630139904,0.03288490284005979,0.03840472673559823,0.05391159151721637,0.016940453832718437,54.0,0.159,0.993,0.007000000000000006,0.5423814812269918,"terra",21480.0,3832.163231090888,0.17840610945488306
331,"PWNkqs2kCPqt","wpBRILfvxLUM","LN8Og3frEw3t",340,944.7294117647059,347.0,1168,22.96893582612687,955,303,934,281,19.56117971189743,0.41822484153057576,73.35533905932738,293.7176470588235,2025-12-11T03:40:00,67260000 milliseconds,5599.884336731884,0.11046226130253248,0.0,0.005780346820809248,0.007565310281870375,0.0005827714299564103,67.0,0.197,0.993,0.007000000000000006,0.3283906898351685,"aqua",67260.0,5599.884336731884,0.08325727530080113
332,"PXNq4vY8svYV",NA,"nzJg9uBYHSPL",320,490.0375,354.0,743,27.531829009611236,502,617,477,597,16.212753972892102,1.1721027737143368,80.91168824543142,606.8375,2025-12-10T03:01:00,NA,NA,NA,NA,NA,NA,NA,NA,NA,NA,NA,NA,"aqua",NaN,NaN,NaN
332,"PXNq4vY8svYV","nzJg9uBYHSPL","YtlP8iqoT0sf",347,487.20461095100865,389.0,549,28.545396396043518,500,621,476,598,16.841878247181132,-0.8827763372237213,97.56854249492379,608.0028818443805,2025-12-12T02:40:00,171540000 milliseconds,765.807384688984,0.005940866410837314,0.08095952023988005,0.09421265141318977,0.03614898487221071,0.0380657252575316,103.0,0.297,0.964,0.03600000000000003,0.5883277481936495,"aqua",171540.0,765.807384688984,0.004464307943855567
333,"PbCn8h2WFy2g",NA,"hk7aJKNHC2Fp",533,310.484052532833,617.0,617,38.62186915098579,331,304,293,281,19.19576722854738,1.3307178234321393,116.12489168102783,293.2926829268293,2025-12-09T04:00:00,NA,NA,NA,NA,NA,NA,NA,NA,NA,NA,NA,NA,"aqua",NaN,NaN,NaN
333,"PbCn8h2WFy2g","hk7aJKNHC2Fp","ffDkhrYfZWfM",584,428.52054794520546,605.0,593,43.32725826346146,437,444,419,404,17.719477396679377,-0.00781841403909898,107.84062043356595,425.1746575342466,2025-12-09T09:58:00,21480000 milliseconds,44247.5066215505,2.7046153191656783,0.09131602506714413,0.019639934533551555,0.11483683257977274,0.07998266552778849,198.0,0.339,0.994,0.006000000000000005,3.3553907768739353,"terra",21480.0,44247.5066215505,2.059939786850582
334,"PfR8PyOtUeba",NA,"HbLtogY1iToz",367,207.09536784741144,396.0,422,24.179575333239747,217,622,196,597,21.38104639517944,-0.20380406951338997,85.84062043356595,609.1907356948229,2025-12-09T04:00:00,NA,NA,NA,NA,NA,NA,NA,NA,NA,NA,NA,NA,"aqua",NaN,NaN,NaN
334,"PfR8PyOtUeba","HbLtogY1iToz","KZr3nybU39mb",324,221.60493827160494,381.0,378,23.480887738422847,231,615,211,592,20.687258146562183,-0.1436245189603846,84.42640687119284,603.9691358024692,2025-12-11T03:40:00,171600000 milliseconds,3855.132450144057,0.029896335402435494,0.12445730824891461,0.03861003861003861,0.02931937919975087,0.032983893987401154,84.0,0.259,0.992,0.008000000000000007,0.5222669554485407,"aqua",171600.0,3855.132450144057,0.022465806819021314
335,"PjOOESJW3KSQ",NA,"YFPAWIRqV6HS",386,997.4896373056995,404.0,1835,23.637831097630226,1010,151,986,128,21.914787418001325,0.9732860420979779,93.53300858899107,140.30310880829015,2025-12-09T04:00:00,NA,NA,NA,NA,NA,NA,NA,NA,NA,NA,NA,NA,"aqua",NaN,NaN,NaN
335,"PjOOESJW3KSQ","YFPAWIRqV6HS","KUOLtE1PWISU",364,1058.7692307692307,429.0,1552,25.05888910100263,1074,141,1050,116,21.515123176005613,0.8603057840097698,84.76955262170047,127.58791208791209,2025-12-09T09:58:00,21480000 milliseconds,15646.215202672762,0.9563701224127605,0.058666666666666666,0.060024009603841535,0.0583636022128776,0.018405022553781777,115.0,0.316,0.987,0.013000000000000012,1.4808294234499282,"terra",21480.0,15646.215202672762,0.7284085289884898
335,"PjOOESJW3KSQ","KUOLtE1PWISU","S60KZf351Vk8",340,1091.7205882352941,388.0,1972,25.795069313070726,1104,202,1081,179,19.843801935577876,-0.7079641274137795,98.91168824543142,189.74411764705883,2025-12-10T08:59:00,82860000 milliseconds,17587.61255892766,0.2818753515334187,0.06818181818181818,0.1003671970624235,0.028952720103863717,0.08082034220757088,132.0,0.388,0.961,0.039000000000000035,0.987197429089095,"terra",82860.0,17587.61255892766,0.212256970298427
336,"PndGCtG7Yyxx",NA,"FenJv8FG35As",1138,396.427065026362,1183.0,794,47.4463030242032,414,739,380,691,31.316943281642136,-0.3396403826010359,141.1959594928933,715.4068541300527,2025-12-09T04:00:00,NA,NA,NA,NA,NA,NA,NA,NA,NA,NA,NA,NA,"aqua",NaN,NaN,NaN
336,"PndGCtG7Yyxx","FenJv8FG35As","EOS1MNWgJ1zx",1027,408.18889970788706,1051.0,526,45.15798725660738,424,748,393,703,29.37971435939119,-0.34625782100659075,126.46803743153546,725.1703992210321,2025-12-09T09:58:00,21480000 milliseconds,3821.5471982816816,0.2335909045404451,0.10254041570438799,0.11817367949865712,0.049421376928796786,0.06383313340605767,131.0,0.128,0.979,0.02100000000000002,0.7165595100783446,"terra",21480.0,3821.5471982816816,0.17791188073937064
336,"PndGCtG7Yyxx","EOS1MNWgJ1zx","WL8S6yEnvIpJ",1114,401.229802513465,1148.0,753,46.302331787255596,419,732,384,686,31.20914200366812,-0.3719675979100539,135.19595949289334,709.3509874326751,2025-12-10T08:59:00,82860000 milliseconds,4320.610656283303,0.06924610395517754,0.0812704343764596,0.08822191905411551,0.02502384733863456,0.06038825467556841,104.0,0.093,0.992,0.008000000000000007,0.4251505593999556,"terra",82860.0,4320.610656283303,0.0521435029722822
336,"PndGCtG7Yyxx","WL8S6yEnvIpJ","HPKhfBF8C82D",999,353.32232232232235,1111.0,550,45.59671101277124,370,705,336,656,29.35062839502956,-0.24326376242206002,144.8528137423857,681.3473473473473,2025-12-11T09:38:00,88740000 milliseconds,13872.928936181124,0.20766303324872576,0.10884997633696167,0.03275785745905268,0.015356433603335702,0.06137782876001548,249.0,0.249,0.979,0.02100000000000002,0.6960051294080913,"terra",88740.0,13872.928936181124,0.15633230714650806
337,"PrqS2R38eXsB",NA,"pc0Bzf7fQfhG",469,402.4733475479744,473.0,763,25.291603316260247,414,593,389,569,24.127970520338877,1.129680581044274,82.42640687119285,581.7036247334755,2025-12-10T08:59:00,NA,NA,NA,NA,NA,NA,NA,NA,NA,NA,NA,NA,"terra",NaN,NaN,NaN
337,"PrqS2R38eXsB","pc0Bzf7fQfhG","iV231Wzyyg4R",442,415.3438914027149,455.0,644,24.56619173616261,428,606,403,583,23.572805922287607,-1.532887188219861,85.84062043356595,594.5067873303168,2025-12-11T03:40:00,67260000 milliseconds,4538.528613424413,0.08952615866307158,0.059275521405049394,0.03879310344827586,0.029099224277162793,0.023276962743741116,59.0,0.133,0.986,0.014000000000000012,0.3869709705373008,"aqua",67260.0,4538.528613424413,0.06747738051478462
338,"Pv1YpIi1PUKI",NA,"8f5YGpgWf2eb",396,963.3535353535353,409.0,1766,28.165978602627494,973,386,953,358,18.726923060548994,0.008209370180401576,80.76955262170047,373.550505050505,2025-12-09T04:00:00,NA,NA,NA,NA,NA,NA,NA,NA,NA,NA,NA,NA,"aqua",NaN,NaN,NaN
338,"Pv1YpIi1PUKI","8f5YGpgWf2eb","HJIfgCdaiMGA",399,953.8872180451128,409.0,1590,27.184620014346628,964,356,945,329,19.447935128054578,0.25761775355468153,79.35533905932738,343.546365914787,2025-12-10T03:01:00,82860000 milliseconds,7865.508282444573,0.12605991317324422,0.007547169811320755,0.0,0.035459728089730795,0.037774184461585175,37.0,0.093,1.0,0.0,0.29984099553588095,"aqua",82860.0,7865.508282444573,0.09492527495105688
338,"Pv1YpIi1PUKI","HJIfgCdaiMGA","mRQ0uxfdwlmt",403,957.3970223325063,415.0,1731,27.131202322339192,968,369,948,343,19.57672703423492,0.18521480439111562,78.76955262170047,357.258064516129,2025-12-10T08:59:00,21480000 milliseconds,3538.4442615174357,0.216286324053633,0.00997506234413965,0.014563106796116505,0.001966929329590823,0.006600539199788265,35.0,0.087,0.994,0.006000000000000005,0.34239196172326825,"terra",21480.0,3538.4442615174357,0.16473204197008545
338,"Pv1YpIi1PUKI","mRQ0uxfdwlmt","ITpvCTguqcrY",431,959.0951276102088,443.0,1179,29.005082822484294,969,348,950,320,19.534175972691482,0.19821133290076107,83.59797974644667,334.88399071925755,2025-12-11T03:40:00,67260000 milliseconds,5609.605265758522,0.11065401451343372,0.0671462829736211,0.06526806526806526,0.06676182776650652,0.00217591813392305,62.0,0.144,0.986,0.014000000000000012,0.4700061086555497,"aqua",67260.0,5609.605265758522,0.08340180294020996
339,"Pz14Siih6Kbu",NA,"VF7qWg0hVu76",505,1065.770297029703,519.0,1946,29.603725119042576,1077,921,1055,894,22.274937312479118,-0.33470418157809606,88.76955262170047,906.8514851485148,2025-12-09T04:00:00,NA,NA,NA,NA,NA,NA,NA,NA,NA,NA,NA,NA,"aqua",NaN,NaN,NaN
339,"Pz14Siih6Kbu","VF7qWg0hVu76","9Qc2mu5MNWLF",533,1063.2120075046905,566.0,1821,30.07167393604703,1074,914,1052,886,23.318784276265912,-0.17997474720437412,93.01219330881976,900.0637898686679,2025-12-10T03:01:00,82860000 milliseconds,1813.4506559637416,0.029064038079393246,0.05394990366088632,0.08663594470046083,0.015683139934178438,0.04578906601230254,54.0,0.101,0.989,0.01100000000000001,0.3431220923872214,"aqua",82860.0,1813.4506559637416,0.02188571875408812
339,"Pz14Siih6Kbu","9Qc2mu5MNWLF","BGVSE7F0YTZe",520,1063.9846153846154,546.0,1917,29.365266606047264,1075,914,1052,887,23.525641154110513,-0.11776176013010767,94.42640687119285,900.6,2025-12-10T08:59:00,21480000 milliseconds,235.11223929556994,0.014371163771122856,0.024691358024691357,0.03597122302158273,0.023769976164889458,0.008831653967110617,63.0,0.121,0.999,0.0010000000000000009,0.229635374949397,"terra",21480.0,235.11223929556994,0.01094563497651629
339,"Pz14Siih6Kbu","BGVSE7F0YTZe","GOHZf06sz8kq",537,1064.4283054003724,565.0,1676,29.991943485906795,1076,910,1053,881,23.83204895707019,-0.10276944577160307,94.42640687119285,896.1675977653631,2025-12-11T09:38:00,88740000 milliseconds,1113.6384736444122,0.01666998688188627,0.03216650898770104,0.034203420342034205,0.021115442551585747,0.012940149835869455,51.0,0.095,0.997,0.0030000000000000027,0.21509550859907672,"terra",88740.0,1113.6384736444122,0.012549453162546903
339,"Pz14Siih6Kbu","GOHZf06sz8kq","jSDy2NZSuJiq",518,1081.4980694980695,546.0,1038,31.610735574183895,1097,783,1066,760,21.344433670241227,-1.3180219284557158,94.32590180780453,770.5772200772201,2025-12-12T08:40:00,82920000 milliseconds,31686.274447899203,0.5074675600240103,0.03601895734597156,0.034203420342034205,0.052555898963356454,0.11012877241244434,100.0,0.193,0.992,0.008000000000000007,0.9413746090878168,"terra",82920.0,31686.274447899203,0.38213066145561025
340,"Q3DbCLCAnos2",NA,"JXNbpKlzxVjd",693,251.72582972582973,728.0,381,34.92371246481059,266,281,240,244,26.269099107455407,0.20334097895703418,110.94722215136417,262.3304473304473,2025-12-11T09:38:00,NA,NA,NA,NA,NA,NA,NA,NA,NA,NA,NA,NA,"terra",NaN,NaN,NaN
340,"Q3DbCLCAnos2","JXNbpKlzxVjd","GxnN9zLy3vHW",686,258.731778425656,697.0,222,34.90277574509626,273,293,248,258,25.957191905610248,0.19991179950346002,106.08326112068524,276.00583090379007,2025-12-12T02:40:00,61320000 milliseconds,3841.381856365703,0.08307486713593648,0.01015228426395939,0.04350877192982456,0.0005996784386863845,0.011944451570077145,57.0,0.083,0.994,0.006000000000000005,0.23828005333848395,"aqua",61320.0,3841.381856365703,0.06264484436343286
340,"Q3DbCLCAnos2","GxnN9zLy3vHW","LFBqlwuafTMs",685,252.0116788321168,709.0,267,34.9476718108046,266,287,241,253,25.88678081986248,0.2600429248556807,109.49747468305833,270.9021897810219,2025-12-12T08:40:00,21600000 milliseconds,2109.604395039154,0.12824342826985738,0.0014587892049598833,0.017069701280227598,0.0012854911394064648,0.002716268914059227,45.0,0.066,0.989,0.01100000000000001,0.22777367880851057,"terra",21600.0,2109.604395039154,0.09766687014070158
341,"Q6t8xtxTYQHq",NA,"Az9As42QIROo",403,699.9255583126551,407.0,1075,23.913848681836374,712,525,688,502,21.82092834240498,1.0284625831153964,78.42640687119285,512.9602977667494,2025-12-10T03:01:00,NA,NA,NA,NA,NA,NA,NA,NA,NA,NA,NA,NA,"aqua",NaN,NaN,NaN
341,"Q6t8xtxTYQHq","Az9As42QIROo","wsHKobIhVh9k",434,699.6751152073733,442.0,1240,26.212343442953664,714,536,687,514,21.620702840976236,1.1659974702542018,81.59797974644665,524.4585253456221,2025-12-10T08:59:00,21480000 milliseconds,2875.2386770985268,0.17574808539722045,0.07407407407407407,0.08244994110718493,0.09170833305650454,0.009218139189273382,57.0,0.131,0.987,0.013000000000000012,0.5771985728242575,"terra",21480.0,2875.2386770985268,0.13385654921315301
341,"Q6t8xtxTYQHq","wsHKobIhVh9k","2APMub9pJqj5",412,706.1043689320388,422.0,1101,24.434994150497943,717,521,694,497,21.87763988292259,0.8138989173545662,79.59797974644665,508.82766990291265,2025-12-11T09:38:00,88740000 milliseconds,4225.362006140752,0.06324918802695535,0.05200945626477541,0.046296296296296294,0.07018530003383718,0.011813647410763923,93.0,0.226,0.992,0.008000000000000007,0.4775538880326281,"terra",88740.0,4225.362006140752,0.0476150778244394
341,"Q6t8xtxTYQHq","2APMub9pJqj5","XgMUQ7F0J2Oe",402,719.4228855721393,411.0,755,25.571531682208114,733,521,707,499,20.548732977697416,1.4235935573305833,78.66904755831214,509.19154228855723,2025-12-12T08:40:00,82920000 milliseconds,3330.8715883165264,0.05334515676355744,0.02457002457002457,0.026410564225690276,0.04545556855968728,0.06264532250215812,95.0,0.236,0.992,0.008000000000000007,0.4564266366211177,"terra",82920.0,3330.8715883165264,0.040169700775645516
342,"Q7mUBNdwLOsN",NA,"yEb9mAJZOPxZ",314,24.095541401273884,354.0,42,32.657409054569854,33,671,14,642,13.317416701190899,0.42880033716929267,85.25483399593904,656.2547770700637,2025-12-09T04:00:00,NA,NA,NA,NA,NA,NA,NA,NA,NA,NA,NA,NA,"aqua",NaN,NaN,NaN
342,"Q7mUBNdwLOsN","yEb9mAJZOPxZ","rocoHW96mTpp",337,26.9080118694362,353.0,53,28.860042712204866,36,600,20,573,15.41954013701132,0.15276924315557946,76.52691193458118,586.3976261127597,2025-12-10T08:59:00,104340000 milliseconds,17478.435874681854,0.22264105311358326,0.0706605222734255,0.002828854314002829,0.12345655528000682,0.14630104695191024,88.0,0.261,0.986,0.014000000000000012,0.8408880319329286,"terra",104340.0,17478.435874681854,0.1675142407004203
342,"Q7mUBNdwLOsN","rocoHW96mTpp","TJJXU5NrQYdV",332,35.575301204819276,351.0,52,28.95502016322267,44,618,28,591,14.914647063426155,0.16416132291571936,76.35533905932738,604.394578313253,2025-12-11T03:40:00,67260000 milliseconds,4993.822389525919,0.09850719774190589,0.014947683109118086,0.005681818181818182,0.0032855607619920687,0.033288716143868344,40.0,0.12,0.993,0.007000000000000006,0.2827109759387026,"aqua",67260.0,4993.822389525919,0.07424654162244898
343,"QTszaS0cvdJK",NA,"NmxKOMkywAco",314,1018.7866242038217,335.0,1873,26.68835220758375,1031,326,1007,305,16.23859402658895,0.9736174727913516,75.84062043356593,315.6783439490446,2025-12-09T04:00:00,NA,NA,NA,NA,NA,NA,NA,NA,NA,NA,NA,NA,"aqua",NaN,NaN,NaN
343,"QTszaS0cvdJK","NmxKOMkywAco","yZXB6eFvhmn5",326,1026.644171779141,368.0,1749,27.05087035409986,1039,242,1015,221,17.09406928836621,-1.0123169468044781,96.91168824543142,231.7883435582822,2025-12-10T03:01:00,82860000 milliseconds,21064.296243081142,0.3375959010029833,0.0375,0.09388335704125178,0.013491752550011275,0.051329547458839914,91.0,0.279,0.947,0.05300000000000005,0.8658005580530863,"aqua",82860.0,21064.296243081142,0.2542154989510155
343,"QTszaS0cvdJK","yZXB6eFvhmn5","rOFyb6kNpaJm",376,1037.0,419.0,1870,28.923370453346227,1050,260,1025,236,18.680605210121435,-0.9824633133208491,107.1543289325507,248.73138297872342,2025-12-10T08:59:00,21480000 milliseconds,4964.308631008975,0.3034418478611843,0.14245014245014245,0.12960609911054638,0.06690577923826965,0.08869603673527734,98.0,0.261,0.975,0.025000000000000022,1.0170999053954202,"terra",21480.0,4964.308631008975,0.23111306475833215
344,"QXoz36qrQYC9",NA,"DKDRzAJT91Sx",1789,1081.103409726104,1953.0,1824,55.6372477509581,1106,121,1054,73,43.2646229514417,-0.6583166698133098,192.8528137423857,97.89379541643376,2025-12-10T03:01:00,NA,NA,NA,NA,NA,NA,NA,NA,NA,NA,NA,NA,"aqua",NaN,NaN,NaN
344,"QXoz36qrQYC9","DKDRzAJT91Sx","FRIOOaggJC2p",1613,1081.4122752634842,1750.0,1273,50.978607227829386,1104,98,1059,50,42.16332601993771,-0.3343146266078368,192.16652224137047,73.30130192188469,2025-12-12T02:40:00,171540000 milliseconds,6148.608248008343,0.04769875682097935,0.10346854791299236,0.10964083175803403,0.08739113941459475,0.02578305916891324,410.0,0.254,0.994,0.006000000000000005,0.6339823350755137,"aqua",171540.0,6148.608248008343,0.035843583117688836
345,"QbODmX6Xy7l1",NA,"cS03h6nv2l83",730,274.78767123287673,755.0,278,35.42253674949405,289,302,262,266,27.343522816472337,0.20270907052717685,108.32590180780451,284.64794520547946,2025-12-09T09:58:00,NA,NA,NA,NA,NA,NA,NA,NA,NA,NA,NA,NA,"terra",NaN,NaN,NaN
345,"QbODmX6Xy7l1","cS03h6nv2l83","0ugSJAkALCDS",810,487.84444444444443,877.0,719,36.67216011294765,503,410,474,375,29.588328120908134,-0.39907844557293937,124.8111831820431,392.5814814814815,2025-12-11T03:40:00,150120000 milliseconds,59709.10570443194,0.5291484022016301,0.1038961038961039,0.14950980392156862,0.03466616596884818,0.07885938248889415,216.0,0.267,0.971,0.029000000000000026,1.1920798584770451,"aqua",150120.0,59709.10570443194,0.3977425106876628
345,"QbODmX6Xy7l1","0ugSJAkALCDS","kKPdx0ply8di",781,424.02432778489117,895.0,447,36.13262204987236,441,462,407,425,31.680007681835637,0.7845763303953808,150.1959594928933,445.6158770806658,2025-12-12T02:40:00,82800000 milliseconds,20744.960844458365,0.33271789646284466,0.036455059710873663,0.020316027088036117,0.014821500650016991,0.06827930067047232,235.0,0.301,0.972,0.028000000000000025,0.8015897845822437,"aqua",82800.0,20744.960844458365,0.2505430053678546
346,"Qbfb4DhT6AAn",NA,"D9uHbYEQyZOS",2057,934.9640252795333,2158.0,1693,70.68092605424441,958,892,914,817,37.929465853064976,-0.03912313576460805,209.7228714274745,855.7515799708314,2025-12-09T04:00:00,NA,NA,NA,NA,NA,NA,NA,NA,NA,NA,NA,NA,"aqua",NaN,NaN,NaN
346,"Qbfb4DhT6AAn","D9uHbYEQyZOS","42sEWMlIMHym",2080,950.9442307692308,2141.0,1390,70.88975495809649,972,917,930,843,38.060424280594965,-0.0003716793587525023,204.40916292848974,880.8980769230769,2025-12-09T09:58:00,21480000 milliseconds,7448.629389283026,0.45529519494395027,0.011119168479574571,0.007908816003721796,0.0029501716366523087,0.0034467329088025975,85.0,0.041,0.996,0.0040000000000000036,0.5257200839727015,"terra",21480.0,7448.629389283026,0.34677045573943327
346,"Qbfb4DhT6AAn","42sEWMlIMHym","ff8dVZvIJawv",2021,938.6378030677882,2065.0,1540,70.74437181151177,958,866,918,791,37.0458429774841,0.014028945376965304,196.99494936611666,830.2142503711034,2025-12-10T03:01:00,61380000 milliseconds,13039.120073650893,0.2817137317414042,0.028773469885393806,0.03613884926295768,0.002052939498419196,0.027017220803280673,170.0,0.084,0.987,0.013000000000000012,0.47269621119145555,"aqua",61380.0,13039.120073650893,0.21243271543908265
346,"Qbfb4DhT6AAn","ff8dVZvIJawv","nys9LlUIeNiZ",2063,945.3378574890936,2109.0,1474,71.32001400553796,965,858,925,783,37.43598308677475,0.01587200451391265,197.23759005323595,821.9006301502666,2025-12-11T09:38:00,110220000 milliseconds,2669.3516350506384,0.03219383266056369,0.02056807051909892,0.021082894106372783,0.008103962027013559,0.010476115581646902,104.0,0.05,0.999,0.0010000000000000009,0.14342487489469588,"terra",110220.0,2669.3516350506384,0.02421839625340808
346,"Qbfb4DhT6AAn","nys9LlUIeNiZ","yHRmEqkabVuH",2048,953.58251953125,2086.0,1055,72.48556259636605,972,844,933,769,36.66765070655346,-0.0743319501314468,194.50966799187808,806.63232421875,2025-12-12T02:40:00,61320000 milliseconds,4338.026756255074,0.09381545753146787,0.0072974945268791044,0.010965435041716329,0.016210061089003178,0.020736699157402554,130.0,0.063,0.999,0.0010000000000000009,0.21302514734646905,"aqua",61320.0,4338.026756255074,0.07074407625986749
347,"QfJUmwdMx16Y",NA,"Q9m1kanIGtUn",514,1147.1050583657589,567.0,2091,36.24335129927164,1165,1124,1131,1100,19.231570421756366,-1.2218329057593946,99.77564927611036,1111.7665369649806,2025-12-09T04:00:00,NA,NA,NA,NA,NA,NA,NA,NA,NA,NA,NA,NA,"aqua",NaN,NaN,NaN
347,"QfJUmwdMx16Y","Q9m1kanIGtUn","aNbQ5C7hXasL",436,1174.3646788990825,447.0,1679,30.904369290990687,1190,1129,1160,1112,18.484845326480713,-1.4743760923780518,85.59797974644667,1119.9036697247707,2025-12-09T09:58:00,21480000 milliseconds,7112.048936361665,0.43472181762601864,0.16421052631578947,0.23668639053254437,0.15902198797959505,0.03959682172665395,110.0,0.252,0.966,0.03400000000000003,1.3202375441806016,"terra",21480.0,7112.048936361665,0.33110097469095273
347,"QfJUmwdMx16Y","aNbQ5C7hXasL","GrxRrQOeGWcw",503,1138.9542743538768,527.0,1960,35.80757782478521,1156,1137,1122,1113,18.647712764732937,-1.1688165496140972,95.39696961966999,1124.948310139165,2025-12-10T03:01:00,61380000 milliseconds,8941.983654947815,0.193193986279525,0.14270500532481364,0.16427104722792607,0.14699641505846636,0.008772217516075848,111.0,0.221,0.983,0.017000000000000015,0.8939386714068069,"aqua",61380.0,8941.983654947815,0.145682366486605
347,"QfJUmwdMx16Y","GrxRrQOeGWcw","J3TZE2PTu2Ut",482,1140.701244813278,493.0,2051,35.14599342816241,1158,1127,1124,1104,18.064287572185513,-1.155326779354713,92.91168824543142,1115.045643153527,2025-12-10T08:59:00,21480000 milliseconds,2513.8953738976643,0.15366108642406262,0.04263959390862944,0.06666666666666667,0.01864837484400239,0.031783895576004195,57.0,0.118,0.999,0.0010000000000000009,0.4323996174193653,"terra",21480.0,2513.8953738976643,0.11703423528387637
347,"QfJUmwdMx16Y","J3TZE2PTu2Ut","ZqReAfDIURg3",485,1148.1154639175259,499.0,1773,33.505849574512716,1164,1150,1132,1126,19.063073449488922,-1.0871490324155686,92.91168824543142,1137.8309278350516,2025-12-11T09:38:00,88740000 milliseconds,5990.30384738494,0.08966849558244054,0.0062047569803516025,0.012096774193548387,0.04778149520576705,0.05380322488960803,50.0,0.103,0.999,0.0010000000000000009,0.3135547468517156,"terra",88740.0,5990.30384738494,0.06750398746207956
347,"QfJUmwdMx16Y","ZqReAfDIURg3","5j3V3iCSS32p",506,1176.2193675889328,513.0,1441,35.05802338562352,1192,1176,1160,1150,18.93405318978532,-0.9542649927002622,94.5685424949238,1163.2628458498023,2025-12-12T02:40:00,61320000 milliseconds,9475.665726878759,0.2049235667577586,0.04238143289606458,0.02766798418972332,0.045276725018531416,0.006791053488252171,56.0,0.111,0.999,0.0010000000000000009,0.43904076235033007,"aqua",61320.0,9475.665726878759,0.1545281429693209
347,"QfJUmwdMx16Y","5j3V3iCSS32p","cJibCoQvIZGs",499,1172.0340681362725,511.0,1153,36.02590998968054,1189,1171,1155,1147,18.263498294998612,-1.1527490606159827,95.15432893255071,1158.945891783567,2025-12-12T08:40:00,21600000 milliseconds,1503.180459858844,0.09137875135920025,0.013930348258706468,0.00390625,0.02723221853655284,0.036053711495553996,35.0,0.07,0.993,0.007000000000000006,0.24950127965001356,"terra",21600.0,1503.180459858844,0.06959168795642796
348,"QkASLsHR6Pv4",NA,"fmCDrC5tTKu3",667,490.8065967016492,693.0,722,34.67011863811329,504,865,476,833,25.249337487598837,-0.4900493646528015,106.56854249492379,849.2998500749625,2025-12-11T03:40:00,NA,NA,NA,NA,NA,NA,NA,NA,NA,NA,NA,NA,"aqua",NaN,NaN,NaN
348,"QkASLsHR6Pv4","fmCDrC5tTKu3","AzBxtOa2zMYl",632,535.506329113924,687.0,631,32.97128851027666,553,827,518,802,25.886021138625022,-1.3507637852082113,119.53300858899105,814.8955696202531,2025-12-12T08:40:00,104400000 milliseconds,14101.685606992321,0.1795249599871715,0.05388760585065435,0.008695652173913044,0.05023047862117298,0.02490189442808263,156.0,0.247,0.961,0.039000000000000035,0.6032405910609946,"terra",104400.0,14101.685606992321,0.1350736169252138
349,"QlXyMNC88zzj",NA,"sEgTlTV3CcbG",924,456.93290043290045,1002.0,887,46.61151930805145,480,949,434,918,26.450731680252925,-1.2865512628144118,143.46803743153546,934.5984848484849,2025-12-09T04:00:00,NA,NA,NA,NA,NA,NA,NA,NA,NA,NA,NA,NA,"aqua",NaN,NaN,NaN
349,"QlXyMNC88zzj","sEgTlTV3CcbG","pG0JwNRsClx1",942,470.3619957537155,1019.0,638,45.44925234363074,494,956,448,923,28.154620447563865,-1.3535225200280148,139.29646455628165,940.6889596602972,2025-12-09T09:58:00,21480000 milliseconds,3686.4149638305225,0.22533098800920065,0.01929260450160772,0.01682335477486393,0.02524999396742449,0.06240739051815226,177.0,0.188,0.989,0.01100000000000001,0.5481043317712491,"terra",21480.0,3686.4149638305225,0.17162080837199825
349,"QlXyMNC88zzj","pG0JwNRsClx1","MvSoId6sbPpG",957,460.7241379310345,1033.0,846,46.78411676327974,484,942,437,910,27.145238988521275,-1.3144281338418724,142.12489168102783,926.6645768025078,2025-12-10T08:59:00,82860000 milliseconds,4254.200996897594,0.06818176130936124,0.01579778830963665,0.01364522417153996,0.02894536831028518,0.036505751346772225,128.0,0.134,0.994,0.006000000000000005,0.3030758934475953,"terra",82860.0,4254.200996897594,0.051342034719980625
350,"QpHuAP9xQbnL",NA,"AlX1TSUnEnVP",417,816.8369304556355,461.0,1500,36.01111345288472,825,121,807,87,15.600689151973498,-0.23365326918521645,99.74011537017762,104.8537170263789,2025-12-09T04:00:00,NA,NA,NA,NA,NA,NA,NA,NA,NA,NA,NA,NA,"aqua",NaN,NaN,NaN
350,"QpHuAP9xQbnL","AlX1TSUnEnVP","43d5O9ZOalc8",364,756.3956043956044,434.0,1061,39.10890389163111,773,147,738,128,13.899638558520858,1.3141241148424245,102.32590180780451,136.53571428571428,2025-12-09T09:58:00,21480000 milliseconds,17060.375959799963,1.0428102664914403,0.1357234314980794,0.060335195530726256,0.08247576473629614,0.11532418284611218,126.0,0.346,0.982,0.018000000000000016,1.8006688411026541,"terra",21480.0,17060.375959799963,0.7942446908659201
351,"Qtot1wWDl7zY",NA,"8gFPkveVNqdm",386,197.76165803108807,485.0,303,29.453057499534786,208,275,187,247,20.84753177641792,0.02160819959520697,101.9827560572969,259.59326424870466,2025-12-11T09:38:00,NA,NA,NA,NA,NA,NA,NA,NA,NA,NA,NA,NA,"terra",NaN,NaN,NaN
351,"Qtot1wWDl7zY","8gFPkveVNqdm","ANWj0GQKMpVH",449,197.73273942093542,499.0,170,30.650005452972273,210,242,184,213,20.775513284079505,0.6782267047958299,106.60407640085653,226.87527839643653,2025-12-12T08:40:00,82920000 milliseconds,8179.499658121021,0.13099775237221364,0.15089820359281436,0.028455284552845527,0.03982984875107963,0.0034605105048772524,142.0,0.316,0.976,0.02400000000000002,0.6936415997738306,"terra",82920.0,8179.499658121021,0.09864326649928871
352,"QuC5hNH7DMsP",NA,"DVdE7d71x1au",312,948.9807692307693,313.0,1735,24.47705483739822,959,750,940,729,16.343328649703544,0.6678820436945321,67.11269837220809,739.8685897435897,2025-12-09T04:00:00,NA,NA,NA,NA,NA,NA,NA,NA,NA,NA,NA,NA,"aqua",NaN,NaN,NaN
352,"QuC5hNH7DMsP","DVdE7d71x1au","QPK20a0g8cv8",317,962.1104100946372,318.0,1426,24.83522502525835,972,774,953,753,16.400348543690104,0.6802258603794217,67.698484809835,763.782334384858,2025-12-09T09:58:00,21480000 milliseconds,6820.257747979267,0.41688617041438064,0.01589825119236884,0.01584786053882726,0.014526612391789472,0.00348280333022976,44.0,0.139,0.993,0.007000000000000006,0.6126416978675959,"terra",21480.0,6820.257747979267,0.3175166549338579
352,"QuC5hNH7DMsP","QPK20a0g8cv8","sJbV2KZdcSfk",325,955.6615384615385,328.0,1596,24.794279523957716,965,728,947,705,16.867969048196898,0.38866824243890274,70.52691193458118,717.0123076923077,2025-12-10T03:01:00,61380000 milliseconds,11803.133435030235,0.25500990461337875,0.024922118380062305,0.030959752321981424,0.0016500467483018806,0.02811206206717411,35.0,0.108,0.992,0.008000000000000007,0.45665388413089847,"aqua",61380.0,11803.133435030235,0.19229608072711363
352,"QuC5hNH7DMsP","sJbV2KZdcSfk","Lg331jrkrn8Z",314,951.5891719745223,314.0,1723,23.8580312057167,960,736,943,714,16.983894425010487,0.3548422118817217,67.4558441227157,724.9617834394904,2025-12-10T08:59:00,21480000 milliseconds,2232.96794451381,0.13648948316099083,0.03442879499217527,0.04361370716510903,0.03848731146370701,0.0068489805239430965,29.0,0.092,0.993,0.007000000000000006,0.3588682773059253,"terra",21480.0,2232.96794451381,0.10395567711889245
352,"QuC5hNH7DMsP","Lg331jrkrn8Z","6O3dSQ7UxSqp",330,961.6515151515151,338.0,1520,24.62695433870194,970,722,953,698,17.24158243882789,0.3832322027221301,72.18376618407356,710.0757575757576,2025-12-11T09:38:00,88740000 milliseconds,4491.9686401628005,0.06724000658877032,0.049689440993788817,0.0736196319018405,0.03171798957352704,0.0150582570313093,37.0,0.112,0.993,0.007000000000000006,0.356325326089236,"terra",88740.0,4491.9686401628005,0.05061943475504621
352,"QuC5hNH7DMsP","6O3dSQ7UxSqp","TxqniCEYF2wI",360,976.9361111111111,369.0,1114,27.626069321516493,986,741,968,714,16.91894029649451,-0.4004569451833681,75.59797974644667,727.7166666666667,2025-12-12T02:40:00,61320000 milliseconds,5835.347821690971,0.12619696846217499,0.08695652173913043,0.0876944837340877,0.11479201671913417,0.018889766110034553,68.0,0.189,0.991,0.009000000000000008,0.6325297567645618,"aqua",61320.0,5835.347821690971,0.09516222801192059
353,"QupifwQinkrM",NA,"yOqFZHaUF04F",788,1106.0647208121827,822.0,2020,38.57079703784582,1122,346,1092,310,26.64364490859345,-0.4863822713528719,122.46803743153546,327.54187817258884,2025-12-09T04:00:00,NA,NA,NA,NA,NA,NA,NA,NA,NA,NA,NA,NA,"aqua",NaN,NaN,NaN
353,"QupifwQinkrM","yOqFZHaUF04F","cqazWrMxGYAe",724,1135.5538674033148,767.0,2032,37.711715856384416,1152,384,1116,354,25.607853734571446,1.019057873070389,120.63961030678928,367.414364640884,2025-12-10T08:59:00,104340000 milliseconds,12398.147401521475,0.15792812434267212,0.08465608465608465,0.06922592825676527,0.02252367282794072,0.03964637190966001,176.0,0.243,0.989,0.01100000000000001,0.6279801819931228,"terra",104340.0,12398.147401521475,0.11882449110141341
354,"QxxvWlafcBfF",NA,"EphHmHctanoM",842,298.5439429928741,875.0,604,45.40874845971042,312,688,286,643,24.17763816788154,-0.099715248572853,130.60407640085654,664.2802850356295,2025-12-09T04:00:00,NA,NA,NA,NA,NA,NA,NA,NA,NA,NA,NA,NA,"aqua",NaN,NaN,NaN
354,"QxxvWlafcBfF","EphHmHctanoM","RzlZgRSCLDJ9",831,311.75932611311674,857.0,350,44.239468312551104,324,693,299,648,24.528479812897274,-0.018410531674992434,121.74011537017762,669.0409145607701,2025-12-09T09:58:00,21480000 milliseconds,3511.676455861523,0.21465015011378505,0.01315002988643156,0.020785219399538105,0.026085965549759945,0.014406471283717946,65.0,0.078,0.986,0.014000000000000012,0.38107783623323266,"terra",21480.0,3511.676455861523,0.16348586852241728
354,"QxxvWlafcBfF","RzlZgRSCLDJ9","VmrzLPXAda5C",841,309.7705112960761,871.0,483,43.966532288005936,323,667,298,622,24.877113078211856,-0.11637579399426558,122.8111831820431,642.8109393579073,2025-12-11T09:38:00,171600000 milliseconds,6576.316329827444,0.05099896339532721,0.011961722488038277,0.016203703703703703,0.0061886044642510095,0.014113109262061753,76.0,0.09,0.999,0.0010000000000000009,0.19046610331338196,"terra",171600.0,6576.316329827444,0.038323521735591164
355,"QzLDGc6diNA9",NA,"X1TqRdS2RgO9",307,1149.0390879478828,315.0,2102,25.221621424068935,1162,194,1138,177,16.07879553557004,1.4541011572788332,71.35533905932738,185.68078175895766,2025-12-09T04:00:00,NA,NA,NA,NA,NA,NA,NA,NA,NA,NA,NA,NA,"aqua",NaN,NaN,NaN
355,"QzLDGc6diNA9","X1TqRdS2RgO9","d1k215uRqHkb",321,1158.8099688473521,364.0,1671,24.882793375135762,1171,204,1147,181,18.60500555921637,0.9873391245679161,85.63351365237938,190.16822429906543,2025-12-09T09:58:00,21480000 milliseconds,2688.0203461653746,0.16430442213724783,0.044585987261146494,0.14432989690721648,0.0135248780088956,0.1456708863450415,115.0,0.358,0.949,0.051000000000000045,0.921416070659548,"terra",21480.0,2688.0203461653746,0.1251406120188722
355,"QzLDGc6diNA9","d1k215uRqHkb","CbTghHnLUZpi",303,1135.2475247524753,305.0,1963,24.92549739286978,1147,187,1124,167,16.177807764493068,1.0443574107638947,70.18376618407356,177.75907590759076,2025-12-10T03:01:00,61380000 milliseconds,6657.588412508286,0.14383900642774733,0.057692307692307696,0.17638266068759342,0.0017147353211906823,0.1395630521392484,122.0,0.403,0.941,0.05900000000000005,0.9811917622680876,"aqua",61380.0,6657.588412508286,0.10846510935986128
356,"R0MmSflXbuDn",NA,"voFl0t7lgGjn",304,641.0756578947369,321.0,1120,28.386311881825158,655,849,627,833,14.548164298335127,1.4927557564934542,77.11269837220809,839.4177631578947,2025-12-10T08:59:00,NA,NA,NA,NA,NA,NA,NA,NA,NA,NA,NA,NA,"terra",NaN,NaN,NaN
356,"R0MmSflXbuDn","voFl0t7lgGjn","h8dPlXjzbr1P",326,618.138036809816,355.0,848,31.585906400544083,635,847,604,830,14.815217376128816,1.3099296865291457,81.94112549695429,839.0214723926381,2025-12-11T03:40:00,67260000 milliseconds,5735.261041389248,0.11313267662272902,0.06984126984126984,0.10059171597633136,0.106702556962431,0.018189531488870238,98.0,0.301,0.986,0.014000000000000012,0.7234577508916316,"aqua",67260.0,5735.261041389248,0.08527001250950414
357,"R1F0R9Zc504L",NA,"1AqlarkeeoWL",2011,41.70164097463948,2254.0,55,67.26488950377212,67,670,22,603,40.32881274565444,0.17698347049629534,223.1370849898476,637.3207359522626,2025-12-10T08:59:00,NA,NA,NA,NA,NA,NA,NA,NA,NA,NA,NA,NA,"terra",NaN,NaN,NaN
357,"R1F0R9Zc504L","1AqlarkeeoWL","CrezbOyLcf92",2163,137.1151178918169,2374.0,192,66.30120861488197,161,470,116,401,42.85597839916076,0.06302075238650177,246.27922061357853,434.47850208044383,2025-12-11T03:40:00,67260000 milliseconds,56040.55641873033,1.1054454368030444,0.07283181600383325,0.05185825410544512,0.014430022325486546,0.06076028126600251,557.0,0.258,0.979,0.02100000000000002,1.5843258105038118,"aqua",67260.0,56040.55641873033,0.8331929292109773
358,"RCWKPtmopebU",NA,"p9XZIL4rz63X",3845,316.4332899869961,4266.0,597,85.50013278478683,353,954,283,861,60.86914369112549,-0.058064180730996076,297.3919189857866,910.2782834850456,2025-12-09T04:00:00,NA,NA,NA,NA,NA,NA,NA,NA,NA,NA,NA,NA,"aqua",NaN,NaN,NaN
358,"RCWKPtmopebU","p9XZIL4rz63X","ywolmD6z3QER",3833,320.62118445082183,4363.0,567,83.72560384959367,358,945,285,853,61.693300527864736,-0.06469407316919462,298.8416664540925,902.8755543960344,2025-12-10T08:59:00,104340000 milliseconds,2126.3063338427064,0.027084979731771305,0.003125814014066163,0.022482327036736586,0.02097232927432435,0.013448766332803787,222.0,0.058,0.993,0.007000000000000006,0.1521142163897022,"terra",104340.0,2126.3063338427064,0.020378630763299852
358,"RCWKPtmopebU","ywolmD6z3QER","F7S6jsZQokGl",3402,341.51793062904176,3660.0,303,74.42618257058734,379,930,310,849,61.01263294375962,-0.22136855915156486,269.56349186104046,889.5940623162845,2025-12-12T02:40:00,150060000 milliseconds,6190.072862562931,0.05487896504776746,0.11914305459571527,0.17524616726910133,0.11760121702703283,0.011094289654094352,606.0,0.178,0.965,0.03500000000000003,0.6909636935937113,"aqua",150060.0,6190.072862562931,0.04125065215622371
359,"REp206JbApe8",NA,"8lUYj4NyfNEP",1162,401.55593803786576,1188.0,782,49.99823902804625,425,812,374,776,30.772964998793135,-1.225240736561005,145.50966799187808,796.0421686746988,2025-12-09T04:00:00,NA,NA,NA,NA,NA,NA,NA,NA,NA,NA,NA,NA,"aqua",NaN,NaN,NaN
359,"REp206JbApe8","8lUYj4NyfNEP","Y7KZbMtqXhRH",1096,415.3795620437956,1231.0,769,52.98716365673532,436,854,392,808,28.594506439162675,-0.6777574559363724,158.5096679918781,830.492700729927,2025-12-10T08:59:00,104340000 milliseconds,9280.125738458595,0.1182106329336806,0.05845881310894597,0.035551880942538236,0.05804559774044076,0.07338896223354027,230.0,0.21,0.976,0.02400000000000002,0.5776558869591458,"terra",104340.0,9280.125738458595,0.08894120891756369
359,"REp206JbApe8","Y7KZbMtqXhRH","Xcu9FQvB1m00",1118,429.58228980322,1226.0,651,52.06033730534578,451,846,406,801,29.12940799196487,-0.7570974148037042,161.33809511662426,822.6896243291592,2025-12-11T03:40:00,67260000 milliseconds,4051.2766284572654,0.07991471798909686,0.01987353206865402,0.00407000407000407,0.017645852455340026,0.01853310046879813,92.0,0.082,0.995,0.0050000000000000044,0.22703720705189312,"aqua",67260.0,4051.2766284572654,0.06023307505883534
360,"RFbbKwsvrqpd",NA,"ocWKTqlMrFCm",533,669.5722326454033,546.0,1196,28.025530864437755,685,182,656,155,24.707325885569286,-1.1105054007757786,93.15432893255071,168.18949343339588,2025-12-09T04:00:00,NA,NA,NA,NA,NA,NA,NA,NA,NA,NA,NA,NA,"aqua",NaN,NaN,NaN
360,"RFbbKwsvrqpd","ocWKTqlMrFCm","8iaaNGTqkstx",617,688.5996758508915,632.0,958,29.98353946590897,705,209,673,181,26.641100467977704,-1.416648355710226,100.5685424949238,194.4359805510535,2025-12-09T09:58:00,21480000 milliseconds,8104.480554589242,0.4953838969797825,0.14608695652173914,0.1460101867572156,0.06750698090215405,0.07531972135207757,114.0,0.185,0.982,0.018000000000000016,1.133307742512969,"terra",21480.0,8104.480554589242,0.37730356399391257
360,"RFbbKwsvrqpd","8iaaNGTqkstx","rInPDpquqwwL",596,655.9026845637584,608.0,990,29.595820027176313,671,167,641,139,25.955151476343303,-1.0146773156354847,94.32590180780453,152.14429530201343,2025-12-10T03:01:00,61380000 milliseconds,13364.31788484435,0.28873971880402616,0.03462489694971146,0.03870967741935484,0.013015226817859781,0.026083569314427745,89.0,0.149,0.988,0.01200000000000001,0.5621730893053799,"aqua",61380.0,13364.31788484435,0.21773082249664955
360,"RFbbKwsvrqpd","rInPDpquqwwL","KtZmjlhvVaHK",605,664.9289256198347,619.0,1164,29.388663308143855,681,180,650,153,26.624854099494698,-1.3361359528979178,96.08326112068522,166.28429752066117,2025-12-10T08:59:00,21480000 milliseconds,4193.839904742432,0.2563471824414689,0.01498751040799334,0.017929910350448247,0.007024108962853679,0.025473661168995455,89.0,0.147,0.995,0.0050000000000000044,0.47376237333175963,"terra",21480.0,4193.839904742432,0.1952439434237631
360,"RFbbKwsvrqpd","KtZmjlhvVaHK","nFifMXG9X8CD",597,663.2881072026801,616.0,727,30.48384390758495,678,174,648,148,25.434461745082526,-1.0512710475164395,98.32590180780453,159.9145728643216,2025-12-12T02:40:00,150060000 milliseconds,1644.4162580467196,0.014578804539622497,0.013311148086522463,0.004858299595141701,0.036583756063363504,0.04573215514264847,69.0,0.116,0.994,0.006000000000000005,0.23706416342729864,"aqua",150060.0,1644.4162580467196,0.01095839169696601
361,"RKIANSWWr6rc",NA,"iaOnfLbRT8HU",909,876.8217821782179,1006.0,1611,37.280788683624216,899,1044,861,1005,33.357574118815975,0.40094609284919114,141.19595949289334,1024.3058305830582,2025-12-09T04:00:00,NA,NA,NA,NA,NA,NA,NA,NA,NA,NA,NA,NA,"aqua",NaN,NaN,NaN
361,"RKIANSWWr6rc","iaOnfLbRT8HU","baScb3DGnwu6",868,892.9147465437788,977.0,1308,36.95100192622961,916,1052,877,1014,32.66022257866273,0.59865232769884,141.9177848998413,1032.9907834101382,2025-12-09T09:58:00,21480000 milliseconds,4571.733175721084,0.2794457931369856,0.04614518851997749,0.02924861321230459,0.008885324055508655,0.02112616824668658,217.0,0.25,0.995,0.0050000000000000044,0.6398510871714629,"terra",21480.0,4571.733175721084,0.21283674002425904
362,"RXwHgyZzuczK",NA,"PjQy7ZN67sst",947,414.2513199577613,1008.0,515,45.71233938122739,436,820,388,788,27.82232267089522,-1.27752472636633,148.0243866176395,804.8785638859556,2025-12-09T09:58:00,NA,NA,NA,NA,NA,NA,NA,NA,NA,NA,NA,NA,"terra",NaN,NaN,NaN
362,"RXwHgyZzuczK","PjQy7ZN67sst","3EmO8oyaQnrC",1022,406.42954990215264,1071.0,741,49.01811573861668,430,804,380,773,27.458436739276134,-1.3125141414145913,143.19595949289334,789.4168297455968,2025-12-10T08:59:00,82860000 milliseconds,4331.897025481104,0.06942698975047847,0.07618080243778567,0.06060606060606061,0.06979331732771966,0.013165012040414585,116.0,0.114,0.99,0.010000000000000009,0.413172182162459,"terra",82860.0,4331.897025481104,0.05227971307604518
362,"RXwHgyZzuczK","3EmO8oyaQnrC","2ZiHNLvWYg8J",1033,379.5866408518877,1139.0,588,47.363591053102006,397,777,361,731,29.231695583058812,0.6736538045532674,146.22539674441617,753.0861568247822,2025-12-11T03:40:00,67260000 milliseconds,11292.861575902749,0.2227608556248693,0.01070559610705596,0.06153846153846154,0.034332753394585726,0.06255970029140483,157.0,0.152,0.981,0.019000000000000017,0.5628973669563774,"aqua",67260.0,11292.861575902749,0.16789862586831325
363,"RaIzujD4TuAC",NA,"TAjWJQBdBL8y",836,573.4485645933014,850.0,1046,38.448369878171654,592,912,554,884,28.05175753043491,-1.255714238949786,114.08326112068522,897.9617224880383,2025-12-09T04:00:00,NA,NA,NA,NA,NA,NA,NA,NA,NA,NA,NA,NA,"aqua",NaN,NaN,NaN
363,"RaIzujD4TuAC","TAjWJQBdBL8y","xnmRtovEDycv",807,591.0693928128873,823.0,815,37.99087645470585,610,923,572,895,27.376829870564418,-1.3223079921268288,113.49747468305833,909.2701363073111,2025-12-09T09:58:00,21480000 milliseconds,5234.344576043364,0.31994771247208825,0.03530127814972611,0.032277346084877465,0.0119701186344385,0.024353052874601044,62.0,0.077,0.999,0.0010000000000000009,0.5018495082157314,"terra",21480.0,5234.344576043364,0.2436845705793
363,"RaIzujD4TuAC","xnmRtovEDycv","zl4XLr1x3Dyz",862,576.5603248259861,878.0,1008,38.963739719295745,595,904,558,875,28.62300883472113,-1.1822063285751865,117.25483399593902,889.9617169373549,2025-12-10T08:59:00,82860000 milliseconds,6038.046623363689,0.09677132179443367,0.0659077291791492,0.06466784244562022,0.025284078147830978,0.04450651976749682,85.0,0.099,0.99,0.010000000000000009,0.4061374913345309,"terra",82860.0,6038.046623363689,0.07287046371426127
363,"RaIzujD4TuAC","zl4XLr1x3Dyz","7nFiMfhzlCEZ",855,584.4081871345029,868.0,813,39.22397468659238,603,903,565,874,28.03603962277639,-1.2139771673643582,115.49747468305831,888.8397660818713,2025-12-11T03:40:00,67260000 milliseconds,1981.9137931485488,0.039094857345863473,0.008153756552125802,0.011454753722794959,0.0066566715570096,0.02071934590942001,55.0,0.064,0.995,0.0050000000000000044,0.15507938508721386,"aqua",67260.0,1981.9137931485488,0.029466455443778603
363,"RaIzujD4TuAC","7nFiMfhzlCEZ","EWxOr9JXkEfu",839,576.9868891537544,851.0,892,38.426090540827204,596,896,558,867,28.13997772112451,-1.2325076430358388,114.08326112068522,881.5148986889154,2025-12-11T09:38:00,21480000 milliseconds,2606.8341197160194,0.1593419388579474,0.018890200708382526,0.01977894124490983,0.02055076562855036,0.0037004438286120287,51.0,0.061,0.995,0.0050000000000000044,0.2882622902684021,"terra",21480.0,2606.8341197160194,0.12136099253798972
364,"Rm6PgpxccOHJ",NA,"IAAXNh1OmQXj",431,464.8816705336427,437.0,734,26.95456780728635,477,923,452,900,20.83639305879301,-1.1091877805936983,83.35533905932736,911.2180974477958,2025-12-11T09:38:00,NA,NA,NA,NA,NA,NA,NA,NA,NA,NA,NA,NA,"terra",NaN,NaN,NaN
364,"Rm6PgpxccOHJ","IAAXNh1OmQXj","0iLU780Ge1DG",470,525.9170212765957,506.0,626,28.776779177032648,540,902,511,878,21.690529538035555,-1.300359188732833,103.22539674441617,890.936170212766,2025-12-12T08:40:00,82920000 milliseconds,16079.23857938075,0.2575150317005245,0.08657047724750278,0.14634146341463414,0.06539269076912892,0.04016921174099918,89.0,0.189,0.965,0.03500000000000003,0.8199888748727895,"terra",82920.0,16079.23857938075,0.19391266979475097
365,"RmtuSDOUZ6FV",NA,"KYBKdi8hyd4m",332,899.210843373494,397.0,1650,30.2561697921207,908,85,887,58,16.37246865738733,0.4578927684173072,95.9827560572969,71.25,2025-12-09T04:00:00,NA,NA,NA,NA,NA,NA,NA,NA,NA,NA,NA,NA,"aqua",NaN,NaN,NaN
365,"RmtuSDOUZ6FV","KYBKdi8hyd4m","PZCDcTg7QkCy",357,1022.436974789916,417.0,1837,30.63207719693751,1037,17,1008,1,16.852726248741696,1.4761003489101328,98.21930009000631,7.966386554621849,2025-12-10T08:59:00,104340000 milliseconds,34631.53836692914,0.44113799588470975,0.07256894049346879,0.04914004914004914,0.012347453684595618,0.028909241478416343,130.0,0.364,0.977,0.02300000000000002,0.9911036806812397,"terra",104340.0,34631.53836692914,0.3319104693016019
365,"RmtuSDOUZ6FV","PZCDcTg7QkCy","w8PdaUN10R5z",348,981.9942528735633,360.0,964,27.60513485017728,991,80,972,52,16.73495315203776,0.2675559152386578,77.25483399593904,66.4396551724138,2025-12-12T08:40:00,171660000 milliseconds,17774.168227465474,0.13778959050711637,0.02553191489361702,0.14671814671814673,0.1039521721716825,0.007012874887760308,124.0,0.356,0.921,0.07899999999999996,0.8560046991783229,"terra",171660.0,17774.168227465474,0.103542865125629
366,"RoX5Tiz0KzDz",NA,"1pkbixD1JVxD",336,722.2380952380952,355.0,1115,24.83976454872579,734,597,712,578,18.07341220365264,-1.1824404000725997,74.76955262170048,586.9880952380952,2025-12-10T03:01:00,NA,NA,NA,NA,NA,NA,NA,NA,NA,NA,NA,NA,"aqua",NaN,NaN,NaN
366,"RoX5Tiz0KzDz","1pkbixD1JVxD","fED7e7dkPiYg",305,717.616393442623,323.0,1275,24.899735052259935,730,607,707,588,16.292155673616147,-1.189364854680627,75.01219330881975,597.272131147541,2025-12-10T08:59:00,21480000 milliseconds,2818.7045126378775,0.1722924518727309,0.0967238689547582,0.0943952802359882,0.002411383468480142,0.10366518815565456,44.0,0.144,0.997,0.0030000000000000027,0.616488172687612,"terra",21480.0,2818.7045126378775,0.13122460487140958
367,"RpWDN4pdWfdy",NA,"n4dN4bF5hMLM",823,969.2126366950182,844.0,1603,34.61437015515496,988,151,951,120,31.060391323070615,1.1837751488928323,117.05382386916237,136.22721749696234,2025-12-10T03:01:00,NA,NA,NA,NA,NA,NA,NA,NA,NA,NA,NA,NA,"aqua",NaN,NaN,NaN
367,"RpWDN4pdWfdy","n4dN4bF5hMLM","oakDm5wV2yOI",893,960.6237402015678,969.0,1716,36.65524436627652,976,213,939,179,33.36240827903608,-0.8679526158342132,135.39696961967,196.13549832026877,2025-12-10T08:59:00,21480000 milliseconds,15130.208306107663,0.924829358564038,0.08158508158508158,0.13789299503585217,0.05727193067693247,0.0714659086591508,216.0,0.242,0.952,0.04800000000000004,1.5630452745210548,"terra",21480.0,15130.208306107663,0.7043858615506361
367,"RpWDN4pdWfdy","oakDm5wV2yOI","D1nVCCDA5wop",985,1082.2903553299493,1075.0,1687,37.17832728189127,1102,101,1064,64,35.30827195121078,-1.1600567355168478,146.95331880577405,82.76548223350254,2025-12-11T09:38:00,88740000 milliseconds,41574.876566496976,0.6223318099917218,0.0979765708200213,0.10371819960861056,0.01416924317591864,0.05667232844207696,290.0,0.294,0.975,0.025000000000000022,1.2138681520383492,"terra",88740.0,41574.876566496976,0.46850210239460194
368,"RtBml44JrsVD",NA,"wCCt0ZaxUNcC",2972,1121.99932705249,3122.0,2006,68.04789383505405,1157,419,1088,359,56.89845323546076,-1.1956740974153792,229.6223663640862,388.37382234185736,2025-12-09T04:00:00,NA,NA,NA,NA,NA,NA,NA,NA,NA,NA,NA,NA,"aqua",NaN,NaN,NaN
368,"RtBml44JrsVD","wCCt0ZaxUNcC","fsa9LqxlZeL9",2918,1111.509595613434,3069.0,1869,68.33696300316444,1147,397,1076,338,55.713327384360255,-1.288643341689523,230.20815280171306,366.8135709389993,2025-12-10T03:01:00,82860000 milliseconds,5994.158125927494,0.0960679241273739,0.01833616298811545,0.017121628169924085,0.004239021469271842,0.02104799062011999,194.0,0.066,0.997,0.0030000000000000027,0.2258127273748053,"aqua",82860.0,5994.158125927494,0.07234079321660022
368,"RtBml44JrsVD","fsa9LqxlZeL9","Jxd7sINs6TrU",3112,1012.4794344473007,3370.0,1570,70.84481720710146,1051,491,979,428,60.727594350252545,-1.490240017587993,318.77669529663683,458.5379177377892,2025-12-11T09:38:00,110220000 milliseconds,33745.67436747913,0.40699118817438495,0.06434494195688226,0.0934927783817363,0.03603710485881597,0.08612551139573756,770.0,0.247,0.963,0.03700000000000003,0.970991524767557,"terra",110220.0,33745.67436747913,0.3061665248365009
368,"RtBml44JrsVD","Jxd7sINs6TrU","FfJg6GcmJv5F",2960,1115.2236486486486,3168.0,1062,66.20718200560184,1148,393,1085,331,58.2182649025378,-0.9174815301876237,251.52186130069782,363.60371621621624,2025-12-12T08:40:00,82920000 milliseconds,34972.19982571074,0.5600928863822988,0.05006587615283267,0.061792597124502906,0.06767701643377062,0.042192800379570704,888.0,0.3,0.983,0.017000000000000015,1.0988211764729758,"terra",82920.0,34972.19982571074,0.4217583191716201
369,"RtES6VS0D3Gq",NA,"3S5bc8kfN3w6",689,1181.0362844702468,719.0,2150,32.88341277800284,1194,493,1167,459,27.283295773088007,0.21646253699115703,107.5685424949238,474.45718432510887,2025-12-09T04:00:00,NA,NA,NA,NA,NA,NA,NA,NA,NA,NA,NA,NA,"aqua",NaN,NaN,NaN
369,"RtES6VS0D3Gq","3S5bc8kfN3w6","8iKKFljg1fd7",698,1167.2936962750716,719.0,2004,33.27174854484246,1180,474,1154,440,27.116064911247925,0.22823238483318092,107.39696961966999,456.2879656160458,2025-12-10T03:01:00,82860000 milliseconds,5695.278959365893,0.09127781007077318,0.012977649603460706,0.0,0.01174015024903321,0.0061482657051973545,53.0,0.076,0.994,0.006000000000000005,0.20414387562846448,"aqua",82860.0,5695.278959365893,0.06873375524216621
369,"RtES6VS0D3Gq","8iKKFljg1fd7","txGikaAXyNt5",712,1172.877808988764,735.0,2098,33.7732695270439,1186,485,1159,450,27.209411869115073,0.34406027659121885,106.5685424949238,466.75,2025-12-10T08:59:00,21480000 milliseconds,2964.756295320279,0.1812198224523398,0.019858156028368795,0.02200825309491059,0.014960723305755702,0.0034365812653443595,76.0,0.107,0.999,0.0010000000000000009,0.34948353614671923,"terra",21480.0,2964.756295320279,0.13802403609498506
369,"RtES6VS0D3Gq","txGikaAXyNt5","EwQHr8dq5riS",717,1170.4560669456066,733.0,1435,33.85450062063923,1184,466,1157,431,27.41446547068292,0.16877455650864154,107.1543289325507,447.092050209205,2025-12-12T02:40:00,150060000 milliseconds,4951.6400345050615,0.04389946393461644,0.006997900629811057,0.0027247956403269754,0.002402299925546508,0.0075078376546678805,83.0,0.116,0.994,0.006000000000000005,0.18553229778496888,"aqua",150060.0,4951.6400345050615,0.032997734469579244
370,"RuTEVarV2ji7",NA,"rZQyqzL6po4o",10910,801.2870760769936,11581.0,1069,139.99926235167646,868,571,745,444,103.21488476355499,-0.6068581721442855,458.7594513539338,502.6578368469294,2025-12-09T09:58:00,NA,NA,NA,NA,NA,NA,NA,NA,NA,NA,NA,NA,"terra",NaN,NaN,NaN
370,"RuTEVarV2ji7","rZQyqzL6po4o","UqOgUmCs3x2Q",11042,788.6115739902192,11681.0,1156,140.68684416772393,856,529,732,403,103.97682081253743,-0.6829568620594167,468.34523779156075,459.8302843687738,2025-12-10T03:01:00,61380000 milliseconds,11165.985190582698,0.24124414368764607,0.012026239067055394,0.008597713008339782,0.004899293553027679,0.007354889491004347,314.0,0.028,0.992,0.008000000000000007,0.3101222788070733,"aqua",61380.0,11165.985190582698,0.18191569225452425
370,"RuTEVarV2ji7","UqOgUmCs3x2Q","rDIx0toWEum1",10980,787.3915300546448,11530.0,1318,139.6160395248994,855,540,730,415,104.20766920590478,-0.6859239390114997,459.167568261897,471.03214936247724,2025-12-10T08:59:00,21480000 milliseconds,2817.027317735518,0.1721899338469143,0.005630732903460176,0.013011072336392229,0.007640339826105805,0.0022177290281990072,280.0,0.026,0.997,0.0030000000000000027,0.2296898079410715,"terra",21480.0,2817.027317735518,0.1311465231720446
370,"RuTEVarV2ji7","rDIx0toWEum1","Bc9jEapgVsXQ",11103,794.9638836350535,11747.0,1161,141.56166847228914,864,525,734,399,103.82920241369763,-0.6958048582231366,478.41630560342617,455.51085292263355,2025-12-11T09:38:00,88740000 milliseconds,4317.487564546606,0.06462820993258897,0.011139790789294933,0.018645014391888988,0.01383914081417286,0.0036384587910856464,347.0,0.031,0.998,0.0020000000000000018,0.14489061471903142,"terra",88740.0,4317.487564546606,0.04865322926016009
371,"Rwmo9zMrcXdP",NA,"lCjAgEntvKCf",809,432.51545117428924,839.0,850,37.31556073812621,452,791,412,761,28.177258691189508,-1.3849011105484854,117.88225099390856,775.4981458590853,2025-12-09T04:00:00,NA,NA,NA,NA,NA,NA,NA,NA,NA,NA,NA,NA,"aqua",NaN,NaN,NaN
371,"Rwmo9zMrcXdP","lCjAgEntvKCf","keIIleXJblum",741,445.2267206477733,794.0,600,35.22085512094276,464,800,426,770,27.969958843195045,-1.4529883940634187,123.29646455628165,784.2429149797571,2025-12-09T09:58:00,21480000 milliseconds,3857.1958613202883,0.23576991817361176,0.08774193548387096,0.05511328842620943,0.0577559724277873,0.007384153911723678,117.0,0.158,0.986,0.014000000000000012,0.6157652684232031,"terra",21480.0,3857.1958613202883,0.17957150192366333
371,"Rwmo9zMrcXdP","keIIleXJblum","06Mbfnf1iuvI",745,437.83892617449663,793.0,812,35.970791015356625,457,783,418,754,27.346681141600378,-1.4725871030980713,120.05382386916237,768.5248322147651,2025-12-10T08:59:00,82860000 milliseconds,4341.929532092526,0.06958777998385328,0.005383580080753701,0.001260239445494644,0.021068086920706476,0.022534908185529112,82.0,0.11,0.99,0.010000000000000009,0.23983459461633722,"terra",82860.0,4341.929532092526,0.05240079087729334
371,"Rwmo9zMrcXdP","06Mbfnf1iuvI","MehHGMQ5m75x",663,424.9245852187029,694.0,661,34.14480846213002,438,831,410,794,25.936445342208447,0.021284165114612095,107.39696961966999,810.6365007541478,2025-12-11T09:38:00,88740000 milliseconds,11011.848248288446,0.16483568966826503,0.11647727272727272,0.13315400134498992,0.05208491596261414,0.05293367309519496,187.0,0.282,0.967,0.03300000000000003,0.8344855527983368,"terra",88740.0,11011.848248288446,0.12409114546189369
372,"S3u8yUhfAHfi",NA,"Ht8Id5JSe2MY",627,6.339712918660287,653.0,9,59.562657383780824,14,686,1,630,14.09030448183043,0.030050688439309328,133.94112549695427,659.8373205741627,2025-12-09T04:00:00,NA,NA,NA,NA,NA,NA,NA,NA,NA,NA,NA,NA,"aqua",NaN,NaN,NaN
372,"S3u8yUhfAHfi","Ht8Id5JSe2MY","DfpcVuTiYV35",613,6.314845024469821,627.0,15,57.5637818349092,14,686,1,631,14.328428824835367,-0.002110216827649413,126.87005768508881,659.0326264274062,2025-12-10T03:01:00,82860000 milliseconds,201.26957699590005,0.0032257324624713527,0.02258064516129032,0.040625,0.034131927209696315,0.01675826578442775,133.0,0.217,0.989,0.01100000000000001,0.3453215706178857,"aqua",82860.0,201.26957699590005,0.0024290318247151828
373,"S6LIFzwLOnOL",NA,"BC19HapTs7lA",610,964.9737704918033,638.0,1746,39.052122166390724,982,802,945,779,20.950872634910308,-1.3442208067336838,106.66904755831214,791.6016393442623,2025-12-09T04:00:00,NA,NA,NA,NA,NA,NA,NA,NA,NA,NA,NA,NA,"aqua",NaN,NaN,NaN
373,"S6LIFzwLOnOL","BC19HapTs7lA","TO7RTDHx2kP5",664,862.3539156626506,767.0,1234,42.092813754004005,882,1014,839,990,22.60339564067868,-1.2087016569534996,131.39696961967,1003.0045180722891,2025-12-09T09:58:00,21480000 milliseconds,58748.410478312726,3.5909786355936872,0.0847723704866562,0.18362989323843418,0.07494470364968377,0.07588340115425923,197.0,0.297,0.95,0.050000000000000044,4.35720900412272,"terra",21480.0,58748.410478312726,2.7350284207780597
374,"SMTqR8voQ8Xm",NA,"CrLo1KmLK4N4",937,209.3895410885806,966.0,429,58.01039148124335,221,724,198,668,21.050662286810848,0.11675142289872883,142.8111831820431,693.8687299893277,2025-12-09T04:00:00,NA,NA,NA,NA,NA,NA,NA,NA,NA,NA,NA,NA,"aqua",NaN,NaN,NaN
374,"SMTqR8voQ8Xm","CrLo1KmLK4N4","twgs1tJj1dhQ",906,215.9437086092715,974.0,399,55.96618847901577,227,714,205,662,21.62784370540172,0.09665153301671447,139.9827560572969,687.5805739514349,2025-12-10T08:59:00,104340000 milliseconds,2270.7104924198225,0.028924405992227533,0.033640803038524146,0.008247422680412371,0.03587057977946605,0.027047873639072018,144.0,0.159,0.995,0.0050000000000000044,0.29773108512970214,"terra",104340.0,2270.7104924198225,0.02176260774793773
374,"SMTqR8voQ8Xm","twgs1tJj1dhQ","OkveDarWQ5ln",844,226.4632701421801,875.0,382,49.69486602794628,239,709,214,659,22.022344166560284,0.27772116385503154,128.5685424949238,682.1563981042653,2025-12-11T03:40:00,67260000 milliseconds,2958.9151143796294,0.05836700097405325,0.07085714285714285,0.10708491076257437,0.1187064142097175,0.018075544706279055,188.0,0.223,0.971,0.029000000000000026,0.625091013509767,"aqua",67260.0,2958.9151143796294,0.043992196169783365
374,"SMTqR8voQ8Xm","OkveDarWQ5ln","BBObDMmDgw9s",810,237.42345679012345,920.0,233,47.90944680970765,251,719,222,670,23.716313745900738,0.25259046183415307,152.26702730475878,692.437037037037,2025-12-12T08:40:00,104400000 milliseconds,3756.804062495946,0.04782691359001841,0.041112454655380895,0.05013927576601671,0.03658484274579818,0.07407167838560254,221.0,0.273,0.971,0.029000000000000026,0.5517351651428168,"terra",104400.0,3756.804062495946,0.03598471324229833
375,"SPK6PJyUpfd3",NA,"pdEGcyoYEZ4D",301,720.0,304.0,1109,25.56733292433268,731,974,708,956,15.362148894541466,-1.032181916648847,69.11269837220809,965.7707641196014,2025-12-10T03:01:00,NA,NA,NA,NA,NA,NA,NA,NA,NA,NA,NA,NA,"aqua",NaN,NaN,NaN
375,"SPK6PJyUpfd3","pdEGcyoYEZ4D","NCg460SahH8C",318,740.4119496855346,324.0,807,22.491980696831178,752,915,729,896,18.436110336159437,1.5299064802440865,73.01219330881975,906.1698113207547,2025-12-12T02:40:00,171540000 milliseconds,15749.84377798545,0.12218179107083085,0.05492730210016155,0.06369426751592357,0.12798152931369414,0.1819005778158962,72.0,0.226,0.99,0.010000000000000009,0.7866854678165063,"aqua",171540.0,15749.84377798545,0.09181440933884488
376,"STaw7UvvzIvL",NA,"tesfkXvPEpIo",745,255.30604026845637,820.0,475,41.70361806053157,270,294,245,249,26.300252497366557,-0.07991019641333078,134.01828996322962,268.9208053691275,2025-12-10T08:59:00,NA,NA,NA,NA,NA,NA,NA,NA,NA,NA,NA,NA,"terra",NaN,NaN,NaN
376,"STaw7UvvzIvL","tesfkXvPEpIo","eJsSPkliPntU",846,123.4645390070922,925.0,75,41.51386390902403,142,168,107,128,27.915213244835584,-0.4217386610805188,138.26702730475878,147.96099290780143,2025-12-12T08:40:00,171660000 milliseconds,44730.762405145644,0.3467635366110752,0.12696417347580138,0.12034383954154727,0.004560439633993155,0.05957564784736017,208.0,0.246,0.991,0.009000000000000008,0.913207637109777,"terra",171660.0,44730.762405145644,0.2605776675122081
377,"SUk2sAjSW61s",NA,"AtWw5nheHFYl",556,1159.6007194244605,588.0,2105,39.74660822286648,1176,823,1139,799,19.090338534539857,-1.3006253397970808,106.91168824543142,813.1708633093525,2025-12-09T04:00:00,NA,NA,NA,NA,NA,NA,NA,NA,NA,NA,NA,NA,"aqua",NaN,NaN,NaN
377,"SUk2sAjSW61s","AtWw5nheHFYl","16YIxBH0uXa2",532,1156.1823308270677,544.0,1981,38.70686534170145,1173,816,1136,796,18.18947147847539,-1.364502593786727,99.59797974644667,806.3815789473684,2025-12-10T03:01:00,82860000 milliseconds,1900.3250174421883,0.03045636697559401,0.04411764705882353,0.07773851590106007,0.02650597440556428,0.04833002398617123,54.0,0.102,0.985,0.015000000000000013,0.34414852832721315,"aqua",82860.0,1900.3250174421883,0.02293416627374111
377,"SUk2sAjSW61s","16YIxBH0uXa2","78t1y2LPjOkg",530,1155.2792452830188,543.0,2065,39.240423767352425,1172,817,1135,795,18.122533187453033,-1.3365658301135792,101.25483399593904,807.1754716981133,2025-12-10T08:59:00,21480000 milliseconds,300.6065950244796,0.018374486248440073,0.003766478342749529,0.0018399264029438822,0.013690236870315954,0.0036868408471628696,39.0,0.074,0.997,0.0030000000000000027,0.1183579687116123,"terra",21480.0,300.6065950244796,0.013994720438756034
377,"SUk2sAjSW61s","78t1y2LPjOkg","lhWC3VcDXwyw",494,1152.6497975708503,500.0,1401,36.51058861743178,1169,815,1134,792,17.812102811465135,-1.185461050081353,95.49747468305833,804.3502024291498,2025-12-12T02:40:00,150060000 milliseconds,964.8880023472052,0.00855435083423206,0.0703125,0.08245445829338446,0.07207389218916833,0.01727750218464684,69.0,0.14,0.98,0.020000000000000018,0.41067270350143176,"aqua",150060.0,964.8880023472052,0.006430014676444123
378,"SnRUNDXa2QtM",NA,"jBfMtxHiZ9D8",384,1025.4557291666667,393.0,1889,27.85537568686541,1036,926,1016,898,18.532752614642316,0.22444708784739284,79.84062043356595,912.0052083333334,2025-12-09T04:00:00,NA,NA,NA,NA,NA,NA,NA,NA,NA,NA,NA,NA,"aqua",NaN,NaN,NaN
378,"SnRUNDXa2QtM","jBfMtxHiZ9D8","5CV5kJldKSgp",367,1027.8855585831063,389.0,1513,28.710576308447,1037,900,1016,873,17.50955873058471,0.4730452519539121,82.66904755831213,885.741144414169,2025-12-09T09:58:00,21480000 milliseconds,6594.05567795225,0.40305963801664124,0.045272969374167776,0.010230179028132993,0.03023729262622356,0.056777373363048944,56.0,0.153,0.993,0.007000000000000006,0.7055774524082146,"terra",21480.0,6594.05567795225,0.3069858323069018
378,"SnRUNDXa2QtM","5CV5kJldKSgp","nudADJkxzQvo",378,1021.7222222222222,384.0,1745,27.25904300820603,1032,917,1013,890,18.41538411488565,0.23328204138652395,77.59797974644665,903.7169312169312,2025-12-10T03:01:00,61380000 milliseconds,4750.760638280461,0.10264147430658875,0.02953020134228188,0.0129366106080207,0.05186861436483213,0.05042877246582184,62.0,0.164,0.986,0.014000000000000012,0.4254056730875453,"aqua",61380.0,4750.760638280461,0.07739916321734214
378,"SnRUNDXa2QtM","nudADJkxzQvo","G5v3UCfnn8Jm",368,1022.3478260869565,376.0,1848,27.30730039065448,1033,917,1013,891,17.966385947471537,0.33099630360435006,78.66904755831213,903.9184782608696,2025-12-10T08:59:00,21480000 milliseconds,164.31703473978814,0.010043828529326903,0.02680965147453083,0.021052631578947368,0.0017687599880279064,0.024682590574595223,29.0,0.079,1.0,0.0,0.16335746214542823,"terra",21480.0,164.31703473978814,0.007649768842634457
378,"SnRUNDXa2QtM","G5v3UCfnn8Jm","6kEZekDqapWR",361,1022.606648199446,370.0,1623,26.633165448319783,1033,913,1014,887,18.138356783447836,0.16340080212217414,76.18376618407356,899.8614958448753,2025-12-11T09:38:00,88740000 milliseconds,1016.3075078931714,0.015213045548883638,0.019204389574759947,0.0160857908847185,0.024995517997458788,0.00952621860556992,36.0,0.1,1.0,0.0,0.1850249626113908,"terra",88740.0,1016.3075078931714,0.011452642640220547
378,"SnRUNDXa2QtM","6kEZekDqapWR","QUKUX9XVYvAY",394,1003.0659898477157,414.0,979,26.409795464214007,1014,884,989,862,19.89010986515961,1.1405617140439446,81.84062043356595,871.9314720812183,2025-12-12T08:40:00,82920000 milliseconds,8521.749953272107,0.13647901911069998,0.08741721854304636,0.11224489795918367,0.00842222908612159,0.09212851508836312,70.0,0.178,0.986,0.014000000000000012,0.6286918797874148,"terra",82920.0,8521.749953272107,0.10277074232117832
379,"SrRNOsPExBYB",NA,"svpyO4d2KUrA",547,9.828153564899452,592.0,5,33.53452332176882,25,437,1,404,22.54236420040489,0.02684991442342372,110.66904755831213,420.0164533820841,2025-12-09T04:00:00,NA,NA,NA,NA,NA,NA,NA,NA,NA,NA,NA,NA,"aqua",NaN,NaN,NaN
379,"SrRNOsPExBYB","svpyO4d2KUrA","hRiydoAtYgoS",517,121.94390715667312,593.0,118,34.84667812647952,137,375,108,342,21.206259263044775,0.5605100372434798,107.39696961966999,358.59574468085106,2025-12-09T09:58:00,21480000 milliseconds,31959.393827180367,1.9535081801454992,0.05639097744360902,0.0016877637130801688,0.03837764698251895,0.06108100468470196,131.0,0.253,0.981,0.019000000000000017,2.3830455729694098,"terra",21480.0,31959.393827180367,1.4878674966098868
379,"SrRNOsPExBYB","hRiydoAtYgoS","1dMx3jWyQUdD",506,32.72134387351779,565.0,47,36.7774474961704,43,502,23,465,18.723492268399426,-0.03225636481913027,112.5685424949238,481.4861660079051,2025-12-10T03:01:00,61380000 milliseconds,37966.03865031675,0.8202665798923354,0.021505376344086023,0.04835924006908463,0.0539139389948884,0.12435674650718526,155.0,0.306,0.981,0.019000000000000017,1.3934018818075797,"aqua",61380.0,37966.03865031675,0.6185408708099829
379,"SrRNOsPExBYB","1dMx3jWyQUdD","IJC8eKDUjbjw",531,42.32203389830509,604.0,60,36.32435565159999,54,509,32,476,19.969023635727236,0.12487708133862231,110.22539674441619,493.0809792843691,2025-12-11T03:40:00,88740000 milliseconds,3763.417196080875,0.056334364135631684,0.048216007714561235,0.06672369546621043,0.01239618792041343,0.06438099659448462,129.0,0.243,0.987,0.013000000000000012,0.5040512518313014,"aqua",88740.0,3763.417196080875,0.042409479333793944
380,"StVqJj5oYQHA",NA,"QwsLJ2Z8AsAV",749,683.826435246996,786.0,918,32.80446028558348,699,423,668,391,29.514351443189764,0.6012392727615934,115.98275605729688,407.50200267022694,2025-12-11T03:40:00,NA,NA,NA,NA,NA,NA,NA,NA,NA,NA,NA,NA,"aqua",NaN,NaN,NaN
380,"StVqJj5oYQHA","QwsLJ2Z8AsAV","rPrdej63KJ6d",760,703.3934210526315,778.0,769,34.037050913901844,719,373,688,339,29.421105761908915,0.009657139171819314,110.5685424949238,353.8315789473684,2025-12-12T02:40:00,82800000 milliseconds,14281.503151167943,0.2290537794894618,0.0145791915175613,0.010230179028132993,0.03688099225164896,0.0031643321593772668,104.0,0.137,0.986,0.014000000000000012,0.44490847444618237,"aqua",82800.0,14281.503151167943,0.17248192211555485
381,"T2YXILNfEJf6",NA,"3dpFzQa6o9g4",462,1135.8679653679653,484.0,2075,29.82351435635502,1146,495,1124,468,20.094307823193805,-0.342280300675945,92.42640687119284,481.46320346320346,2025-12-09T04:00:00,NA,NA,NA,NA,NA,NA,NA,NA,NA,NA,NA,NA,"aqua",NaN,NaN,NaN
381,"T2YXILNfEJf6","3dpFzQa6o9g4","CwRjgC3ZrzBk",479,1124.6116910229646,498.0,1942,31.212966195535753,1135,478,1114,450,19.869725757294237,-0.36586614960248137,93.25483399593905,463.9123173277662,2025-12-10T03:01:00,82860000 milliseconds,5212.5888257959605,0.08354177138866833,0.036131774707757705,0.028513238289205704,0.04552857001640115,0.011239209147758188,52.0,0.109,0.997,0.0030000000000000027,0.31695456354979107,"aqua",82860.0,5212.5888257959605,0.0629083855394154
381,"T2YXILNfEJf6","CwRjgC3ZrzBk","F6NvLFn6XFNg",466,1129.25321888412,488.0,2039,30.265116472912183,1140,487,1119,460,20.098450659057782,-0.3224045397449143,91.84062043356595,473.43776824034336,2025-12-10T08:59:00,21480000 milliseconds,2649.032794882412,0.16192131998058754,0.027513227513227514,0.02028397565922921,0.030835370313525713,0.011445350890213144,46.0,0.099,0.996,0.0040000000000000036,0.3549992443567831,"terra",21480.0,2649.032794882412,0.12332554910998193
381,"T2YXILNfEJf6","F6NvLFn6XFNg","Q8zVJEQTZQnG",464,1168.5086206896551,503.0,1154,30.922802398784878,1182,474,1156,445,20.587756624756082,0.7984106789273859,95.49747468305833,459.9590517241379,2025-12-12T08:40:00,171660000 milliseconds,10376.242003485151,0.08043910231780418,0.004301075268817204,0.030272452068617558,0.02149724775741351,0.024052670345262667,79.0,0.17,0.991,0.009000000000000008,0.33956254775791517,"terra",171660.0,10376.242003485151,0.06044647561158774
382,"THloFHse3XHM",NA,"G4tsJQO25fTu",603,372.76616915422886,634.0,465,31.033964308329637,387,897,360,866,25.525797058502388,-0.2811876582308062,109.39696961966999,880.9419568822553,2025-12-09T09:58:00,NA,NA,NA,NA,NA,NA,NA,NA,NA,NA,NA,NA,"terra",NaN,NaN,NaN
382,"THloFHse3XHM","G4tsJQO25fTu","eo6pDnMa2Y2i",633,364.3222748815166,665.0,684,28.94872861036313,379,880,349,851,28.74412001598857,-0.6802266773363903,108.8111831820431,864.4723538704582,2025-12-10T08:59:00,82860000 milliseconds,4627.007495772386,0.07415670319372364,0.04854368932038835,0.04772902232486528,0.06952791201932423,0.11860430717329856,154.0,0.243,0.996,0.0040000000000000036,0.6055616340316001,"terra",82860.0,4627.007495772386,0.05584126835351661
383,"TJF9FPVlzM4i",NA,"ECvMcQoxjhWE",453,31.841059602649008,557.0,38,36.81345571761226,43,176,18,142,19.614912218892094,0.28523164249058397,112.22539674441619,156.7924944812362,2025-12-10T03:01:00,NA,NA,NA,NA,NA,NA,NA,NA,NA,NA,NA,NA,"aqua",NaN,NaN,NaN
383,"TJF9FPVlzM4i","ECvMcQoxjhWE","v7dx47yrCKxV",551,179.47731397459165,581.0,109,35.412901565263894,191,154,169,117,20.41534861775834,-0.0944358904315879,103.81118318204308,135.6950998185118,2025-12-12T02:40:00,171540000 milliseconds,37284.014391669676,0.28923637090624627,0.1952191235059761,0.0421792618629174,0.03878235605495266,0.03999156548754696,188.0,0.341,0.976,0.02400000000000002,0.9704086778176395,"aqua",171540.0,37284.014391669676,0.21734880722670907
383,"TJF9FPVlzM4i","v7dx47yrCKxV","VnmI9Xu3lXjt",506,229.35375494071147,587.0,225,40.34847179508063,241,138,218,102,18.457717959122647,-0.30423870247709206,112.81118318204308,122.1600790513834,2025-12-12T08:40:00,21600000 milliseconds,12920.081633385274,0.7854152968623267,0.08514664143803216,0.010273972602739725,0.1302925227171275,0.10071912668705982,170.0,0.336,0.967,0.03300000000000003,1.480847560307286,"terra",21600.0,12920.081633385274,0.5981519274715404
384,"Tfd5C4QxoJ5L",NA,"WO9DmtV2JhYu",1943,742.788986103963,2210.0,1016,66.98527980207547,773,332,705,285,40.30503774969509,-1.2805254522050424,236.62236636408616,311.2696860524961,2025-12-09T09:58:00,NA,NA,NA,NA,NA,NA,NA,NA,NA,NA,NA,NA,"terra",NaN,NaN,NaN
384,"Tfd5C4QxoJ5L","WO9DmtV2JhYu","5ee0cMTtqaAd",2038,723.7944062806673,2302.0,1235,69.60201281880961,755,301,685,253,40.56317637845923,-1.2612308730787585,234.96551211459376,279.60058881256134,2025-12-10T08:59:00,82860000 milliseconds,9232.164503300393,0.1479632102460196,0.047726701833710125,0.040780141843971635,0.03831590723446303,0.00638418027520834,191.0,0.094,0.99,0.010000000000000009,0.3851701414333727,"terra",82860.0,9232.164503300393,0.11141883301110782
385,"Ti5qAW0qQmYu",NA,"msalHeCTkqQl",545,1143.7192660550459,552.0,2093,34.55474057872697,1158,768,1132,737,20.47314508202979,-0.48957597817647647,96.91168824543142,751.7321100917432,2025-12-09T04:00:00,NA,NA,NA,NA,NA,NA,NA,NA,NA,NA,NA,NA,"aqua",NaN,NaN,NaN
385,"Ti5qAW0qQmYu","msalHeCTkqQl","Q1wUsWxe6iEU",515,1131.2252427184467,544.0,1643,31.454347586603618,1142,813,1119,783,22.278397149199705,-0.14389678155564356,95.35533905932738,800.8038834951457,2025-12-09T09:58:00,21480000 milliseconds,12659.3334246179,0.7737978865903362,0.05660377358490566,0.014598540145985401,0.09393836752775349,0.0844531903623911,164.0,0.318,0.986,0.014000000000000012,1.355391758211372,"terra",21480.0,12659.3334246179,0.5893544424868669
385,"Ti5qAW0qQmYu","Q1wUsWxe6iEU","8z4jI6Z1Cd1T",531,1142.060263653484,541.0,1973,34.377512530942035,1156,760,1131,729,20.239194505412016,-0.4753615205954676,94.66904755831213,743.1902071563088,2025-12-10T03:01:00,61380000 milliseconds,14655.914718849324,0.3166450193118575,0.030592734225621414,0.005529953917050691,0.08880699828681671,0.09592277287730641,184.0,0.347,0.985,0.015000000000000013,0.8994974786186527,"aqua",61380.0,14655.914718849324,0.23877345583006393
385,"Ti5qAW0qQmYu","8z4jI6Z1Cd1T","PDJwWtYbd1Tl",545,1140.5559633027524,548.0,2059,35.029949455661395,1154,761,1129,730,20.23202561890305,-0.49679903840684836,94.08326112068522,744.8422018348624,2025-12-10T08:59:00,21480000 milliseconds,558.5699353696035,0.03414241658738408,0.026022304832713755,0.012855831037649219,0.018800195426978427,0.0003542708367547841,43.0,0.079,0.994,0.006000000000000005,0.17717501872148028,"terra",21480.0,558.5699353696035,0.026004186935270183
385,"Ti5qAW0qQmYu","PDJwWtYbd1Tl","AS0POOsP1TzT",547,1147.8446069469835,567.0,1775,32.79383972287385,1163,671,1135,642,21.73547280601598,-0.7365675723177361,101.98275605729688,656.4058500914077,2025-12-11T09:38:00,88740000 milliseconds,22184.04921878644,0.3320716895260301,0.003663003663003663,0.034080717488789235,0.06593880288526337,0.07164816791749626,91.0,0.166,0.999,0.0010000000000000009,0.6744023814805826,"terra",88740.0,22184.04921878644,0.24998928576500384
385,"Ti5qAW0qQmYu","AS0POOsP1TzT","pZ2aRjCXYllG",594,1150.063973063973,611.0,1400,35.14990969581737,1167,668,1134,641,21.880018935561548,-0.9797821180430207,99.49747468305831,655.3804713804714,2025-12-12T02:40:00,61320000 milliseconds,611.1969538374308,0.013217927202366583,0.08238387379491674,0.07470288624787776,0.06935354592884364,0.006628201300675701,78.0,0.131,0.981,0.019000000000000017,0.3962864344746804,"aqua",61320.0,611.1969538374308,0.009967334537466255
386,"Toe5Boz3PaJx",NA,"fGZmYuufrWxX",359,969.3871866295265,363.0,1096,24.343434529699024,978,337,959,313,19.06720008131759,-0.11343533714638229,72.5269119345812,326.3091922005571,2025-12-12T02:40:00,NA,NA,NA,NA,NA,NA,NA,NA,NA,NA,NA,NA,"aqua",NaN,NaN,NaN
386,"Toe5Boz3PaJx","fGZmYuufrWxX","JEhEd3FKDqTj",365,964.758904109589,382.0,950,26.806971615824654,975,345,956,318,18.119605584236233,0.1638778884778728,79.01219330881975,331.8876712328767,2025-12-12T08:40:00,21600000 milliseconds,1812.119397942431,0.11015923391747301,0.016574585635359115,0.05100671140939597,0.09632522092265816,0.05096401694750113,73.0,0.2,0.984,0.016000000000000014,0.5410297688323874,"terra",21600.0,1812.119397942431,0.08389441657140885
387,"TqouaFH4bFO1",NA,"zH6WYP7ZMFzI",351,1171.034188034188,375.0,2131,26.51998016393264,1182,523,1158,504,18.089092693380096,-1.3007333242942225,78.76955262170048,514.7834757834758,2025-12-09T04:00:00,NA,NA,NA,NA,NA,NA,NA,NA,NA,NA,NA,NA,"aqua",NaN,NaN,NaN
387,"TqouaFH4bFO1","zH6WYP7ZMFzI","CB8TTAwq9SSJ",327,1158.9327217125383,342.0,1994,24.29397204914694,1170,505,1147,486,18.082134278950086,-1.2822475225405345,74.76955262170047,496.65443425076455,2025-12-10T03:01:00,82860000 milliseconds,5449.2409679513485,0.08733457757755186,0.07079646017699115,0.09205020920502092,0.08761405156801488,0.00038474859784725594,53.0,0.162,0.982,0.018000000000000016,0.5181800471254261,"aqua",82860.0,5449.2409679513485,0.06576443359825426
387,"TqouaFH4bFO1","CB8TTAwq9SSJ","nrYwIH55DyfR",336,1163.7261904761904,363.0,2084,26.675428379625668,1174,515,1151,495,17.658427077193476,-1.1789520822451602,78.52691193458118,506.5654761904762,2025-12-10T08:59:00,21480000 milliseconds,2752.340993577461,0.16823600205241204,0.027149321266968326,0.059574468085106386,0.09344651145373792,0.023710159308047776,58.0,0.173,0.975,0.025000000000000022,0.5701164621662724,"terra",21480.0,2752.340993577461,0.12813505556692092
387,"TqouaFH4bFO1","nrYwIH55DyfR","ZkGxWCrH0S2D",320,1159.609375,336.0,1416,25.993152009837374,1170,494,1147,476,16.645559237931515,-1.1922575256303514,73.11269837220809,486.325,2025-12-12T02:40:00,150060000 milliseconds,5163.725920315649,0.045779741303387994,0.04878048780487805,0.07725321888412018,0.02590828781573886,0.059052486201312246,38.0,0.119,0.975,0.025000000000000022,0.40077422200943735,"aqua",150060.0,5163.725920315649,0.03441107503875549
387,"TqouaFH4bFO1","ZkGxWCrH0S2D","nLuVIa27gaVI",332,1160.6746987951808,335.0,1145,24.479735224977205,1171,506,1149,488,17.707837293765074,-1.3834130506235687,70.28427124746189,497.25,2025-12-12T08:40:00,21600000 milliseconds,2744.204572692453,0.16682094666823422,0.03680981595092025,0.0029806259314456036,0.05996949521905943,0.06184413554877667,54.0,0.163,0.992,0.008000000000000007,0.4994250193184362,"terra",21600.0,2744.204572692453,0.12704650799502099
388,"Tu91UbPmh0W4",NA,"WKaMAtMiVjOs",531,1191.2598870056497,568.0,2120,34.57274589854084,1200,211,1178,177,21.659900410011375,0.3506908965264228,104.18376618407356,191.95668549905838,2025-12-10T08:59:00,NA,NA,NA,NA,NA,NA,NA,NA,NA,NA,NA,NA,"terra",NaN,NaN,NaN
388,"Tu91UbPmh0W4","WKaMAtMiVjOs","cdpbTs72hd5e",572,1094.9213286713286,619.0,1058,35.73548641761756,1107,269,1082,234,21.618743972310256,0.15169552047379503,106.39696961966999,253.26223776223776,2025-12-12T08:40:00,171660000 milliseconds,28547.644999444354,0.22130815147443197,0.0743427017225748,0.08593091828138164,0.03307551564795911,0.001901928227582395,182.0,0.318,0.987,0.013000000000000012,0.74755921535393,"terra",171660.0,28547.644999444354,0.1663034195470369
389,"TvDnIa5pBS7f",NA,"geATSbqBKLLt",569,63.64674868189807,605.0,101,30.330946448211826,78,621,49,592,24.355542357985815,1.0366212706523945,97.2193000900063,606.4692442882249,2025-12-09T04:00:00,NA,NA,NA,NA,NA,NA,NA,NA,NA,NA,NA,NA,"aqua",NaN,NaN,NaN
389,"TvDnIa5pBS7f","geATSbqBKLLt","andouiPr4nk2",580,69.21379310344828,617.0,108,31.565323853663095,83,617,55,588,24.002746264329346,0.9336797631848738,101.49747468305831,602.0862068965517,2025-12-10T08:59:00,104340000 milliseconds,1771.3518913586593,0.02256355507749391,0.019147084421235857,0.019639934533551555,0.03988535656287769,0.014590925514831784,56.0,0.097,0.991,0.009000000000000008,0.2218268561099908,"terra",104340.0,1771.3518913586593,0.0169767288801865
389,"TvDnIa5pBS7f","andouiPr4nk2","2QGx6TT6tGZX",599,78.7746243739566,615.0,118,32.14322652492145,92,631,64,602,24.499296448360255,0.7812844798821357,98.66904755831214,615.1585976627713,2025-12-11T03:40:00,67260000 milliseconds,4048.8956436282688,0.07986775113183289,0.032230703986429174,0.003246753246753247,0.018142075681339555,0.020475433868726366,86.0,0.144,0.987,0.013000000000000012,0.31096271791508123,"aqua",67260.0,4048.8956436282688,0.060197675343863645
390,"U10N5GtaBlFT",NA,"o7ET8Vj7r6b7",723,734.0110650069156,748.0,1320,37.83293865333267,746,37,722,1,25.670683115913786,-0.03712240291620363,116.31980515339464,16.04979253112033,2025-12-09T04:00:00,NA,NA,NA,NA,NA,NA,NA,NA,NA,NA,NA,NA,"aqua",NaN,NaN,NaN
390,"U10N5GtaBlFT","o7ET8Vj7r6b7","QEkvo9s6Ycer",701,732.6847360912982,730.0,1033,34.511768528255885,748,34,717,4,26.236057939416728,-0.8627462485238964,107.70458146424488,18.930099857346647,2025-12-09T09:58:00,21480000 milliseconds,792.7530623527985,0.048456788652371546,0.03089887640449438,0.02435723951285521,0.09181515150073088,0.021784254299466635,136.0,0.194,0.939,0.061000000000000054,0.4723123103699187,"terra",21480.0,792.7530623527985,0.036906567148640525
390,"U10N5GtaBlFT","QEkvo9s6Ycer","66VLkhMqatvA",691,816.616497829233,759.0,1444,37.00977712665863,831,43,801,10,24.92571114638814,-0.6466921283971231,115.15432893255071,27.54124457308249,2025-12-10T08:59:00,82860000 milliseconds,21093.086014362634,0.33805731251482707,0.014367816091954023,0.03895231699126931,0.06985331694187458,0.05122367019134813,163.0,0.236,0.98,0.020000000000000018,0.7684544327312731,"terra",82860.0,21093.086014362634,0.2545629497267998
390,"U10N5GtaBlFT","66VLkhMqatvA","ZfvmLwje0s1G",659,676.4704097116844,684.0,713,37.058607143523425,693,113,659,82,23.147790458867053,0.8755617792241939,109.88225099390857,97.59028831562973,2025-12-12T08:40:00,171660000 milliseconds,39169.33952715519,0.30365006029036157,0.047407407407407405,0.10395010395010396,0.0013185117333374503,0.07396676456481509,164.0,0.249,0.97,0.030000000000000027,0.8092928479460255,"terra",171660.0,39169.33952715519,0.228179771217262
391,"U4n8QgDXT3Au",NA,"CEwaGZVpPIiD",351,529.5584045584045,358.0,745,25.36572207146987,540,217,520,193,17.96662388513881,-0.6560505499366114,75.59797974644665,204.8917378917379,2025-12-09T09:58:00,NA,NA,NA,NA,NA,NA,NA,NA,NA,NA,NA,NA,"terra",NaN,NaN,NaN
391,"U4n8QgDXT3Au","CEwaGZVpPIiD","kY7brGOyKBDJ",311,503.3022508038585,321.0,766,24.532073776696787,513,184,494,163,16.44652763090927,-0.7502492943912965,69.94112549695427,173.28938906752413,2025-12-10T03:01:00,61380000 milliseconds,10271.60546479239,0.22192082672123561,0.12084592145015106,0.10898379970544919,0.03341423325830991,0.08834391430384773,48.0,0.154,0.984,0.016000000000000014,0.7435086954389936,"aqua",61380.0,10271.60546479239,0.16734450089267497
391,"U4n8QgDXT3Au","kY7brGOyKBDJ","8lF1Rx05SnQl",305,504.8885245901639,306.0,927,24.05605772935219,515,198,496,176,16.254072054645356,-0.7087744603511028,66.76955262170047,187.04590163934427,2025-12-10T08:59:00,21480000 milliseconds,3461.9169424590946,0.21160861506473683,0.01948051948051948,0.04784688995215311,0.019593922737503724,0.011770767393536843,25.0,0.082,0.984,0.016000000000000014,0.40830071462844997,"terra",21480.0,3461.9169424590946,0.16116931761913847
391,"U4n8QgDXT3Au","8lF1Rx05SnQl","fQ915n0sM3aO",300,611.22,309.0,946,25.769271579665794,622,235,601,212,15.358886607074885,-0.6263311159699564,71.01219330881975,223.46333333333334,2025-12-11T09:38:00,88740000 milliseconds,28098.723273952928,0.42060808732808813,0.01652892561983471,0.00975609756097561,0.06876879186038921,0.056634082064228965,50.0,0.167,0.983,0.017000000000000015,0.7562959844335166,"terra",88740.0,28098.723273952928,0.31664101052459914
392,"U8bsAHhLsxHa",NA,"czUXQWVtzugL",1317,297.5064540622627,1529.0,583,62.98590389884674,317,849,276,786,28.70599717389644,0.5281655480331399,205.2020561473032,816.5550493545937,2025-12-09T04:00:00,NA,NA,NA,NA,NA,NA,NA,NA,NA,NA,NA,NA,"aqua",NaN,NaN,NaN
392,"U8bsAHhLsxHa","czUXQWVtzugL","hr4FDw65KLUn",1279,279.06098514464423,1467.0,477,60.13686577378429,297,886,260,830,29.733806090598293,-0.29429048240949235,180.50966799187808,856.8389366692729,2025-12-10T03:01:00,82860000 milliseconds,11076.514853431452,0.17752247541359809,0.029275808936825885,0.04138851802403204,0.046279630203864226,0.03517496156001958,357.0,0.279,0.961,0.039000000000000035,0.6476413941383399,"aqua",82860.0,11076.514853431452,0.13367746624947444
393,"U932GhlDqMuM",NA,"FAZiqQwyJr2H",699,357.25178826895564,725.0,427,37.20070494456792,375,504,339,477,24.813528972319393,-1.2910172467528729,111.1543289325507,491.0,2025-12-09T09:58:00,NA,NA,NA,NA,NA,NA,NA,NA,NA,NA,NA,NA,"terra",NaN,NaN,NaN
393,"U932GhlDqMuM","FAZiqQwyJr2H","u1UVdDYIpeYJ",664,346.28614457831327,697.0,646,37.04016210914518,364,489,328,462,23.818932197028293,-1.2600875468635295,109.39696961966999,475.9909638554217,2025-12-10T08:59:00,82860000 milliseconds,4647.018584125895,0.07447741941062418,0.05135730007336757,0.03938115330520394,0.004324918115694585,0.04090258857464445,47.0,0.071,0.99,0.010000000000000009,0.29144337947953475,"terra",82860.0,4647.018584125895,0.056082773161065594
393,"U932GhlDqMuM","u1UVdDYIpeYJ","ImtdstWlzynO",644,356.02950310559004,676.0,550,37.31807397514764,374,489,337,464,23.34785473651748,-1.329036113899496,110.22539674441617,477.97049689440996,2025-12-11T03:40:00,67260000 milliseconds,2485.6033779987797,0.049030543012107304,0.03058103975535168,0.03058994901675164,0.007474945093840582,0.01997496506066963,61.0,0.095,0.998,0.0020000000000000018,0.23465144193872084,"aqua",67260.0,2485.6033779987797,0.036955149836437405
393,"U932GhlDqMuM","ImtdstWlzynO","cSlqNoakwYY2",651,351.2534562211982,689.0,542,37.90551071087392,369,479,332,453,23.49970518675041,-1.2867960587078562,112.5685424949238,467.7142857142857,2025-12-11T09:38:00,21480000 milliseconds,2828.43255635094,0.17288707557157335,0.010810810810810811,0.01904761904761905,0.015618419094974054,0.00648274746781471,72.0,0.111,0.989,0.01100000000000001,0.34684667199279196,"terra",21480.0,2828.43255635094,0.13167749331242737
393,"U932GhlDqMuM","cSlqNoakwYY2","KcebgVD9wbdM",633,367.7519747235387,660.0,361,36.44982091910044,385,490,349,465,23.085678153208566,-1.311443061686958,105.25483399593904,477.8878357030016,2025-12-12T02:40:00,61320000 milliseconds,4845.759951654727,0.10479584670533579,0.028037383177570093,0.042994810971089696,0.03915495391823813,0.017774975919827227,70.0,0.111,0.987,0.013000000000000012,0.35675797069206094,"aqua",61320.0,4845.759951654727,0.07902413489326039
394,"UGOB0LtFCZA7",NA,"hsfpxXExv2gt",452,747.6438053097345,515.0,1353,32.67718688822147,759,500,738,470,19.430030143376175,0.29593848966018355,101.74011537017762,486.36504424778764,2025-12-09T04:00:00,NA,NA,NA,NA,NA,NA,NA,NA,NA,NA,NA,NA,"aqua",NaN,NaN,NaN
394,"UGOB0LtFCZA7","hsfpxXExv2gt","1Yjj92S3ZYEv",495,728.3898989898989,514.0,1023,31.253227758327597,743,530,712,509,21.040651137103307,-1.5304399031642968,94.66904755831213,520.2282828282828,2025-12-09T09:58:00,21480000 milliseconds,9738.556860915462,0.5952663117918986,0.0908130939809926,0.001943634596695821,0.044547157648405396,0.0795944591377064,122.0,0.246,0.985,0.015000000000000013,1.0731646571556988,"terra",21480.0,9738.556860915462,0.4533778799308874
394,"UGOB0LtFCZA7","1Yjj92S3ZYEv","ZOuLHXE3gbbq",466,716.7596566523605,502.0,1098,29.197411141088885,731,485,701,463,21.58951802804732,-1.521202711489872,92.08326112068522,474.3733905579399,2025-12-10T03:01:00,61380000 milliseconds,11826.700939914052,0.2555190869593616,0.060353798126951096,0.023622047244094488,0.068016373512921,0.02575016246441268,66.0,0.142,0.988,0.01200000000000001,0.5872614683077408,"aqua",61380.0,11826.700939914052,0.19268004138015724
394,"UGOB0LtFCZA7","ZOuLHXE3gbbq","u5RkbkDhZbSK",471,715.9787685774947,533.0,1263,29.809372626387628,730,499,699,476,21.932778447325457,-1.4108447631296452,100.32590180780451,486.9575371549894,2025-12-10T08:59:00,21480000 milliseconds,3152.087916777342,0.1926704105609622,0.010672358591248666,0.05990338164251208,0.020742072223771828,0.015774003077818895,88.0,0.187,0.968,0.03200000000000003,0.5187622260963136,"terra",21480.0,3152.087916777342,0.14674524752222262
394,"UGOB0LtFCZA7","u5RkbkDhZbSK","vhHSmkKlQaT1",465,762.3956989247312,470.0,785,28.557274174418747,773,540,749,514,21.12861892218619,-0.44494160124581406,84.18376618407356,527.094623655914,2025-12-12T08:40:00,171660000 milliseconds,15340.952414295582,0.11892672130156659,0.01282051282051282,0.12562313060817548,0.0429045874861388,0.03734943937089357,145.0,0.312,0.958,0.04200000000000004,0.6916243915872873,"terra",171660.0,15340.952414295582,0.08936824195674928
395,"UJc2Po3dvFfv",NA,"oxXTQjI0JbaF",562,759.2615658362989,639.0,1386,38.597391959411574,772,34,749,1,20.58388644935712,-0.26582239831800775,115.97665940288702,15.540925266903914,2025-12-09T04:00:00,NA,NA,NA,NA,NA,NA,NA,NA,NA,NA,NA,NA,"aqua",NaN,NaN,NaN
395,"UJc2Po3dvFfv","oxXTQjI0JbaF","equrzyIAGWZz",531,783.8531073446328,581.0,1030,37.31714387343672,798,34,771,1,19.15406744167369,-0.610112010693058,109.49747468305833,15.143126177024483,2025-12-11T03:40:00,171600000 milliseconds,6148.689686998447,0.04768274282278749,0.056724611161939616,0.09508196721311475,0.033728667953493295,0.07196238697162277,166.0,0.313,0.894,0.10599999999999998,0.7241803761229579,"aqua",171600.0,6148.689686998447,0.03583152498250843
395,"UJc2Po3dvFfv","equrzyIAGWZz","OT1keQXaWF1L",618,691.2588996763754,693.0,727,40.947604518311536,701,80,679,40,20.656558213890925,0.07858341110044985,126.5035713374682,59.94660194174757,2025-12-12T08:40:00,104400000 milliseconds,25716.0440366424,0.32738439257342333,0.1514360313315927,0.17582417582417584,0.0927738405725863,0.07548189697979399,182.0,0.294,0.968,0.03200000000000003,1.1489003372815723,"terra",104400.0,25716.0440366424,0.24632226088737932
396,"UL1Pjflj3GiH",NA,"jCGvb8J1kNhI",2160,374.8740740740741,2523.0,448,65.77791342390228,402,800,350,734,45.94140033477103,-0.011719985473203872,229.37972567696687,766.1138888888889,2025-12-09T09:58:00,NA,NA,NA,NA,NA,NA,NA,NA,NA,NA,NA,NA,"terra",NaN,NaN,NaN
396,"UL1Pjflj3GiH","jCGvb8J1kNhI","FFVfNvl322HR",2392,368.27299331103677,2636.0,673,69.3149808963727,391,789,343,719,46.59967732431528,0.17981426377439994,226.48023074035518,752.4226588628762,2025-12-10T08:59:00,82860000 milliseconds,3799.8688041935507,0.06090021322531534,0.10193321616871705,0.04380693932932739,0.05236496694022754,0.014226698158179792,452.0,0.189,0.995,0.0050000000000000044,0.4672320338217671,"terra",82860.0,3799.8688041935507,0.04585890422632815
396,"UL1Pjflj3GiH","FFVfNvl322HR","a9TDfH9J90tF",2099,375.0929013816103,2301.0,575,69.65094275107717,397,772,352,704,42.188228064025026,0.09102460862922554,205.82337649086284,736.772748928061,2025-12-11T09:38:00,88740000 milliseconds,4267.836300888477,0.06388498317324268,0.13048318859942107,0.13570994531091757,0.004835168880059897,0.09937049964171289,379.0,0.181,0.974,0.026000000000000023,0.6412837856053542,"terra",88740.0,4267.836300888477,0.048093715358220386
396,"UL1Pjflj3GiH","a9TDfH9J90tF","B4qCrTPITL3T",1953,401.17665130568355,2033.0,407,62.51576956151351,420,769,379,708,40.917104058967816,-0.12271536357089503,189.8528137423857,738.9078341013825,2025-12-12T02:40:00,61320000 milliseconds,6542.746932667729,0.1414953921424682,0.07206317867719644,0.12367328103368712,0.10797231866807867,0.030590672646034146,407.0,0.208,0.984,0.016000000000000014,0.6997948431674645,"aqua",61320.0,6542.746932667729,0.10669841703632957
397,"Uahb8LaccZ7R",NA,"RSH5y886wVwl",586,252.9334470989761,655.0,508,32.45062346784836,265,525,238,495,24.19083607716859,-0.4119942729737533,107.53300858899107,510.6331058020478,2025-12-09T04:00:00,NA,NA,NA,NA,NA,NA,NA,NA,NA,NA,NA,NA,"aqua",NaN,NaN,NaN
397,"Uahb8LaccZ7R","RSH5y886wVwl","jRWbYKBSpSXB",627,251.44497607655504,671.0,433,34.39493704697536,264,515,237,482,24.149627836433748,-0.202043596962569,110.11879502661796,499.4976076555024,2025-12-10T03:01:00,82860000 milliseconds,2808.6347323511004,0.04501377886611268,0.06760098928276999,0.024132730015082957,0.0581733046787999,0.0017049170570019058,99.0,0.158,0.998,0.0020000000000000018,0.35662571989976743,"aqua",82860.0,2808.6347323511004,0.033896146902620085
397,"Uahb8LaccZ7R","jRWbYKBSpSXB","RRX1qYaG5gjA",555,255.5009009009009,600.0,460,31.79514020530754,268,518,239,488,23.30961659462886,-0.6049218689234048,99.18986283848345,504.4432432432432,2025-12-10T08:59:00,21480000 milliseconds,1599.0199644523148,0.0977396066291146,0.1218274111675127,0.11172305271439811,0.07855548594568684,0.03539926738720227,133.0,0.24,0.969,0.031000000000000028,0.7162448238439145,"terra",21480.0,1599.0199644523148,0.0744422702258992
397,"Uahb8LaccZ7R","RRX1qYaG5gjA","sEhD9OAZmnii",534,262.69662921348316,558.0,433,30.856808826211218,275,517,250,488,22.84333329293597,-0.535629320661394,94.08326112068522,503.9719101123595,2025-12-11T03:40:00,67260000 milliseconds,1802.7870934466787,0.03556143788236865,0.03856749311294766,0.07253886010362694,0.02995378096295996,0.020206002122456858,59.0,0.11,0.987,0.013000000000000012,0.3198275741843601,"aqua",67260.0,1802.7870934466787,0.026803257410744553
397,"Uahb8LaccZ7R","sEhD9OAZmnii","jttH7KDo7cIN",560,274.8392857142857,593.0,243,31.759993448061834,287,517,261,487,23.47416208444564,-0.486491016755086,98.08326112068522,503.61071428571427,2025-12-12T02:40:00,82800000 milliseconds,3037.0068459923314,0.0487090111626677,0.04753199268738574,0.060816681146828845,0.028847995715095855,0.02723933089947373,50.0,0.089,0.988,0.01200000000000001,0.31414501161145186,"aqua",82800.0,3037.0068459923314,0.03667882664241946
398,"UdbByvm40I60",NA,"L7SFrCmXJzDi",436,659.2362385321101,441.0,915,24.732216248980176,671,131,648,107,22.692608109967992,-0.29318920437388873,80.18376618407358,119.0802752293578,2025-12-09T09:58:00,NA,NA,NA,NA,NA,NA,NA,NA,NA,NA,NA,NA,"terra",NaN,NaN,NaN
398,"UdbByvm40I60","L7SFrCmXJzDi","8nt8tHGkTF1i",434,618.2373271889401,439.0,926,24.557243346016065,630,92,606,68,22.765128259645056,-0.3106867279194664,81.01219330881976,79.80184331797236,2025-12-10T03:01:00,61380000 milliseconds,14194.422198399041,0.3066743480263377,0.004597701149425287,0.004545454545454545,0.007099810158270585,0.0031906626008567245,48.0,0.111,0.999,0.0010000000000000009,0.43810797648034483,"aqua",61380.0,14194.422198399041,0.23125484194198503
398,"UdbByvm40I60","8nt8tHGkTF1i","YXYkWqoFKGlh",412,619.8228155339806,418.0,681,23.622273748871617,632,103,608,80,22.492768881778325,-0.6276262823875504,78.42640687119284,91.45873786407768,2025-12-12T02:40:00,171540000 milliseconds,2941.0559726831034,0.02281568575837325,0.05200945626477541,0.049008168028004666,0.03881191234453687,0.012035883020178946,61.0,0.148,0.987,0.013000000000000012,0.33568110541586915,"aqua",171540.0,2941.0559726831034,0.017145015580524097
399,"UfyaHa8XR8o0",NA,"HxlAhEts4YJf",596,548.1828859060403,689.0,1014,32.82041542974036,563,30,532,1,26.01619066816007,-0.6166056826832158,117.25483399593904,13.251677852348994,2025-12-09T04:00:00,NA,NA,NA,NA,NA,NA,NA,NA,NA,NA,NA,NA,"aqua",NaN,NaN,NaN
399,"UfyaHa8XR8o0","HxlAhEts4YJf","Yo0SaolBE41I",656,593.1158536585366,670.0,1036,34.697215494600634,607,120,579,85,24.504325168667904,0.16732627567184702,103.9827560572969,102.65853658536585,2025-12-10T08:59:00,104340000 milliseconds,25015.692549318555,0.3186509464278524,0.09584664536741214,0.027961736571008096,0.05559436962364346,0.05985154642423747,192.0,0.293,0.913,0.08699999999999997,0.9379052444141536,"terra",104340.0,25015.692549318555,0.23975170164192597
399,"UfyaHa8XR8o0","Yo0SaolBE41I","diaLeekaaQhd",726,585.3815426997245,762.0,901,36.193244861231086,603,115,569,80,26.86068827815322,0.5608089933149921,116.71067811865474,98.10743801652893,2025-12-11T09:38:00,88740000 milliseconds,2243.491478015774,0.03358268809244479,0.10130246020260492,0.12849162011173185,0.042206789436017064,0.0917497320204107,166.0,0.229,0.978,0.02200000000000002,0.6483332898632094,"terra",88740.0,2243.491478015774,0.02528162585097785
399,"UfyaHa8XR8o0","diaLeekaaQhd","rAiVBP4gHZvy",628,660.6226114649681,734.0,709,35.383909958074675,677,74,644,41,25.23885676017416,-0.9164535667372745,130.46803743153546,57.88375796178344,2025-12-12T08:40:00,82920000 milliseconds,21329.50255233736,0.34159997681514026,0.1447562776957164,0.0374331550802139,0.02261433568292989,0.062258951274371,192.0,0.306,0.975,0.025000000000000022,0.9396626965483714,"terra",82920.0,21329.50255233736,0.25722989088684706
400,"UhvubD2iuw3r",NA,"kioUsvqict8u",2496,991.84375,3085.0,1185,90.9758081955905,1020,1012,959,933,41.68144073570313,0.5417970555955293,294.3919189857866,970.0236378205128,2025-12-11T03:40:00,NA,NA,NA,NA,NA,NA,NA,NA,NA,NA,NA,NA,"aqua",NaN,NaN,NaN
400,"UhvubD2iuw3r","kioUsvqict8u","XvG40MaRKxAA",2887,1108.3169379979217,3115.0,1061,85.93665870231342,1136,924,1083,839,45.08521189849166,0.20779385684041704,281.9066376115481,878.6546588153793,2025-12-12T08:40:00,104400000 milliseconds,37008.69310618094,0.47114822541287,0.1452721530744938,0.00967741935483871,0.056967714956856826,0.07845804947987822,819.0,0.284,0.976,0.02400000000000002,1.0695235622789374,"terra",104400.0,37008.69310618094,0.35448939756878295
401,"Ut2o9iXTFP55",NA,"DzoF4Ysltzdb",366,1024.551912568306,376.0,1748,24.371201909022904,1034,1115,1014,1090,19.84061791752085,-0.0909136033344587,77.59797974644665,1101.4617486338798,2025-12-10T03:01:00,NA,NA,NA,NA,NA,NA,NA,NA,NA,NA,NA,NA,"aqua",NaN,NaN,NaN
401,"Ut2o9iXTFP55","DzoF4Ysltzdb","VCMrOfZqrLid",354,1027.1186440677966,370.0,1853,24.36971924016371,1036,1118,1017,1093,19.325215922948843,0.0050951466022935024,76.76955262170048,1104.765536723164,2025-12-10T08:59:00,21480000 milliseconds,1045.9184459534981,0.06393144535168081,0.03333333333333333,0.0160857908847185,6.0838770554005764e-5,0.026318959359902395,36.0,0.102,0.999,0.0010000000000000009,0.24273036770018902,"terra",21480.0,1045.9184459534981,0.04869266508163399
401,"Ut2o9iXTFP55","VCMrOfZqrLid","U14wefeOWwDF",368,1031.4130434782608,381.0,1636,23.886557080261582,1041,1114,1021,1089,20.268413167435803,-0.026706963929605976,77.84062043356595,1100.9347826086957,2025-12-11T09:38:00,88740000 milliseconds,1438.6743764249986,0.021535429629892952,0.038781163434903045,0.02929427430093209,0.020024842227522738,0.04764388949211107,38.0,0.103,0.999,0.0010000000000000009,0.26127959908536186,"terra",88740.0,1438.6743764249986,0.01621224224053413
402,"UwJsHXHMC05O",NA,"62Qz23QYqm6X",2471,533.6179684338324,2747.0,795,72.24881679880937,559,1121,510,1051,47.16086244399654,0.37981996772829607,240.27312395916866,1086.2343180898422,2025-12-10T03:01:00,NA,NA,NA,NA,NA,NA,NA,NA,NA,NA,NA,NA,"aqua",NaN,NaN,NaN
402,"UwJsHXHMC05O","62Qz23QYqm6X","TTfWpHvYMvGC",2567,600.3864433190495,2666.0,897,68.57322934792849,631,1168,566,1112,48.19958021953571,0.9854190021539606,220.3147545195113,1138.6229061160889,2025-12-11T09:38:00,110220000 milliseconds,21217.023521634786,0.25588884425779157,0.038110361254466055,0.029927951228523923,0.05220187536617508,0.021785087118442993,586.0,0.228,0.957,0.04300000000000004,0.6689141192253997,"terra",110220.0,21217.023521634786,0.19249703793898373
403,"V6Kyk2s5PzUq",NA,"v3qPZgtBLeCF",393,566.295165394402,428.0,1043,32.328170211283485,581,948,553,925,16.4835168486997,-0.9655990708507965,90.91168824543142,936.0788804071246,2025-12-09T04:00:00,NA,NA,NA,NA,NA,NA,NA,NA,NA,NA,NA,NA,"aqua",NaN,NaN,NaN
403,"V6Kyk2s5PzUq","v3qPZgtBLeCF","ENC4SCycN0kI",380,583.1631578947369,406.0,812,30.65036830083092,597,958,569,936,16.459698722218125,-1.0116377447662646,83.49747468305831,947.1421052631579,2025-12-09T09:58:00,21480000 milliseconds,5043.090044844178,0.3082573377044119,0.03363518758085381,0.05275779376498801,0.053281703580016465,0.0014460110264768655,51.0,0.134,0.972,0.028000000000000025,0.6113780336567471,"terra",21480.0,5043.090044844178,0.234780728344701
403,"V6Kyk2s5PzUq","ENC4SCycN0kI","0LIMZGpWZVU4",400,530.5675,445.0,805,34.81261135218901,547,947,518,924,17.211147284287648,1.1105812876231886,93.59797974644665,937.46,2025-12-10T03:01:00,61380000 milliseconds,13369.850391148419,0.2888592501058317,0.05128205128205128,0.09165687426556991,0.12716326306622913,0.04463496770614738,112.0,0.28,0.949,0.051000000000000045,0.9345964064258294,"aqua",61380.0,13369.850391148419,0.21782095782255487
404,"VFNLTbuLz3rS",NA,"CzuQufZeoYuY",498,566.2008032128514,549.0,851,30.454442991729827,581,1182,550,1157,22.771393315384515,-1.304157583497421,97.91168824543142,1170.5823293172691,2025-12-10T03:01:00,NA,NA,NA,NA,NA,NA,NA,NA,NA,NA,NA,NA,"aqua",NaN,NaN,NaN
404,"VFNLTbuLz3rS","CzuQufZeoYuY","JhLLsIfRmnYv",495,513.420202020202,528.0,584,29.767210141316085,527,1015,501,986,21.903273457149584,-0.6539677749613284,94.49747468305831,1001.2767676767677,2025-12-12T02:40:00,171540000 milliseconds,44335.485973895054,0.34393922635968394,0.006042296072507553,0.03899721448467967,0.022823446872023246,0.038864077605997895,109.0,0.22,0.985,0.015000000000000013,0.6856662613948924,"aqua",171540.0,44335.485973895054,0.25845567199425823
405,"VIjW5uAK1q6O",NA,"uxCI6tXWMwy5",351,433.84615384615387,379.0,604,32.771192009836184,443,678,427,646,15.012686814574822,-0.08150874577007484,89.84062043356596,660.1737891737891,2025-12-09T09:58:00,NA,NA,NA,NA,NA,NA,NA,NA,NA,NA,NA,NA,"terra",NaN,NaN,NaN
405,"VIjW5uAK1q6O","uxCI6tXWMwy5","ESVMLk9bpQcb",350,424.5285714285714,375.0,811,32.08173285218304,433,661,418,630,14.78785494707916,-0.08011987818058532,86.42640687119285,644.0028571428571,2025-12-10T08:59:00,82860000 milliseconds,4665.809045984583,0.07477857273795308,0.0028530670470756064,0.010610079575596816,0.021262237875008316,0.015089112761363726,34.0,0.097,0.988,0.01200000000000001,0.23359306999699755,"terra",82860.0,4665.809045984583,0.05630954677751125
405,"VIjW5uAK1q6O","ESVMLk9bpQcb","TcrvJlt6oDWR",359,404.899721448468,401.0,496,33.7809729330045,419,771,389,745,15.803277493682256,0.9610957167551155,93.7401153701776,757.150417827298,2025-12-12T08:40:00,171660000 milliseconds,28709.386792890415,0.22256201242598872,0.02538787023977433,0.06701030927835051,0.051599461654781235,0.06638672488306369,86.0,0.24,0.983,0.017000000000000015,0.6899463784819585,"terra",171660.0,28709.386792890415,0.16724564134271475
406,"VQNkk7XbqGBU",NA,"q1YYLPGUfTcs",390,151.86666666666667,418.0,265,33.41184265626582,164,1157,137,1132,16.159162732059087,-0.8632879236287273,88.18376618407356,1146.9435897435897,2025-12-10T08:59:00,NA,NA,NA,NA,NA,NA,NA,NA,NA,NA,NA,NA,"terra",NaN,NaN,NaN
406,"VQNkk7XbqGBU","q1YYLPGUfTcs","6SCIRVdEtAXF",378,226.57671957671957,414.0,222,28.106091900122824,238,1179,216,1152,18.463809020581483,-0.5596775197649334,94.66904755831213,1166.3068783068784,2025-12-12T08:40:00,171660000 milliseconds,19294.63809878293,0.14957663551907383,0.03125,0.009615384615384616,0.17249443741579562,0.13312816155630133,123.0,0.325,0.982,0.018000000000000016,0.8390646191065554,"terra",171660.0,19294.63809878293,0.1124003151507802
407,"VU6ELSRkon4U",NA,"Dn7tsCjIPRv6",625,1191.6272,645.0,2121,39.06682812734086,1200,531,1178,488,22.376698564104768,0.07432653234656357,110.25483399593904,509.208,2025-12-10T08:59:00,NA,NA,NA,NA,NA,NA,NA,NA,NA,NA,NA,NA,"terra",NaN,NaN,NaN
407,"VU6ELSRkon4U","Dn7tsCjIPRv6","mfEstUxoIFIC",643,1192.3312597200622,658.0,1179,42.65807475909608,1200,514,1178,466,22.4473273189275,-0.02408286054765812,119.25483399593904,489.99533437014,2025-12-12T08:40:00,171660000 milliseconds,4806.390412085639,0.03726028460084219,0.028391167192429023,0.019953952417498082,0.08788622573820694,0.003151379352092845,90.0,0.14,0.975,0.025000000000000022,0.34164300930106906,"terra",171660.0,4806.390412085639,0.027999478108386572
408,"VU844Pc1JjZa",NA,"TyhWAWoBzAuE",1147,157.96163905841325,1406.0,141,45.74523596522929,181,551,138,507,38.530023125989395,1.4921799927461536,199.30865786510142,527.8142981691369,2025-12-09T09:58:00,NA,NA,NA,NA,NA,NA,NA,NA,NA,NA,NA,NA,"terra",NaN,NaN,NaN
408,"VU844Pc1JjZa","TyhWAWoBzAuE","UVLi2rOXWEZB",1335,183.50337078651685,1402.0,311,45.219098401534026,205,429,164,383,38.630115446480744,-0.20903709657997152,157.36753236814712,404.5220973782772,2025-12-10T08:59:00,82860000 milliseconds,31477.518600109754,0.5044878371681987,0.1514907332796132,0.002849002849002849,0.011567996783748376,0.0025944048920373735,379.0,0.284,0.966,0.03400000000000003,0.9909899749726003,"terra",82860.0,31477.518600109754,0.37988798696729126
408,"VU844Pc1JjZa","UVLi2rOXWEZB","XLHWfrWxw5Hx",1443,122.96604296604296,1544.0,175,48.77824415789188,147,520,103,472,39.01002931164822,-0.37848003580905737,183.82337649086284,495.7165627165627,2025-12-11T03:40:00,67260000 milliseconds,27364.665364274144,0.5397902231832359,0.07775377969762419,0.09640190088255261,0.07572864635205481,0.009786531602974546,249.0,0.173,0.975,0.025000000000000022,0.9974610817184419,"aqua",67260.0,27364.665364274144,0.4068490241491844
408,"VU844Pc1JjZa","XLHWfrWxw5Hx","N4HN2mhdnkbD",1426,132.9726507713885,1533.0,80,52.77336891047068,154,569,111,521,35.70642213954142,0.6657416982503925,175.6812408671319,545.6963534361852,2025-12-12T08:40:00,104400000 milliseconds,12742.918818277232,0.16222684682720856,0.011850819100731963,0.007149821254468639,0.07868166013058514,0.0884305158487074,333.0,0.234,0.991,0.009000000000000008,0.5913396631617017,"terra",104400.0,12742.918818277232,0.12205860937047157
409,"VYv4CJohtmwe",NA,"MPoq9RR0De0l",862,560.5719257540603,909.0,778,41.932555541668066,576,287,542,249,27.507842094925365,0.6930856985194334,123.98275605729688,266.26450116009283,2025-12-09T09:58:00,NA,NA,NA,NA,NA,NA,NA,NA,NA,NA,NA,NA,"terra",NaN,NaN,NaN
409,"VYv4CJohtmwe","MPoq9RR0De0l","rRSuc74C9OWr",883,534.1494903737259,924.0,958,42.162096621804416,551,269,515,230,28.060802697620655,0.7190147017220344,127.29646455628165,247.2061155152888,2025-12-10T08:59:00,82860000 milliseconds,8144.657584937268,0.13053381817352783,0.024068767908309457,0.016366612111292964,0.00545911242227729,0.019901892686411668,76.0,0.086,0.999,0.0010000000000000009,0.28333020330181913,"terra",82860.0,8144.657584937268,0.09829420208710196
409,"VYv4CJohtmwe","rRSuc74C9OWr","e8wU0j1bNTK5",893,533.7390817469205,948.0,831,42.312714958763266,550,267,515,228,28.33685508233867,0.6719535012349938,127.63961030678928,245.67861142217245,2025-12-11T09:38:00,88740000 milliseconds,395.4193972419865,0.00591900901492383,0.01126126126126126,0.02564102564102564,0.0035659940316101896,0.009789498202037316,55.0,0.062,0.995,0.0050000000000000044,0.12317678815085825,"terra",88740.0,395.4193972419865,0.004455931904913077
409,"VYv4CJohtmwe","e8wU0j1bNTK5","pxViI5VSVtJm",852,413.5176056338028,1000.0,504,46.753497898997026,430,171,397,123,26.067391086947065,0.464985389440453,150.61017305526642,146.75469483568074,2025-12-12T08:40:00,82920000 milliseconds,38922.31412669032,0.6233554472564112,0.04699140401146132,0.053388090349075976,0.09971868787832572,0.08342966423355551,242.0,0.284,0.955,0.04500000000000004,1.2358832937288298,"terra",82920.0,38922.31412669032,0.4693959735490873
410,"VjwdLrNkOoXR",NA,"zsX1RBPIIC9F",2116,1046.2121928166353,2172.0,1755,61.83712972310712,1077,554,1019,497,44.71475542194988,0.8120519923634824,190.3086578651014,527.3998109640831,2025-12-10T03:01:00,NA,NA,NA,NA,NA,NA,NA,NA,NA,NA,NA,NA,"aqua",NaN,NaN,NaN
410,"VjwdLrNkOoXR","zsX1RBPIIC9F","trdpBsq3ZvHZ",2131,1047.7996245893946,2194.0,1859,61.51690920607194,1080,563,1020,508,45.310588432506925,0.8900726627918506,191.48023074035524,537.532144533083,2025-12-10T08:59:00,21480000 milliseconds,2563.9827805906825,0.15672266385028621,0.007063809748057453,0.010077874484654145,0.00519189350936501,0.01323700604843725,151.0,0.071,0.996,0.0040000000000000036,0.26729324764080004,"terra",21480.0,2563.9827805906825,0.1193660512379275
410,"VjwdLrNkOoXR","trdpBsq3ZvHZ","laebvVp2TI5O",2127,1052.9567465914433,2202.0,1210,62.29803689455509,1087,538,1025,483,45.07876239921968,0.9240591842273995,194.89444430272835,512.6497414198401,2025-12-12T02:40:00,150060000 milliseconds,6352.803967707575,0.056321680639279885,0.0018788163457022077,0.003639672429481347,0.01261766391027322,0.005129498799450999,138.0,0.065,0.993,0.007000000000000006,0.15158733212418768,"aqua",150060.0,6352.803967707575,0.04233509241441807
411,"VoXswkwKUfdu",NA,"8J2RNM2nae7b",348,925.7959770114943,351.0,1531,22.107080606333184,936,410,915,390,20.23841746361564,0.4501763134514927,69.69848480983501,399.9051724137931,2025-12-10T03:01:00,NA,NA,NA,NA,NA,NA,NA,NA,NA,NA,NA,NA,"aqua",NaN,NaN,NaN
411,"VoXswkwKUfdu","8J2RNM2nae7b","UkZcgSRqRUJR",369,925.9322493224932,374.0,1667,22.989624576600477,936,424,916,402,20.593614483864133,0.29275010983636446,72.76955262170047,413.0975609756098,2025-12-10T08:59:00,21480000 milliseconds,3298.273090845203,0.2016059346482398,0.058577405857740586,0.06344827586206897,0.039140064299033585,0.017397959558092306,36.0,0.098,0.999,0.0010000000000000009,0.4791696402251753,"terra",21480.0,3298.273090845203,0.15355088877305414
411,"VoXswkwKUfdu","UkZcgSRqRUJR","1tH6bQrfYtPs",351,929.925925925926,359.0,1469,22.38926259130867,940,405,920,384,20.1858710133641,0.47665679293173085,71.69848480983498,394.4216524216524,2025-12-11T09:38:00,88740000 milliseconds,4774.535403632114,0.07146973136190576,0.05,0.040927694406548434,0.02645996950389608,0.019997479886191685,32.0,0.091,0.992,0.008000000000000007,0.307854875158542,"terra",88740.0,4774.535403632114,0.05380364439522328
412,"W10sjLv6fQA1",NA,"2G59GsJciJ3j",1428,34.92787114845938,1613.0,44,57.598336331545724,52,666,15,608,34.253502127282374,0.3475480098324987,193.06601717798213,634.03081232493,2025-12-09T04:00:00,NA,NA,NA,NA,NA,NA,NA,NA,NA,NA,NA,NA,"aqua",NaN,NaN,NaN
412,"W10sjLv6fQA1","2G59GsJciJ3j","QZCik98y33jS",1512,51.889550264550266,1681.0,64,61.04784767946188,70,683,34,620,33.91022435810513,0.2548488138678143,182.61017305526642,648.5535714285714,2025-12-11T03:40:00,171600000 milliseconds,5582.389107830722,0.04329111367065314,0.05714285714285714,0.041287188828172436,0.05814786841515481,0.010072153823656666,231.0,0.153,0.988,0.01200000000000001,0.3749411818804942,"aqua",171600.0,5582.389107830722,0.03253140505728859
413,"W6tkbHvRUrgv",NA,"VUuoSFGR1fcH",335,660.4238805970149,350.0,916,24.581948975510276,672,642,648,619,18.71520161318522,-0.8493248677597357,77.25483399593905,632.1373134328359,2025-12-09T09:58:00,NA,NA,NA,NA,NA,NA,NA,NA,NA,NA,NA,NA,"terra",NaN,NaN,NaN
413,"W6tkbHvRUrgv","VUuoSFGR1fcH","Yaj3ZIMwmRHF",341,682.6686217008797,362.0,1046,23.645415525308994,693,563,671,544,18.871886440492414,-1.5473105128556235,72.76955262170047,553.8269794721408,2025-12-10T03:01:00,61380000 milliseconds,20352.11431248232,0.4397129591116414,0.01775147928994083,0.033707865168539325,0.03883825956051867,0.008337162329970116,60.0,0.176,0.991,0.009000000000000008,0.7233477254606104,"aqua",61380.0,20352.11431248232,0.33157566491499385
413,"W6tkbHvRUrgv","Yaj3ZIMwmRHF","1qrNqOjsljQ3",340,678.2735294117647,342.0,1202,23.49567863288299,689,573,667,555,18.73657505388423,1.5106438627844245,69.69848480983501,563.9323529411764,2025-12-10T08:59:00,21480000 milliseconds,2754.943388466986,0.16839507264468132,0.002936857562408223,0.056818181818181816,0.006352711794237606,0.007195794841456926,62.0,0.182,0.999,0.0010000000000000009,0.4246986186609659,"terra",21480.0,2754.943388466986,0.1282562098913867
413,"W6tkbHvRUrgv","1qrNqOjsljQ3","uI014DkE1vOd",345,693.0492753623189,351.0,1077,24.38927383525601,704,559,681,541,18.300239220330027,1.5440668632921328,71.11269837220809,550.7797101449275,2025-12-11T09:38:00,88740000 milliseconds,4945.418845513976,0.0740276752565523,0.014598540145985401,0.025974025974025976,0.037322589093832285,0.023562276729507402,49.0,0.142,0.999,0.0010000000000000009,0.3184851071999033,"terra",88740.0,4945.418845513976,0.05572930860394383
414,"W9WTfl0AX5Ww",NA,"3edFSvu1R3tV",320,53.0125,332.0,91,21.05239956670825,64,482,44,462,20.292953764389804,-1.5569408540969198,72.2842712474619,471.425,2025-12-10T03:01:00,NA,NA,NA,NA,NA,NA,NA,NA,NA,NA,NA,NA,"aqua",NaN,NaN,NaN
414,"W9WTfl0AX5Ww","3edFSvu1R3tV","WSfjifBwf9CF",309,140.62459546925567,329.0,217,21.49715808480036,152,551,131,531,18.866812924391475,0.878017455366083,77.3908729652601,540.411003236246,2025-12-11T03:40:00,88740000 milliseconds,27878.024404341882,0.41730445931205573,0.034976152623211444,0.009077155824508321,0.020905435573962662,0.07283704478284843,65.0,0.21,0.997,0.0030000000000000027,0.7681002481165866,"aqua",88740.0,27878.024404341882,0.31415398246948256
415,"WABczAFz2kc1",NA,"Q0kIC7bwYyrd",1532,462.1468668407311,1615.0,707,54.82986649229564,489,1190,431,1152,36.991269025761866,1.339659312527235,171.36753236814712,1169.6625326370756,2025-12-11T09:38:00,NA,NA,NA,NA,NA,NA,NA,NA,NA,NA,NA,NA,"terra",NaN,NaN,NaN
415,"WABczAFz2kc1","Q0kIC7bwYyrd","7wduGOrrHqEf",1522,545.7371879106439,1604.0,629,56.55595043121365,573,1180,514,1142,35.103398584838835,-1.5238681662089955,179.58073580374355,1160.8777923784494,2025-12-12T08:40:00,82920000 milliseconds,21012.664987428772,0.3365257044751565,0.006548788474132285,0.006834420627524076,0.03099288556824686,0.05237198543226076,352.0,0.231,0.992,0.008000000000000007,0.6722737845773205,"terra",82920.0,21012.664987428772,0.2534088879332944
416,"WE1Cp5aA4ZOb",NA,"Q4UPG6gQk0HD",509,920.4165029469548,530.0,1515,30.51650080066664,937,89,906,64,22.57283597988797,-1.2795893797855626,98.32590180780451,77.55992141453831,2025-12-10T03:01:00,NA,NA,NA,NA,NA,NA,NA,NA,NA,NA,NA,NA,"aqua",NaN,NaN,NaN
416,"WE1Cp5aA4ZOb","Q4UPG6gQk0HD","18B3vyejoclR",529,900.2098298676749,615.0,1608,30.825569137621514,914,107,885,78,24.462837937949722,0.9183910486972621,107.9827560572969,93.703213610586,2025-12-10T08:59:00,21480000 milliseconds,6465.85029143436,0.3952231229483105,0.038535645472061654,0.14847161572052403,0.01007687993788942,0.0803646169230284,152.0,0.287,0.973,0.027000000000000024,0.986671881001814,"terra",21480.0,6465.85029143436,0.30101723889359217
416,"WE1Cp5aA4ZOb","18B3vyejoclR","gVoFF9lr907L",498,918.0140562248996,532.0,1139,30.81761173298948,935,81,904,56,21.851262175023674,-1.1414308651873029,98.91168824543144,69.08032128514056,2025-12-11T03:40:00,67260000 milliseconds,7596.369620786692,0.14984455312726486,0.06037000973709834,0.14472537053182213,0.0002581763147082387,0.11277670327419358,148.0,0.297,0.973,0.027000000000000024,0.7919748129850872,"aqua",67260.0,7596.369620786692,0.1129403749745271
416,"WE1Cp5aA4ZOb","gVoFF9lr907L","AsyVWv65bX4x",455,921.5384615384615,490.0,1024,28.972880253862098,938,71,909,47,21.542303058730734,-1.17876696879844,94.66904755831213,59.79120879120879,2025-12-12T02:40:00,82800000 milliseconds,2483.8106275839414,0.039836577828130576,0.09024134312696747,0.0821917808219178,0.06170651613079398,0.014239858588646709,86.0,0.189,0.992,0.008000000000000007,0.48521607649645654,"aqua",82800.0,2483.8106275839414,0.02999771289352586
417,"WFzbLdisoc0c",NA,"YOIr4dJ8rFSD",317,690.7570977917981,364.0,1253,31.999381510822328,700,75,682,47,14.145299531506437,0.27831161925515957,87.1543289325507,60.05047318611987,2025-12-09T04:00:00,NA,NA,NA,NA,NA,NA,NA,NA,NA,NA,NA,NA,"aqua",NaN,NaN,NaN
417,"WFzbLdisoc0c","YOIr4dJ8rFSD","xqGqXMmOsUyG",302,765.9602649006622,323.0,1084,28.892936528982204,779,116,753,101,13.929450304211953,1.2622464805823208,75.94112549695429,109.03311258278146,2025-12-09T09:58:00,21480000 milliseconds,22437.15571527941,1.371464285775025,0.048465266558966075,0.11935953420669577,0.10203076781571954,0.015376751604736843,123.0,0.407,0.973,0.027000000000000024,2.0906966059611434,"terra",21480.0,22437.15571527941,1.044560321940382
417,"WFzbLdisoc0c","xqGqXMmOsUyG","NxdWlDR7NgWU",301,727.468438538206,319.0,1130,25.23718896113398,738,85,718,64,16.34963621331946,-0.8615670950172639,73.11269837220809,73.75415282392026,2025-12-10T03:01:00,61380000 milliseconds,13053.31782149855,0.2820204779409863,0.003316749585406302,0.012461059190031152,0.13507256947023852,0.1598585814473785,91.0,0.302,0.989,0.01100000000000001,0.9057294376340408,"aqua",61380.0,13053.31782149855,0.21266402446234195
417,"WFzbLdisoc0c","NxdWlDR7NgWU","LI6Of4Be4EzK",304,809.1776315789474,317.0,1057,23.312328765024994,822,69,799,50,17.230613840289074,-1.1292816152389769,71.01219330881975,59.07236842105263,2025-12-11T03:40:00,88740000 milliseconds,20754.437809510513,0.31067192290263473,0.009917355371900827,0.006289308176100629,0.07929471954658998,0.052469986111669455,67.0,0.22,0.979,0.02100000000000002,0.6996432921088956,"aqua",88740.0,20754.437809510513,0.2338791729717209
417,"WFzbLdisoc0c","LI6Of4Be4EzK","XqsqTq9IBI5I",320,794.825,326.0,864,26.543203222189753,803,87,786,61,15.703286485813596,-0.2866797514485607,72.76955262170046,74.746875,2025-12-12T02:40:00,82800000 milliseconds,5313.239299937829,0.08521634803428756,0.05128205128205128,0.027993779160186624,0.1296094667285189,0.0927510765109684,77.0,0.241,0.99,0.010000000000000009,0.6378527217160127,"aqua",82800.0,5313.239299937829,0.06416955676253416
418,"WOJD0g9gYizq",NA,"BYB22q7nzkna",361,385.45706371191136,383.0,783,24.453529906799815,397,104,375,79,19.989058583463613,0.1940442704377244,84.08326112068524,92.16343490304709,2025-12-09T04:00:00,NA,NA,NA,NA,NA,NA,NA,NA,NA,NA,NA,NA,"aqua",NaN,NaN,NaN
418,"WOJD0g9gYizq","BYB22q7nzkna","20s1dgoW0AoR",335,399.5313432835821,347.0,513,26.47121004403235,414,58,387,41,17.137474678586315,1.4988740292472897,75.69848480983501,50.54029850746269,2025-12-09T09:58:00,21480000 milliseconds,10984.565389863437,0.671428202314391,0.07471264367816093,0.09863013698630137,0.07924164715148689,0.15361433747395614,120.0,0.358,0.987,0.013000000000000012,1.4486269676042962,"terra",21480.0,10984.565389863437,0.5113857257850762
418,"WOJD0g9gYizq","20s1dgoW0AoR","lhNzkb9cYb7E",325,368.2923076923077,346.0,691,29.143727898948804,381,40,354,24,14.705264037895498,1.451770914810126,78.18376618407356,31.744615384615386,2025-12-10T08:59:00,82860000 milliseconds,9114.394688922692,0.14607572223611975,0.030303030303030304,0.002886002886002886,0.09610791466337458,0.15276391031226874,93.0,0.286,0.997,0.0030000000000000027,0.7171365804007963,"terra",82860.0,9114.394688922692,0.10999752219312928
418,"WOJD0g9gYizq","lhNzkb9cYb7E","nJFEz6cTmH8o",350,277.12857142857143,375.0,450,30.158757127236996,287,76,268,47,15.29840531803968,0.2803851488421765,82.91168824543142,61.457142857142856,2025-12-11T03:40:00,67260000 milliseconds,23970.89524085636,0.47284535439109104,0.07407407407407407,0.08044382801664356,0.0342322662478644,0.03953791605338101,71.0,0.203,0.994,0.006000000000000005,0.910133438783054,"aqua",67260.0,23970.89524085636,0.3563915438723812
418,"WOJD0g9gYizq","nJFEz6cTmH8o","NTuNlZwsbyMQ",409,299.0709046454768,424.0,353,32.41164760474622,309,83,289,52,16.763050323640226,0.28471003808389683,90.66904755831213,68.14914425427872,2025-12-12T08:40:00,104400000 milliseconds,5735.028714514953,0.07301118669019672,0.155467720685112,0.12265331664580725,0.07201137621402177,0.09136484768311678,89.0,0.218,0.979,0.02100000000000002,0.7535084479182546,"terra",104400.0,5735.028714514953,0.054933225234817556
419,"WamhY8HUudzn",NA,"7XBSZWfJxmCr",623,299.7158908507223,632.0,474,32.02926775265693,314,513,286,481,25.065005189139242,-0.6199451731057969,98.91168824543142,496.7560192616372,2025-12-11T03:40:00,NA,NA,NA,NA,NA,NA,NA,NA,NA,NA,NA,NA,"aqua",NaN,NaN,NaN
419,"WamhY8HUudzn","7XBSZWfJxmCr","IRxgcXjLjI33",633,311.7567140600316,639.0,284,31.797627809549038,326,510,297,480,25.550473394378532,-0.731404901172695,97.49747468305831,494.84676145339654,2025-12-12T02:40:00,82800000 milliseconds,3047.8136521957126,0.048882336041631315,0.01592356687898089,0.011014948859166011,0.007258380376094985,0.019182598636827888,58.0,0.092,1.0,0.0,0.1942618307927011,"aqua",82800.0,3047.8136521957126,0.036809343625552084
419,"WamhY8HUudzn","IRxgcXjLjI33","MNTcUeKW9mjq",646,303.76625386996903,660.0,356,32.851075991439956,318,509,290,476,25.32866993006134,-0.5718581054904348,101.32590180780451,493.8111455108359,2025-12-12T08:40:00,21600000 milliseconds,2014.3230008718217,0.12245124625360618,0.020328381548084442,0.03233256351039261,0.03258992431259858,0.008718836435701025,66.0,0.102,0.994,0.006000000000000005,0.3244209520603828,"terra",21600.0,2014.3230008718217,0.09325569448480656
420,"WhHL5X4MbTGr",NA,"YBwco7ulffGa",594,377.76599326599325,703.0,742,41.64545796615194,391,1099,360,1065,21.01237770895109,0.6478460033286679,125.91778489984131,1081.6161616161617,2025-12-09T04:00:00,NA,NA,NA,NA,NA,NA,NA,NA,NA,NA,NA,NA,"aqua",NaN,NaN,NaN
420,"WhHL5X4MbTGr","YBwco7ulffGa","LViO9WMFpyn8",487,381.388090349076,571.0,714,36.65338578990565,394,1089,367,1057,19.19036351844913,0.5798466862775061,121.71067811865476,1073.8213552361397,2025-12-10T08:59:00,104340000 milliseconds,2148.816444308766,0.027371714467979952,0.19796484736355227,0.20722135007849293,0.12751330509551945,0.09064129135851884,146.0,0.3,0.996,0.0040000000000000036,0.9547125083640635,"terra",104340.0,2148.816444308766,0.02059436883562168
421,"Wj6E3nfdZhnn",NA,"G3oNOTWP7u7q",370,749.3,380.0,1166,27.41661001676399,761,86,738,63,17.681864337574023,0.9415338889626611,81.59797974644665,75.02972972972972,2025-12-10T03:01:00,NA,NA,NA,NA,NA,NA,NA,NA,NA,NA,NA,NA,"aqua",NaN,NaN,NaN
421,"Wj6E3nfdZhnn","G3oNOTWP7u7q","WTNZ3Cri2PvR",357,797.8207282913165,384.0,1234,24.736025405968167,810,90,786,65,19.598159058314096,-0.7955045567345432,82.42640687119285,76.25490196078431,2025-12-11T09:38:00,110220000 milliseconds,12134.048481740121,0.14634322476922296,0.03576341127922971,0.010471204188481676,0.10279766646758626,0.10280544625148676,100.0,0.28,0.995,0.0050000000000000044,0.6831809529560073,"terra",110220.0,12134.048481740121,0.11008935294629034
422,"WjEAnwl5WzDs",NA,"0MruHrfQe130",305,267.91803278688525,325.0,544,25.73908030238719,279,144,257,121,15.699560945404668,0.668746569352098,76.66904755831213,132.07213114754097,2025-12-09T04:00:00,NA,NA,NA,NA,NA,NA,NA,NA,NA,NA,NA,NA,"aqua",NaN,NaN,NaN
422,"WjEAnwl5WzDs","0MruHrfQe130","W0xi61fRLj1u",315,209.3904761904762,336.0,364,25.100808948681387,218,38,200,15,16.647826156750277,0.3236183840161833,73.97665940288702,26.295238095238094,2025-12-10T03:01:00,82860000 milliseconds,30222.328236901463,0.4843709950621278,0.03225806451612903,0.03328290468986384,0.02510907726622903,0.05863009635683596,79.0,0.251,0.996,0.0040000000000000036,0.8886511378911855,"aqua",82860.0,30222.328236901463,0.36473966011225517
422,"WjEAnwl5WzDs","W0xi61fRLj1u","1dcouC12o5Iq",356,208.23033707865167,421.0,381,27.586718455782467,223,24,198,1,18.903618206013103,0.6159737760662289,93.42640687119284,11.76123595505618,2025-12-10T08:59:00,21480000 milliseconds,3645.0577924910663,0.22280304355079866,0.12220566318926974,0.22457067371202113,0.09436425012005656,0.126902976219191,108.0,0.303,0.93,0.06999999999999995,1.1638466067913371,"terra",21480.0,3645.0577924910663,0.16969542795582246
422,"WjEAnwl5WzDs","1dcouC12o5Iq","xDkh38fyOw4a",342,263.7076023391813,385.0,439,27.62475167143936,274,51,254,24,17.180516399568866,-0.1343636923907255,87.66904755831214,36.87134502923977,2025-12-11T03:40:00,67260000 milliseconds,15223.839320504376,0.3003025805405735,0.04011461318051576,0.08933002481389578,0.0013777287787937287,0.09550467679375553,106.0,0.31,0.973,0.027000000000000024,0.8636296241075343,"aqua",67260.0,15223.839320504376,0.22634313589807278
423,"WolZgNpfQN6g",NA,"oybXwkNtZyZC",460,786.5413043478261,482.0,1121,30.706431044324372,799,117,774,92,19.648835996980097,0.7191378502966547,90.84062043356595,103.87173913043478,2025-12-09T09:58:00,NA,NA,NA,NA,NA,NA,NA,NA,NA,NA,NA,NA,"terra",NaN,NaN,NaN
423,"WolZgNpfQN6g","oybXwkNtZyZC","gcs1BMRI4HSH",435,758.3241379310344,478.0,1336,32.74909759081161,771,77,741,53,18.415513495652053,0.8463300740567566,96.32590180780453,64.58620689655173,2025-12-10T08:59:00,82860000 milliseconds,12092.253521088354,0.193801643097818,0.055865921787709494,0.008333333333333333,0.0643810426111931,0.0648019744336768,91.0,0.209,0.984,0.016000000000000014,0.6121839152637307,"terra",82860.0,12092.253521088354,0.14593595849732505
424,"WrK3bm1wexpV",NA,"k8a5EIYdKhCG",429,962.990675990676,433.0,1610,27.16739575185851,973,587,953,560,20.277775423223098,0.3304981414637188,79.35533905932738,573.8158508158508,2025-12-10T03:01:00,NA,NA,NA,NA,NA,NA,NA,NA,NA,NA,NA,NA,"aqua",NaN,NaN,NaN
424,"WrK3bm1wexpV","k8a5EIYdKhCG","3EdCL7ACz1Wf",457,960.0328227571116,464.0,1737,28.00383718934154,970,599,950,571,21.040512197031013,0.19271255750189606,82.18376618407356,585.1597374179431,2025-12-10T08:59:00,21480000 milliseconds,2930.7919044223004,0.17914375943901592,0.06320541760722348,0.06911928651059086,0.030321651081261284,0.03692005732754638,42.0,0.092,0.993,0.007000000000000006,0.4777101719656379,"terra",21480.0,2930.7919044223004,0.13644282609042366
424,"WrK3bm1wexpV","3EdCL7ACz1Wf","sC13tWGTCr3k",403,968.1637717121588,409.0,1529,26.502815319391985,978,584,958,557,19.628500691886536,0.2963072486527889,79.59797974644665,570.3995037220843,2025-12-11T09:38:00,88740000 milliseconds,4212.903019785975,0.06306269021459433,0.12558139534883722,0.12600229095074456,0.05507664847732292,0.06943918255410891,63.0,0.156,0.987,0.013000000000000012,0.6081622075456079,"terra",88740.0,4212.903019785975,0.047474679060017747
424,"WrK3bm1wexpV","sC13tWGTCr3k","0TFtYjLkWvhU",384,920.15625,390.0,1030,27.491677950408082,929,562,911,534,18.01775516289237,-0.09711058833537978,77.35533905932738,548.1927083333334,2025-12-12T02:40:00,61320000 milliseconds,13223.709536239367,0.28597987751382714,0.048284625158831,0.04755944931163955,0.036628277112443354,0.08557268139533687,65.0,0.169,0.998,0.0020000000000000018,0.675024910492078,"aqua",61320.0,13223.709536239367,0.21565084044747826
425,"XAK3ifnQV7tQ",NA,"xlnnbMoh9WvJ",436,762.4793577981651,485.0,1384,32.08711719867124,777,1121,748,1098,18.555878359363824,1.163563368098353,97.42640687119285,1109.6261467889908,2025-12-09T04:00:00,NA,NA,NA,NA,NA,NA,NA,NA,NA,NA,NA,NA,"aqua",NaN,NaN,NaN
425,"XAK3ifnQV7tQ","xlnnbMoh9WvJ","1lPXlqUxQnUw",405,782.6148148148148,429.0,1113,29.94035553689798,796,1132,769,1112,17.98728190822823,1.2717218788884452,86.59797974644667,1121.153086419753,2025-12-09T09:58:00,21480000 milliseconds,5800.360799772423,0.35454528115968353,0.07372175980975029,0.12253829321663019,0.0692197043373077,0.031119172341525607,71.0,0.175,0.965,0.03500000000000003,0.8611442108648975,"terra",21480.0,5800.360799772423,0.27003541898381855
425,"XAK3ifnQV7tQ","1lPXlqUxQnUw","NRxCcZBOx3f1",422,786.6208530805687,441.0,1254,31.47050801654718,796,1141,778,1110,17.871682127965013,0.17380365520276841,88.18376618407356,1125.8270142180095,2025-12-10T03:01:00,61380000 milliseconds,1538.9514216260868,0.03324946357623608,0.041112454655380895,0.027586206896551724,0.049833283269743504,0.0064474690426940245,117.0,0.277,0.991,0.009000000000000008,0.44422887744060624,"aqua",61380.0,1538.9514216260868,0.02507252234646606
425,"XAK3ifnQV7tQ","NRxCcZBOx3f1","WnHUJtOWuW7B",434,789.1497695852535,452.0,1230,31.700787275452086,800,1142,781,1112,17.943611901651202,0.22470315423477744,87.35533905932738,1127.184331797235,2025-12-11T09:38:00,110220000 milliseconds,717.5361357860969,0.00865387608739187,0.028037383177570093,0.02463605823068309,0.007290629639315717,0.0040167071434181086,46.0,0.106,0.999,0.0010000000000000009,0.17963465427837888,"terra",110220.0,717.5361357860969,0.006510035708456695
426,"XE8kYqNTzMi9",NA,"xws8MsgnsIyI",309,841.0517799352751,322.0,1216,21.93573736540433,851,358,829,338,18.865779428915154,0.8945617016767167,72.76955262170047,346.51132686084145,2025-12-09T09:58:00,NA,NA,NA,NA,NA,NA,NA,NA,NA,NA,NA,NA,"terra",NaN,NaN,NaN
426,"XE8kYqNTzMi9","xws8MsgnsIyI","oQoGRP8ehYG8",315,820.7968253968254,325.0,1316,21.728973968855918,831,309,809,288,19.42003235062004,0.7676657586556275,72.59797974644667,297.0730158730159,2025-12-10T03:01:00,61380000 milliseconds,13356.669159739122,0.2885744660200739,0.019230769230769232,0.00927357032457496,0.00947050330714907,0.028953437105969884,33.0,0.105,0.999,0.0010000000000000009,0.461502745988537,"aqua",61380.0,13356.669159739122,0.21760620983608867
426,"XE8kYqNTzMi9","oQoGRP8ehYG8","5oZLRn3PE7SI",315,824.536507936508,329.0,1461,22.62028494060228,835,320,812,299,18.863829935309653,0.8913624098387595,73.01219330881975,308.2031746031746,2025-12-10T08:59:00,21480000 milliseconds,2935.405198351402,0.17942574562050134,0.0,0.012232415902140673,0.040195078504740196,0.029056755619706973,42.0,0.133,0.999,0.0010000000000000009,0.3949099956470892,"terra",21480.0,2935.405198351402,0.13665759768861274
426,"XE8kYqNTzMi9","5oZLRn3PE7SI","lBXlFwtnDjNS",301,834.1528239202657,308.0,896,22.82221238258925,843,300,823,279,17.702359417653103,0.5881806268825125,69.35533905932738,287.9401993355482,2025-12-12T02:40:00,150060000 milliseconds,5607.25924469742,0.04971194862092664,0.045454545454545456,0.06593406593406594,0.008887163069003143,0.0635270198075722,82.0,0.272,0.992,0.008000000000000007,0.5135147428861134,"aqua",150060.0,5607.25924469742,0.03736678158534866
427,"XFtUbRkmAxyf",NA,"bQqZDPWrXpi5",675,917.7274074074074,723.0,1675,30.9701335601359,936,515,902,482,29.074176481959157,-0.6078456683066821,117.26093065034891,497.7525925925926,2025-12-09T04:00:00,NA,NA,NA,NA,NA,NA,NA,NA,NA,NA,NA,NA,"aqua",NaN,NaN,NaN
427,"XFtUbRkmAxyf","bQqZDPWrXpi5","54gqQMekRi3P",673,896.8231797919763,685.0,1318,33.61036558877285,914,570,880,544,26.120685705839968,1.1525481941949896,104.91168824543142,557.2526002971769,2025-12-09T09:58:00,21480000 milliseconds,15766.336069778832,0.9637124737028626,0.002967359050445104,0.05397727272727273,0.0817656123266915,0.10702049643932478,187.0,0.278,0.973,0.027000000000000024,1.514443214246597,"terra",21480.0,15766.336069778832,0.7340007481275062
427,"XFtUbRkmAxyf","54gqQMekRi3P","MXphujH3brIV",658,869.59726443769,681.0,1418,32.18934515496927,884,538,853,511,26.910868357594914,1.0791082401909846,107.74011537017762,524.4392097264438,2025-12-10T03:01:00,61380000 milliseconds,10659.412119185545,0.23029949485115145,0.022539444027047332,0.005856515373352855,0.04319230032295332,0.0298004712745077,88.0,0.134,0.994,0.006000000000000005,0.4716882258490127,"aqua",61380.0,10659.412119185545,0.1736626282043914
427,"XFtUbRkmAxyf","MXphujH3brIV","25a90sQUFfij",676,871.0221893491124,688.0,1547,32.452816978054,885,547,855,520,27.33174000312718,0.9464357626420079,103.84062043356595,533.2603550295858,2025-12-10T08:59:00,21480000 milliseconds,2233.8729745435376,0.1365448028449595,0.026986506746626688,0.010226442658875092,0.008151702059177798,0.015518119731020364,81.0,0.12,0.999,0.0010000000000000009,0.31842757404065947,"terra",21480.0,2233.8729745435376,0.10399781073293937
427,"XFtUbRkmAxyf","25a90sQUFfij","699vdo1NMoon",651,870.678955453149,664.0,1359,31.501059256965053,885,537,854,511,27.017904228989053,1.1447677313653122,102.66904755831213,524.047619047619,2025-12-11T09:38:00,88740000 milliseconds,2304.781901026137,0.03450014072339102,0.037678975131876416,0.03550295857988166,0.029763879130372328,0.011548770137217404,89.0,0.137,0.993,0.007000000000000006,0.2929947237027388,"terra",88740.0,2304.781901026137,0.025972299989025657
428,"XHJizzMuiJZL",NA,"RzUViEiAK6SQ",1678,220.11084624553038,1809.0,190,60.2527978201852,246,1186,194,1137,36.552772553881844,0.8871754390333159,191.40916292848974,1161.520262216925,2025-12-09T09:58:00,NA,NA,NA,NA,NA,NA,NA,NA,NA,NA,NA,NA,"terra",NaN,NaN,NaN
428,"XHJizzMuiJZL","RzUViEiAK6SQ","zuvJphtwFm3o",1484,73.48315363881402,1656.0,98,57.53904905193375,92,1170,53,1116,34.98760942550225,-0.2773592559580753,191.16652224137044,1145.7075471698113,2025-12-11T09:38:00,171600000 milliseconds,36869.467547968234,0.2859206479097963,0.12270714737507907,0.08831168831168831,0.04607702214224789,0.043756074124139586,332.0,0.224,0.989,0.01100000000000001,0.8217725798629512,"terra",171600.0,36869.467547968234,0.21485703699282188
429,"XK6V4bJh2K6B",NA,"S039QjEJF6e7",1065,992.6882629107981,1124.0,1812,45.267595191403544,1014,558,975,516,31.365501478197796,0.7024114666952903,142.95331880577405,538.4948356807512,2025-12-09T04:00:00,NA,NA,NA,NA,NA,NA,NA,NA,NA,NA,NA,NA,"aqua",NaN,NaN,NaN
429,"XK6V4bJh2K6B","S039QjEJF6e7","ZPfYbTlLOdIn",1083,986.9519852262234,1146.0,1648,48.63461558849808,1008,537,970,492,30.086112937875342,0.5978504293777216,153.6812408671319,516.8494921514313,2025-12-10T03:01:00,82860000 milliseconds,5598.13461217675,0.0897208848814288,0.01675977653631285,0.019383259911894272,0.07171333601477242,0.041638891100892556,148.0,0.137,0.983,0.017000000000000015,0.39321614844530095,"aqua",82860.0,5598.13461217675,0.06756136389303344
429,"XK6V4bJh2K6B","ZPfYbTlLOdIn","9ngrCD2LhSYX",1075,987.4055813953488,1128.0,1774,47.815959616481024,1008,547,971,502,30.355961756724426,0.5863550281876867,144.12489168102783,526.5479069767442,2025-12-10T08:59:00,21480000 milliseconds,2427.2541019701607,0.1483651651571003,0.0074142724745134385,0.0158311345646438,0.0169756576417969,0.008929171283830665,99.0,0.092,0.992,0.008000000000000007,0.2975154011218851,"terra",21480.0,2427.2541019701607,0.11300065651630171
429,"XK6V4bJh2K6B","9ngrCD2LhSYX","n2CNrPTKU5S0",1087,990.2198712051518,1158.0,1562,48.91371469716874,1012,534,974,488,30.480640034297146,0.5975903002668483,148.36753236814715,513.6117755289788,2025-12-11T09:38:00,88740000 milliseconds,3309.680157955473,0.04954240188541985,0.011100832562442183,0.026246719160104987,0.022697379857358042,0.004098791645233548,125.0,0.115,0.995,0.0050000000000000044,0.23368612511055864,"terra",88740.0,3309.680157955473,0.03729637320211261
429,"XK6V4bJh2K6B","n2CNrPTKU5S0","BZQC3ViHIG8E",1168,789.1147260273973,1324.0,799,49.24661392063799,808,623,771,571,31.98711371168404,0.10521315525868227,158.50966799187808,596.9905821917808,2025-12-12T08:40:00,82920000 milliseconds,54426.15686498923,0.8716552989267974,0.07184035476718403,0.13376309427880742,0.006782765057061115,0.04823204251949945,333.0,0.285,0.984,0.016000000000000014,1.4332735555493494,"terra",82920.0,54426.15686498923,0.6563694749757505
430,"XPfpyr9KhKFx",NA,"5YPaxL6ScZJi",344,865.8779069767442,347.0,1599,25.217599867810083,880,950,855,931,18.229789517797997,-1.3986353022933575,73.94112549695427,939.6976744186046,2025-12-09T04:00:00,NA,NA,NA,NA,NA,NA,NA,NA,NA,NA,NA,NA,"aqua",NaN,NaN,NaN
430,"XPfpyr9KhKFx","5YPaxL6ScZJi","shBtAMMUDUkW",336,888.0059523809524,344.0,1307,24.280129062941544,902,962,877,943,18.626604343686584,-1.5683728596923312,73.35533905932738,952.672619047619,2025-12-09T09:58:00,21480000 milliseconds,6412.875630015233,0.3919850629593663,0.023529411764705882,0.008683068017366137,0.037879346188997104,0.02153302503657384,30.0,0.089,0.999,0.0010000000000000009,0.5736099139670092,"terra",21480.0,6412.875630015233,0.2985510069839494
430,"XPfpyr9KhKFx","shBtAMMUDUkW","TevqKGdVZbT6",337,857.5548961424332,356.0,1406,24.74150942104942,872,958,847,936,18.895500405930584,-1.5692693180384056,78.18376618407356,946.5786350148368,2025-12-10T03:01:00,61380000 milliseconds,7763.711529582933,0.16773709689063265,0.0029717682020802376,0.03428571428571429,0.018823538844322838,0.014332674781349704,39.0,0.116,0.98,0.020000000000000018,0.3741507930040997,"aqua",61380.0,7763.711529582933,0.12648601384136418
430,"XPfpyr9KhKFx","TevqKGdVZbT6","TQLFnlIOLGwR",333,871.1771771771772,337.0,1377,24.69044733696798,883,910,861,890,17.417661943608767,-1.0919450824143335,69.94112549695429,900.0750750750751,2025-12-11T09:38:00,110220000 milliseconds,12114.422261452852,0.14610652187725806,0.011940298507462687,0.05483405483405483,0.0020659543918685203,0.08139409330956071,73.0,0.219,0.962,0.038000000000000034,0.5533409229202049,"terra",110220.0,12114.422261452852,0.10991128888997324
430,"XPfpyr9KhKFx","TQLFnlIOLGwR","xS4bcl34PQON",363,871.969696969697,376.0,869,25.134017697773285,882,918,860,894,18.847098816977184,-0.5453224952521721,81.66904755831214,905.9146005509642,2025-12-12T08:40:00,82920000 milliseconds,1473.2647717970935,0.023594887440696564,0.08620689655172414,0.1093969144460028,0.017805323569295265,0.07883338223601287,63.0,0.174,0.976,0.02400000000000002,0.5138374042437317,"terra",82920.0,1473.2647717970935,0.017767303084866057
431,"XfJJxY0o211n",NA,"b2m2BjPvJLS3",991,723.146316851665,1023.0,1284,48.50967737281573,745,879,702,847,26.57940031346659,1.2099691051653072,129.9827560572969,862.8274470232088,2025-12-09T04:00:00,NA,NA,NA,NA,NA,NA,NA,NA,NA,NA,NA,NA,"aqua",NaN,NaN,NaN
431,"XfJJxY0o211n","b2m2BjPvJLS3","OnYEt1YPKMgK",983,724.6541200406917,1023.0,1270,48.57294107145469,746,872,704,840,26.42622058677229,1.161778051928398,128.3259018078045,856.3886063072227,2025-12-10T08:59:00,104340000 milliseconds,1653.2570168964849,0.02105925758737004,0.008105369807497468,0.0,0.001303296092601351,0.005779754074859278,43.0,0.044,0.998,0.0020000000000000018,0.08224767756232813,"terra",104340.0,1653.2570168964849,0.015844901446199777
431,"XfJJxY0o211n","OnYEt1YPKMgK","TEMkGSUx5zWP",1042,727.0700575815739,1076.0,1114,48.74511260918619,750,864,705,835,27.806535142375854,1.3822102660241544,133.0538238691624,850.3886756238004,2025-12-11T09:38:00,88740000 milliseconds,1617.0173624476943,0.024205034989113004,0.058271604938271604,0.0505002382086708,0.003538326779458457,0.05090335303989343,74.0,0.071,0.998,0.0020000000000000018,0.2604185579554073,"terra",88740.0,1617.0173624476943,0.01822196712246669
432,"Xh3uoUYKzCJL",NA,"mt369PAFKmIi",465,867.6967741935484,501.0,1600,27.920647316039528,882,1098,855,1074,22.534191682074372,-0.82867697055319,93.49747468305833,1085.458064516129,2025-12-09T04:00:00,NA,NA,NA,NA,NA,NA,NA,NA,NA,NA,NA,NA,"aqua",NaN,NaN,NaN
432,"Xh3uoUYKzCJL","mt369PAFKmIi","PKUZiEUj9VQI",409,886.7799511002445,443.0,1304,26.157959990466143,900,1106,876,1082,21.334971372850337,-0.6942036920572877,91.32590180780451,1093.721271393643,2025-12-09T09:58:00,21480000 milliseconds,5198.8474008238845,0.3177779584855675,0.12814645308924486,0.1228813559322034,0.06518981953743225,0.054672586651475306,81.0,0.198,0.986,0.014000000000000012,0.9006681736959234,"terra",21480.0,5198.8474008238845,0.2420320019005533
432,"Xh3uoUYKzCJL","PKUZiEUj9VQI","9lEl7RbpHcDm",436,852.1697247706422,496.0,1394,25.63105121005714,867,1091,841,1066,24.745033840536344,-0.7670354757771438,95.49747468305831,1079.1720183486239,2025-12-10T03:01:00,61380000 milliseconds,9385.988662476819,0.20278683509726303,0.06390532544378698,0.11288604898828541,0.02034828502011168,0.14800616674823427,76.0,0.174,0.978,0.02200000000000002,0.7439326612976813,"aqua",61380.0,9385.988662476819,0.15291607465749135
433,"XhWrnWiHm76W",NA,"Ms5L5u4JSdhG",391,814.0358056265985,414.0,1489,25.22043463964631,825,1073,803,1047,20.32694690351894,-0.020532276138691682,82.97665940288702,1059.4859335038363,2025-12-09T04:00:00,NA,NA,NA,NA,NA,NA,NA,NA,NA,NA,NA,NA,"aqua",NaN,NaN,NaN
433,"XhWrnWiHm76W","Ms5L5u4JSdhG","KUkJr0Q0Jd51",400,833.3575,407.0,1202,26.26085590400379,843,1086,823,1058,20.208734428190926,0.2243700905641916,81.14823227814082,1071.09,2025-12-09T09:58:00,21480000 milliseconds,5634.615296908692,0.344414137952854,0.022756005056890013,0.01705237515225335,0.040419393273574786,0.0058325145375336665,61.0,0.152,0.998,0.0020000000000000018,0.5844744259731058,"terra",21480.0,5634.615296908692,0.2623191479007771
433,"XhWrnWiHm76W","KUkJr0Q0Jd51","AoKWsGJh5EVV",383,827.396866840731,407.0,1341,25.944375782080815,841,1078,816,1057,20.14663810658918,1.2690634240118759,89.49747468305833,1066.710182767624,2025-12-10T03:01:00,61380000 milliseconds,1849.188109826734,0.03995221151186635,0.04342273307790549,0.0,0.012124460009142473,0.003077474829316917,76.0,0.198,0.984,0.016000000000000014,0.31257687942823126,"aqua",61380.0,1849.188109826734,0.030126883509721963
433,"XhWrnWiHm76W","AoKWsGJh5EVV","nRR9TpoSUPir",415,804.4650602409639,430.0,1247,27.23650206524936,815,1070,793,1040,20.255148962024233,0.050413356161377695,84.6335136523794,1053.710843373494,2025-12-11T09:38:00,110220000 milliseconds,6590.004640613417,0.07947904047052302,0.08020050125313283,0.054958183990442055,0.04859364250729134,0.005371586917715886,72.0,0.173,0.984,0.016000000000000014,0.45760295513910515,"terra",110220.0,6590.004640613417,0.05978955398850859
434,"XqYevBZb4zbB",NA,"debnjLJdB32G",2579,930.0096936797208,2698.0,1504,71.88116948172195,964,245,898,189,46.34583544326988,1.0891261240441612,216.3086578651014,216.78596355176424,2025-12-10T03:01:00,NA,NA,NA,NA,NA,NA,NA,NA,NA,NA,NA,NA,"aqua",NaN,NaN,NaN
434,"XqYevBZb4zbB","debnjLJdB32G","8NNVufnCoWoY",2590,938.4416988416989,2696.0,1652,71.62218858946802,971,259,906,205,46.5179069856479,1.0605484582385845,214.65180361560903,232.05019305019306,2025-12-10T08:59:00,21480000 milliseconds,4359.582930398338,0.26647817422972725,0.0042561423873089576,0.0007415647015202076,0.003609405323120784,0.0037058929109976832,187.0,0.072,0.999,0.0010000000000000009,0.3517911795526749,"terra",21480.0,4359.582930398338,0.2029600991805558
434,"XqYevBZb4zbB","8NNVufnCoWoY","bAw75jMnlV7K",2545,940.459724950884,2654.0,1022,71.29878050355278,974,228,908,177,45.96916641689214,1.159634067685539,211.33809511662426,203.02907662082515,2025-12-12T02:40:00,150060000 milliseconds,7272.798757116655,0.06447802435495062,0.017526777020447908,0.015700934579439253,0.00452569119797607,0.011866319228578458,141.0,0.055,0.998,0.0020000000000000018,0.1710977463813923,"aqua",150060.0,7272.798757116655,0.04846593867197558
435,"Y8UchxEi5gsb",NA,"J1VzbKVQZVYE",849,582.851590106007,969.0,866,42.210846304496734,599,108,567,68,27.92756468451254,-0.3717256581083306,145.1959594928933,88.37573616018845,2025-12-10T03:01:00,NA,NA,NA,NA,NA,NA,NA,NA,NA,NA,NA,NA,"aqua",NaN,NaN,NaN
435,"Y8UchxEi5gsb","J1VzbKVQZVYE","aU9zLRfjOaeP",906,612.1026490066225,961.0,927,39.97464942608042,629,170,590,136,30.421511204433138,-1.0339670672781525,138.29646455628165,154.82229580573951,2025-12-11T09:38:00,110220000 milliseconds,18150.016762280567,0.21889907450136364,0.06495726495726496,0.008290155440414507,0.05441828533217297,0.08548366814471112,215.0,0.237,0.983,0.017000000000000015,0.6860484483759272,"terra",110220.0,18150.016762280567,0.16467081076284312
436,"YGXv3c8sG62Z",NA,"h43QKyCiXRRT",479,250.20459290187893,504.0,237,31.98087499022102,262,436,237,408,19.96215403672947,0.704975683131995,97.74011537017762,421.0897703549061,2025-12-09T09:58:00,NA,NA,NA,NA,NA,NA,NA,NA,NA,NA,NA,NA,"terra",NaN,NaN,NaN
436,"YGXv3c8sG62Z","h43QKyCiXRRT","i15D4iIt8VQ2",474,195.68143459915612,499.0,352,34.43236765544444,204,386,184,352,18.760089117076344,0.050386101507938555,94.9116882454314,368.48523206751054,2025-12-10T08:59:00,82860000 milliseconds,18940.717119036563,0.30356145715260135,0.01049317943336831,0.009970089730807577,0.0738254169670005,0.06208653330740631,162.0,0.342,0.996,0.0040000000000000036,0.8059366765911842,"terra",82860.0,18940.717119036563,0.22858697947183879
436,"YGXv3c8sG62Z","i15D4iIt8VQ2","E5BZTaLKu56V",432,204.82638888888889,441.0,134,32.59687555479217,213,395,194,362,17.663534750872962,0.09062160423978496,87.01219330881975,378.1921296296296,2025-12-12T02:40:00,150060000 milliseconds,3334.048301640731,0.029558476010822565,0.09271523178807947,0.12340425531914893,0.054766905092312114,0.060211162413649155,59.0,0.137,0.986,0.014000000000000012,0.5116560306240123,"aqua",150060.0,3334.048301640731,0.022218101437030062
436,"YGXv3c8sG62Z","E5BZTaLKu56V","DkJ5GbrnKGp4",423,199.12765957446808,447.0,176,32.251763706210625,207,389,188,357,17.788251653411056,0.032094400093074044,89.25483399593904,371.9503546099291,2025-12-12T08:40:00,21600000 milliseconds,2112.984725388421,0.12844891947649975,0.021052631578947368,0.013513513513513514,0.010643611107784065,0.007035859977031935,58.0,0.137,0.998,0.0020000000000000018,0.31969453565377665,"terra",21600.0,2112.984725388421,0.0978233669161306
437,"YIOyCe77Hffp",NA,"IkMnBRgdyg50",600,1153.77,674.0,2106,38.16064899133533,1167,94,1140,56,23.708662779294816,0.0668195695596995,117.15432893255071,77.26666666666667,2025-12-09T04:00:00,NA,NA,NA,NA,NA,NA,NA,NA,NA,NA,NA,NA,"aqua",NaN,NaN,NaN
437,"YIOyCe77Hffp","IkMnBRgdyg50","IxSOOLz3qiwW",549,1138.4517304189435,564.0,2057,34.51267379899558,1151,79,1129,47,21.080824816928175,0.176672443784894,96.52691193458118,64.70127504553734,2025-12-10T08:59:00,104340000 milliseconds,4953.145777876087,0.0630933797576726,0.08877284595300261,0.1777059773828756,0.10039379107143588,0.11734172920470032,146.0,0.266,0.959,0.041000000000000036,0.8543077233696871,"terra",104340.0,4953.145777876087,0.047471207378532554
437,"YIOyCe77Hffp","IxSOOLz3qiwW","Ap5R4mk1zzmy",595,1178.3899159663865,608.0,1442,33.34151168125369,1194,109,1161,85,23.059030462376793,-1.3867663098320726,97.49747468305831,96.6890756302521,2025-12-12T02:40:00,150060000 milliseconds,12792.278068891466,0.11341174758536696,0.08041958041958042,0.07508532423208192,0.03451996688053336,0.08963353563037632,162.0,0.272,0.986,0.014000000000000012,0.6790701547479391,"aqua",150060.0,12792.278068891466,0.08524775469073348
437,"YIOyCe77Hffp","Ap5R4mk1zzmy","wiUXf4qRbt87",625,1180.384,632.0,1163,33.3145680397575,1196,123,1163,97,24.19300887786324,-1.2515736807764721,98.08326112068522,110.0944,2025-12-12T08:40:00,21600000 milliseconds,3388.2065000460498,0.20597000000279939,0.04918032786885246,0.03870967741935484,0.0008084376281641914,0.04799701478792029,52.0,0.083,0.998,0.0020000000000000018,0.42766545770709113,"terra",21600.0,3388.2065000460498,0.15686141203916898
438,"YMp2eGQD3Vgw",NA,"49teS2S1RkJ7",409,88.69682151589242,421.0,138,31.656817210489965,105,671,74,655,16.923923512424125,1.5628416175235074,84.52691193458118,662.7946210268949,2025-12-09T04:00:00,NA,NA,NA,NA,NA,NA,NA,NA,NA,NA,NA,NA,"aqua",NaN,NaN,NaN
438,"YMp2eGQD3Vgw","49teS2S1RkJ7","Aydqss6kfTPQ",418,93.75837320574162,448.0,148,31.68174267058678,110,670,80,650,17.823247644778963,-1.429407192887539,86.76955262170047,658.4401913875598,2025-12-10T08:59:00,104340000 milliseconds,1669.2131940104127,0.021262508044206263,0.02176541717049577,0.06214039125431531,0.0007870548412724629,0.05176387616051492,117.0,0.28,0.999,0.0010000000000000009,0.43871924747080476,"terra",104340.0,1669.2131940104127,0.015997826279570755
439,"YPmFXNNvU0vZ",NA,"msN1LBJ7f5Ev",802,999.2107231920199,813.0,1834,37.131498029716425,1015,916,985,879,28.4650183682032,-0.3739897280532056,112.81118318204308,897.8802992518703,2025-12-09T04:00:00,NA,NA,NA,NA,NA,NA,NA,NA,NA,NA,NA,NA,"aqua",NaN,NaN,NaN
439,"YPmFXNNvU0vZ","msN1LBJ7f5Ev","z1mAsJO2JA12",781,1019.3008962868117,812.0,1500,36.678200498401075,1035,938,1005,899,28.019284502471976,-0.07573743245616323,114.63961030678928,917.7836107554417,2025-12-09T09:58:00,21480000 milliseconds,7069.993209804446,0.4321511741934258,0.026531901452937462,0.0012307692307692308,0.01228287177308191,0.015782574735914278,61.0,0.078,0.998,0.0020000000000000018,0.5679792913861287,"terra",21480.0,7069.993209804446,0.3291430730821437
439,"YPmFXNNvU0vZ","z1mAsJO2JA12","gvNAL0kV0r1G",820,998.3926829268293,834.0,1673,37.02803129382165,1014,897,979,867,29.158284667892257,-0.9505623190165308,113.49747468305831,882.7878048780487,2025-12-10T03:01:00,61380000 milliseconds,10191.478716661784,0.22018966655853484,0.04871955028107433,0.026731470230862697,0.00949257035434244,0.03984080407568769,55.0,0.067,0.989,0.01100000000000001,0.422974061500502,"aqua",61380.0,10191.478716661784,0.16603907977617766
439,"YPmFXNNvU0vZ","gvNAL0kV0r1G","8scJkmncSGj1",827,1000.7654171704958,850.0,1575,37.68748885491898,1017,891,981,862,28.77097612498079,-1.0943768940430698,115.7401153701776,876.9987908101572,2025-12-11T09:38:00,110220000 milliseconds,1564.1002139671673,0.018863899342304376,0.008500303582270795,0.019002375296912115,0.01765249200660083,0.01337177576963371,74.0,0.089,0.999,0.0010000000000000009,0.1673908459977218,"terra",110220.0,1564.1002139671673,0.014190711431384208
440,"YUmDQlxxVi5g",NA,"cUGQvSF2d94m",457,335.51859956236325,473.0,676,26.60360378875416,347,884,323,860,22.550807639859585,0.8505985859293774,88.76955262170047,871.9584245076586,2025-12-09T04:00:00,NA,NA,NA,NA,NA,NA,NA,NA,NA,NA,NA,NA,"aqua",NaN,NaN,NaN
440,"YUmDQlxxVi5g","cUGQvSF2d94m","k1PFSNzm2bue",431,349.1322505800464,491.0,419,28.586140020525683,362,859,333,832,21.498048932715633,-1.089291168591233,95.0477272147525,844.8445475638051,2025-12-09T09:58:00,21480000 milliseconds,7584.910253909134,0.46362532114359006,0.05855855855855856,0.03734439834024896,0.07184437161450168,0.047799592954673786,110.0,0.255,0.975,0.025000000000000022,0.959172242611573,"terra",21480.0,7584.910253909134,0.3531150025097362
440,"YUmDQlxxVi5g","k1PFSNzm2bue","gGm037pnE0Py",422,381.40521327014216,458.0,716,28.42099403088476,393,844,369,819,19.79085467308218,-0.6973006597124395,89.84062043356595,830.1990521327015,2025-12-10T08:59:00,82860000 milliseconds,8860.144811241771,0.14200087845567386,0.021101992966002344,0.06954689146469968,0.005793870973832507,0.08269506383277896,145.0,0.344,0.976,0.02400000000000002,0.6891386976929874,"terra",82860.0,8860.144811241771,0.10692909499446984
440,"YUmDQlxxVi5g","gGm037pnE0Py","ipPaKx3EgqzB",437,369.487414187643,456.0,586,29.749712057057877,379,912,359,884,19.693179737255363,-0.3400563844234862,87.01219330881975,900.0480549199085,2025-12-11T03:40:00,67260000 milliseconds,17714.607541055764,0.34943500426187524,0.034924330616996506,0.00437636761487965,0.04568340718313983,0.0049475661383398895,140.0,0.32,0.993,0.007000000000000006,0.7663666758152312,"aqua",67260.0,17714.607541055764,0.2633750749487922
440,"YUmDQlxxVi5g","ipPaKx3EgqzB","LU62XXWMBaUs",355,374.85352112676054,393.0,469,30.436388865480108,383,910,364,881,16.524991921415726,-0.36257966285085874,87.49747468305831,897.3661971830986,2025-12-12T08:40:00,104400000 milliseconds,1499.7388231483048,0.01909279214701852,0.20707070707070707,0.14840989399293286,0.02281845136657091,0.17495017946777736,113.0,0.318,0.992,0.008000000000000007,0.8983420240450068,"terra",104400.0,1499.7388231483048,0.014365314397972269
441,"YfIYuRHD6fKX",NA,"xtY07C7dqNDw",357,1081.5546218487395,369.0,1980,32.127941757127196,1090,1117,1074,1086,14.393723245830362,-0.21754017395045316,83.01219330881976,1102.0980392156862,2025-12-09T04:00:00,NA,NA,NA,NA,NA,NA,NA,NA,NA,NA,NA,NA,"aqua",NaN,NaN,NaN
441,"YfIYuRHD6fKX","xtY07C7dqNDw","Pkc1KbU9tpWs",352,882.1107954545455,392.0,1295,34.44116078265607,891,1180,872,1150,13.86901954864704,0.4382302056896657,90.08326112068522,1165.0454545454545,2025-12-09T09:58:00,21480000 milliseconds,52285.40486087858,3.195929392474241,0.014104372355430184,0.06044678055190539,0.06949827884930367,0.03713041589762828,71.0,0.202,0.986,0.014000000000000012,3.5931092401285083,"terra",21480.0,52285.40486087858,2.4341436154971405
441,"YfIYuRHD6fKX","Pkc1KbU9tpWs","OpqtAeyj9MVv",333,780.6756756756756,388.0,1219,34.20835604147389,789,1078,774,1047,13.789701939401384,0.08274991158833217,93.7401153701776,1063.2702702702702,2025-12-11T09:38:00,171600000 milliseconds,35922.896301315785,0.27858004111140583,0.05547445255474453,0.010256410256410256,0.006782414558826111,0.005735450156648062,102.0,0.306,0.991,0.009000000000000008,0.6718287686380349,"terra",171600.0,35922.896301315785,0.20934088753680527
442,"YflNMPvsH7in",NA,"ANkZVs0zQ25r",332,966.8855421686746,352.0,1526,22.084107852696903,978,293,957,270,19.862295681207634,-0.22653126460773823,77.84062043356595,281.7831325301205,2025-12-11T09:38:00,NA,NA,NA,NA,NA,NA,NA,NA,NA,NA,NA,NA,"terra",NaN,NaN,NaN
442,"YflNMPvsH7in","ANkZVs0zQ25r","7lAWgS36CA3g",344,953.25,352.0,1073,21.924722355330346,966,295,944,272,20.684246497203894,-0.36127794748986,73.59797974644665,284.26453488372096,2025-12-12T02:40:00,61320000 milliseconds,3464.8716415092345,0.0749323451883485,0.03550295857988166,0.0,0.007243341693616983,0.04054357150257301,63.0,0.183,0.983,0.017000000000000015,0.35822221696442014,"aqua",61320.0,3464.8716415092345,0.05650475605853285
443,"YsscB1ns8fT4",NA,"8rYRakoe9jN0",303,1129.2508250825083,326.0,2072,27.748330581317276,1137,462,1122,436,14.680181854903077,-0.17034745472177154,76.76955262170047,450.0693069306931,2025-12-09T04:00:00,NA,NA,NA,NA,NA,NA,NA,NA,NA,NA,NA,NA,"aqua",NaN,NaN,NaN
443,"YsscB1ns8fT4","8rYRakoe9jN0","HGu0GzBy6SYn",347,1133.0317002881845,370.0,2052,27.42765181301102,1143,406,1126,377,17.159589722443325,0.02183699758023926,79.35533905932736,391.38616714697406,2025-12-10T08:59:00,104340000 milliseconds,14701.20299541079,0.18726454360118194,0.13538461538461538,0.12643678160919541,0.011623853509827805,0.15574281753354757,106.0,0.305,0.981,0.019000000000000017,0.9404526116383682,"terra",104340.0,14701.20299541079,0.14089709598821917
443,"YsscB1ns8fT4","HGu0GzBy6SYn","MQbJUTZQctiO",345,1186.7623188405796,377.0,1823,26.1564193794994,1198,323,1173,300,19.336001673005867,1.1242651676647486,85.25483399593904,311.8521739130435,2025-12-11T09:38:00,88740000 milliseconds,23995.618675288795,0.35918896303104253,0.005780346820809248,0.018741633199464525,0.047448146630907885,0.11926985519867088,80.0,0.232,0.987,0.013000000000000012,0.7954289448808951,"terra",88740.0,23995.618675288795,0.2704036361876132
444,"Z1oRdcbHWYtg",NA,"gIPSxGZUZkWT",423,215.53191489361703,439.0,449,30.713350613022605,224,562,206,533,18.073315251229772,-0.1531992061875944,85.94112549695429,546.7943262411347,2025-12-09T04:00:00,NA,NA,NA,NA,NA,NA,NA,NA,NA,NA,NA,NA,"aqua",NaN,NaN,NaN
444,"Z1oRdcbHWYtg","gIPSxGZUZkWT","bZ29BzqgGaw7",431,215.83758700696055,456.0,376,33.15876189871298,226,552,206,520,17.386602852635217,-0.2263501479976297,90.42640687119285,535.907192575406,2025-12-10T03:01:00,82860000 milliseconds,2722.855978750977,0.04363900919546401,0.01873536299765808,0.03798882681564246,0.0765721122889451,0.038731753219684154,58.0,0.135,0.991,0.009000000000000008,0.35966706451739383,"aqua",82860.0,2722.855978750977,0.03286092178072625
444,"Z1oRdcbHWYtg","bZ29BzqgGaw7","0lxPgxfRn4B2",452,220.2920353982301,486.0,407,34.23332117259239,231,556,210,524,17.994268985578977,-0.28871313341425664,93.01219330881976,539.8893805309734,2025-12-10T08:59:00,21480000 milliseconds,1493.7354891334892,0.09130412525265827,0.04756511891279728,0.06369426751592357,0.03188977769814453,0.03434998073096835,76.0,0.168,0.985,0.015000000000000013,0.45180327011049204,"terra",21480.0,1493.7354891334892,0.06954075833954791
444,"Z1oRdcbHWYtg","0lxPgxfRn4B2","s1NtdAItCgP1",433,241.29099307159353,442.0,197,32.332037611960274,249,558,232,527,17.633955799136814,-0.11058879875974066,86.94112549695429,542.5242494226328,2025-12-12T02:40:00,150060000 milliseconds,5290.9046806993665,0.046907262562164695,0.04293785310734463,0.09482758620689655,0.057125315489874075,0.020226277824357618,68.0,0.157,0.986,0.014000000000000012,0.43302429519063756,"aqua",150060.0,5290.9046806993665,0.03525859443355569
445,"ZHVlKMjIz3m2",NA,"SMGptM8znHZ0",378,110.95767195767196,388.0,196,27.477893719817136,122,1076,98,1051,18.115527091779512,0.8201264841944643,79.49747468305833,1063.44708994709,2025-12-09T04:00:00,NA,NA,NA,NA,NA,NA,NA,NA,NA,NA,NA,NA,"aqua",NaN,NaN,NaN
445,"ZHVlKMjIz3m2","SMGptM8znHZ0","DvBD30gJWdUg",386,168.05181347150258,393.0,283,24.96899294764794,178,1047,158,1022,20.0644457351623,0.19031331791527134,75.59797974644667,1035.761658031088,2025-12-10T03:01:00,82860000 milliseconds,15863.133627173298,0.2542372566259043,0.020942408376963352,0.012804097311139564,0.09567396395048812,0.10209114879241224,105.0,0.272,0.992,0.008000000000000007,0.7657488750569076,"aqua",82860.0,15863.133627173298,0.19144501118963672
446,"ZHtbURpAsLmE",NA,"tGhbM7afcbo7",384,975.7317708333334,386.0,1791,24.291003632972046,988,673,964,653,20.380846195260965,1.3994389447541313,73.94112549695427,663.4114583333334,2025-12-09T04:00:00,NA,NA,NA,NA,NA,NA,NA,NA,NA,NA,NA,NA,"aqua",NaN,NaN,NaN
446,"ZHtbURpAsLmE","tGhbM7afcbo7","AkBim6TUoIoH",408,992.5465686274509,413.0,1469,27.414319689833217,1006,698,979,679,19.20905400279217,-1.5593396533252966,79.11269837220809,688.8553921568628,2025-12-09T09:58:00,21480000 milliseconds,7624.513071637772,0.4660460312737024,0.06060606060606061,0.06758448060075094,0.12081216618110167,0.05919652166874724,73.0,0.179,0.982,0.018000000000000016,0.971245260330363,"terra",21480.0,7624.513071637772,0.3549587091079037
446,"ZHtbURpAsLmE","AkBim6TUoIoH","ZMU8wQ6uZp4z",369,958.1626016260162,379.0,1727,26.802285960668776,970,682,945,662,18.04340504085935,1.2113310649405842,77.35533905932736,672.449864498645,2025-12-10T08:59:00,82860000 milliseconds,9524.30615747251,0.15264534269528826,0.10038610038610038,0.08585858585858586,0.022577353259988688,0.06258104790166674,87.0,0.236,0.993,0.007000000000000006,0.66704843010163,"terra",82860.0,9524.30615747251,0.11494455898470324
446,"ZHtbURpAsLmE","ZMU8wQ6uZp4z","gNGa4pfneWC2",355,969.0309859154929,369.0,1525,26.554034785590144,980,674,956,652,17.492730917136203,1.0489931077576329,77.56244584051393,662.4028169014084,2025-12-11T09:38:00,88740000 milliseconds,3700.2106568822574,0.05538822927748308,0.03867403314917127,0.026737967914438502,0.009305408304264998,0.03099234674102194,37.0,0.104,0.991,0.009000000000000008,0.2740979853863798,"terra",88740.0,3700.2106568822574,0.04169721272123346
447,"ZKpdutsH5dGn",NA,"nkUa1ykpA54N",374,927.3582887700535,377.0,1150,25.305814277781845,938,47,916,22,19.155297910013015,-0.33755900493999397,74.66904755831214,34.660427807486634,2025-12-11T03:40:00,NA,NA,NA,NA,NA,NA,NA,NA,NA,NA,NA,NA,"aqua",NaN,NaN,NaN
447,"ZKpdutsH5dGn","nkUa1ykpA54N","RBLdpaQcfIb4",343,930.3294460641399,345.0,925,23.29818047685545,941,40,920,18,18.991651400425145,-0.5115572389767123,70.18376618407356,29.55393586005831,2025-12-12T08:40:00,104400000 milliseconds,1476.9909375854613,0.01880319462234833,0.08647140864714087,0.0886426592797784,0.0826118845194241,0.008579795372684855,54.0,0.157,0.992,0.008000000000000007,0.45010894244137656,"terra",104400.0,1476.9909375854613,0.014147422773807102
448,"ZQ7wwCtgbgn4",NA,"9qM3My1J6cOT",326,1020.1901840490798,331.0,1176,22.109092880700928,1030,161,1009,141,19.168992475394408,-1.2981255084480436,69.94112549695429,150.65030674846625,2025-12-12T02:40:00,NA,NA,NA,NA,NA,NA,NA,NA,NA,NA,NA,NA,"aqua",NaN,NaN,NaN
448,"ZQ7wwCtgbgn4","9qM3My1J6cOT","mvf31YbdeeCQ",337,1020.8189910979229,357.0,987,24.285991049047023,1031,168,1009,146,18.7924862629889,-1.0040231606623102,77.59797974644667,158.1513353115727,2025-12-12T08:40:00,21600000 milliseconds,1881.8346734173658,0.1143972445846423,0.033182503770739065,0.0755813953488372,0.09384176011589433,0.01983622476881119,71.0,0.211,0.971,0.029000000000000026,0.5768391285889242,"terra",21600.0,1881.8346734173658,0.08712197562117434
449,"ZRjVyu20bNBk",NA,"qSkUbRaUwNJr",638,858.4184952978056,678.0,1581,41.03983106925259,872,1169,845,1131,20.445171611279637,0.48813405282558026,117.08935777509511,1151.2539184952977,2025-12-09T04:00:00,NA,NA,NA,NA,NA,NA,NA,NA,NA,NA,NA,NA,"aqua",NaN,NaN,NaN
449,"ZRjVyu20bNBk","qSkUbRaUwNJr","NBzwhb00IsgT",597,840.3450586264656,646.0,1367,41.326151459334405,854,1163,827,1125,19.262969791307203,0.4423472144168556,117.29646455628165,1144.3048576214405,2025-12-10T03:01:00,82860000 milliseconds,4840.832573932343,0.07758366173463166,0.06639676113360324,0.04833836858006042,0.006952394211589428,0.05954455576182762,91.0,0.152,0.999,0.0010000000000000009,0.4118157414217124,"aqua",82860.0,4840.832573932343,0.058421826863774354
449,"ZRjVyu20bNBk","NBzwhb00IsgT","nhtrvb6CrR3p",576,855.4461805555555,603.0,1529,38.70825448185546,868,1161,844,1126,19.514271424056464,0.37921473535486944,107.9827560572969,1144.0972222222222,2025-12-10T08:59:00,21480000 milliseconds,3775.6373301093886,0.23078467787954698,0.03580562659846547,0.0688550840672538,0.0654192892842261,0.01296129507272396,83.0,0.144,0.983,0.017000000000000015,0.5748259729022164,"terra",21480.0,3775.6373301093886,0.17577454981887283
449,"ZRjVyu20bNBk","nhtrvb6CrR3p","P4GAsqfre2FE",574,842.7212543554007,587.0,1319,37.19129518571486,855,1162,832,1128,20.066772348229673,0.3636997541120733,100.91168824543142,1145.8362369337979,2025-12-11T09:38:00,88740000 milliseconds,3210.8012917968053,0.04806229012494282,0.0034782608695652175,0.02689075630252101,0.03997281414144564,0.027917450957170537,56.0,0.098,0.978,0.02200000000000002,0.26632157239564525,"terra",88740.0,3210.8012917968053,0.036182119583015614
449,"ZRjVyu20bNBk","P4GAsqfre2FE","1FvocoHBqGFk",616,855.9350649350649,645.0,915,42.010796380957345,869,1177,843,1138,19.294441693648015,0.45740588856844105,116.46803743153546,1158.1266233766235,2025-12-12T02:40:00,61320000 milliseconds,4511.501890648765,0.09756708241022416,0.07058823529411765,0.09415584415584416,0.12170136166632516,0.039243233390105825,87.0,0.141,0.96,0.040000000000000036,0.604255756916617,"aqua",61320.0,4511.501890648765,0.07357309019322839
450,"ZRm6FtQSerKn",NA,"s6aVJUwzDLki",1331,693.2554470323065,1370.0,1229,46.290807525055406,718,970,670,931,37.25566032617571,1.5368673386758966,147.7817459305202,949.3561232156273,2025-12-09T04:00:00,NA,NA,NA,NA,NA,NA,NA,NA,NA,NA,NA,NA,"aqua",NaN,NaN,NaN
450,"ZRm6FtQSerKn","s6aVJUwzDLki","Qc76qx8YnPF6",1238,709.6066235864297,1325.0,982,48.35001897469603,735,982,686,943,34.25379844680747,1.5113515048598585,160.50966799187808,962.889337641357,2025-12-09T09:58:00,21480000 milliseconds,5306.298541573519,0.32434587662429826,0.0724017127286882,0.03339517625231911,0.043516345446244165,0.0839570577340843,208.0,0.168,0.994,0.006000000000000005,0.7316161687856341,"terra",21480.0,5306.298541573519,0.24703438275481934
450,"ZRm6FtQSerKn","Qc76qx8YnPF6","CHou4tUQNYil",1277,686.9209083790133,1324.0,1032,44.62599769170531,712,956,663,918,37.45459610380974,1.5362767780614814,150.61017305526642,936.4400939702427,2025-12-10T03:01:00,61380000 milliseconds,8711.358121893145,0.18821125898008306,0.031013916500994037,0.0007550018875047187,0.08010713765793036,0.08927260684222693,256.0,0.2,0.997,0.0030000000000000027,0.5923599218687391,"aqua",61380.0,8711.358121893145,0.1419250264238049
450,"ZRm6FtQSerKn","CHou4tUQNYil","iHuPFyuT38SK",1331,694.0668670172803,1355.0,1209,45.34658359330364,719,961,671,923,37.9640575697237,1.493072451181552,146.36753236814712,941.0262960180315,2025-12-10T08:59:00,21480000 milliseconds,2122.7631474531654,0.12975324862183163,0.04141104294478527,0.023142963792459875,0.016017899926994674,0.01351022435694162,150.0,0.113,0.992,0.008000000000000007,0.3448353796430131,"terra",21480.0,2122.7631474531654,0.09882509997454215
450,"ZRm6FtQSerKn","iHuPFyuT38SK","YtK3y34LxOwt",1242,694.5370370370371,1296.0,921,46.311149393465094,719,963,671,926,35.08022121181706,1.5621600017943469,153.4386001800126,944.1787439613527,2025-12-11T03:40:00,67260000 milliseconds,796.8291803622243,0.015718101989589197,0.06917994558880684,0.044511505092417955,0.02104712322092217,0.07896132061298199,141.0,0.114,0.988,0.01200000000000001,0.35541799650471817,"aqua",67260.0,796.8291803622243,0.011846999410678327
450,"ZRm6FtQSerKn","YtK3y34LxOwt","laJNxEzj0hXS",1271,550.7608182533438,1405.0,635,48.392392031639034,571,866,525,821,35.16964621945398,-0.7197297053583653,175.8528137423857,843.3320220298978,2025-12-12T08:40:00,104400000 milliseconds,43904.48611194007,0.5589368060081485,0.023079984082769598,0.0807108478341355,0.04395279430642794,0.00254591249512059,315.0,0.248,0.956,0.04400000000000004,1.0012263447266023,"terra",104400.0,43904.48611194007,0.4205410547120696
451,"ZUk6DozpTJkf",NA,"D1H9kPRtP3Pv",321,516.2647975077882,341.0,983,24.50489763760255,529,884,505,865,17.9663533095627,1.3640187657134253,76.42640687119285,874.9003115264798,2025-12-09T04:00:00,NA,NA,NA,NA,NA,NA,NA,NA,NA,NA,NA,NA,"aqua",NaN,NaN,NaN
451,"ZUk6DozpTJkf","D1H9kPRtP3Pv","Qt8SdUU0d4W0",305,527.5081967213115,321.0,742,23.289141084632917,540,895,518,875,17.53296455244995,0.9869794341780112,74.59797974644665,885.3672131147541,2025-12-09T09:58:00,21480000 milliseconds,3840.3292073505586,0.23473894910455737,0.051118210862619806,0.06042296072507553,0.05087481976717823,0.02441673717773107,60.0,0.197,0.998,0.0020000000000000018,0.620571677637162,"terra",21480.0,3840.3292073505586,0.17878627594741892
451,"ZUk6DozpTJkf","Qt8SdUU0d4W0","L0JQlLrnHZ1F",347,509.95677233429393,359.0,778,23.566682598260368,520,894,499,872,19.355029541734012,0.672621877209131,74.18376618407356,882.2391930835735,2025-12-10T03:01:00,61380000 milliseconds,4456.995956700139,0.096294608549209,0.12883435582822086,0.11176470588235295,0.011846617637362307,0.09878905232048614,102.0,0.294,0.996,0.0040000000000000036,0.7455293402176313,"aqua",61380.0,4456.995956700139,0.07261316319159561
451,"ZUk6DozpTJkf","L0JQlLrnHZ1F","xraPHECKQILC",335,516.1283582089552,340.0,821,23.186093843568052,526,894,507,871,18.83118494213596,0.026843064795325385,71.94112549695427,882.0746268656717,2025-12-11T09:38:00,110220000 milliseconds,1543.4448939060205,0.01861478494730773,0.03519061583577713,0.05436337625178827,0.016280904949713872,0.02743631997454619,75.0,0.224,0.992,0.008000000000000007,0.3838860019591332,"terra",110220.0,1543.4448939060205,0.01400331059613519
452,"ZdXb3zir2OuO",NA,"89fIeZdhRJkG",399,966.5538847117795,403.0,1772,26.319836429756673,976,610,956,583,19.572330881320738,0.02168402806435337,77.59797974644665,597.4235588972431,2025-12-09T04:00:00,NA,NA,NA,NA,NA,NA,NA,NA,NA,NA,NA,NA,"aqua",NaN,NaN,NaN
452,"ZdXb3zir2OuO","89fIeZdhRJkG","zL78T6Ov9CZ6",482,983.1514522821577,490.0,1458,28.20141916867498,994,635,972,607,22.001205405433385,0.2638634287513822,85.59797974644665,621.0414937759336,2025-12-09T09:58:00,21480000 milliseconds,7216.6738234597215,0.4411169818740661,0.188422247446084,0.1948488241881299,0.06902198851680272,0.11684714561491459,93.0,0.193,0.976,0.02400000000000002,1.2272571876399974,"terra",21480.0,7216.6738234597215,0.335971779490676
453,"ZfLDkUPOaEKg",NA,"RQKacq80JeOo",1770,852.2180790960452,1859.0,1344,66.81380545157057,886,205,818,158,35.47101251437876,-1.265597234468113,193.48023074035518,182.04689265536723,2025-12-10T03:01:00,NA,NA,NA,NA,NA,NA,NA,NA,NA,NA,NA,NA,"aqua",NaN,NaN,NaN
453,"ZfLDkUPOaEKg","RQKacq80JeOo","ZAUaWcnBgE9p",1746,862.0612829324169,1817.0,1498,64.54732881693377,896,217,830,176,35.5549011989854,-1.3632503938382434,183.50966799187808,196.01030927835052,2025-12-10T08:59:00,21480000 milliseconds,4271.019093490512,0.26106473676592373,0.013651877133105802,0.022850924918389554,0.03450756796913898,0.002362199378249101,173.0,0.099,0.992,0.008000000000000007,0.44143730616480714,"terra",21480.0,4271.019093490512,0.19883701552562905
453,"ZfLDkUPOaEKg","ZAUaWcnBgE9p","LFbDZVXJWXsa",1681,860.9083878643664,1742.0,903,64.15633209841796,894,197,828,153,34.51119944411129,-1.2457512710762138,180.99494936611666,175.20999405116004,2025-12-12T02:40:00,150060000 milliseconds,5208.0603430429555,0.046172794388429944,0.03793405310767435,0.04214667041303737,0.0060759222501520944,0.029791917783195152,115.0,0.068,0.989,0.01100000000000001,0.24112135794248893,"aqua",150060.0,5208.0603430429555,0.03470651967908141
454,"ZoxZoGxtscdb",NA,"pBBHCsur0LyN",1174,315.1209540034072,1300.0,612,48.83390208988214,340,197,291,161,32.56477904846234,-1.4837615824778756,155.4386001800126,180.2427597955707,2025-12-09T04:00:00,NA,NA,NA,NA,NA,NA,NA,NA,NA,NA,NA,NA,"aqua",NaN,NaN,NaN
454,"ZoxZoGxtscdb","pBBHCsur0LyN","uU41kUXBTHCa",1343,476.3507073715562,1362.0,653,51.702950712644856,492,266,460,216,33.85660652914204,-0.07485420841204844,145.49747468305833,240.19955323901712,2025-12-09T09:58:00,21480000 milliseconds,43004.25157119225,2.6286217341804554,0.13428684942391736,0.04658151765589782,0.05707456604789613,0.03889793835060471,292.0,0.217,0.994,0.006000000000000005,3.1284626056587714,"terra",21480.0,43004.25157119225,2.002060129012675
454,"ZoxZoGxtscdb","uU41kUXBTHCa","JSC7RSIZdcYA",1355,450.8516605166052,1388.0,843,52.56141060291975,468,244,435,194,33.665910959823016,-0.14347453949698202,148.56854249492378,217.79926199261993,2025-12-10T08:59:00,82860000 milliseconds,8485.187234360263,0.13599146140492446,0.008895478131949592,0.01890909090909091,0.016466986023665264,0.0056483548425216865,88.0,0.065,0.999,0.0010000000000000009,0.2519113713121519,"terra",82860.0,8485.187234360263,0.10240390096983179
454,"ZoxZoGxtscdb","JSC7RSIZdcYA","H64CZurdWsNZ",1467,431.774369461486,1682.0,656,54.95359999537757,454,353,413,298,36.670444557942176,0.39867625696213876,193.82337649086284,328.16768916155416,2025-12-11T03:40:00,67260000 milliseconds,28001.264201087946,0.5523476516636344,0.07937632884479093,0.19153094462540718,0.04449963552337141,0.08543330333230845,432.0,0.294,0.946,0.05400000000000005,1.3011878639895125,"aqua",67260.0,28001.264201087946,0.416313770459232
455,"ZuxFfE8kHQek",NA,"L9mP6gCEN4qf",1283,906.3273577552611,1302.0,1643,49.7278554661406,933,923,883,889,33.55512818967387,1.5602905977472525,144.46803743153546,907.5557287607171,2025-12-09T04:00:00,NA,NA,NA,NA,NA,NA,NA,NA,NA,NA,NA,NA,"aqua",NaN,NaN,NaN
455,"ZuxFfE8kHQek","L9mP6gCEN4qf","96epeQ98Ttpe",1306,919.7434915773354,1316.0,1343,48.94941466399728,943,937,896,897,34.58552463927801,1.0685602232642584,143.53910524340094,917.9196018376723,2025-12-09T09:58:00,21480000 milliseconds,4238.237486613992,0.25906097106442494,0.017767477790652762,0.0106951871657754,0.01577750987875316,0.030243222124409736,76.0,0.058,0.993,0.007000000000000006,0.39854436802401594,"terra",21480.0,4238.237486613992,0.19731086995409644
455,"ZuxFfE8kHQek","96epeQ98Ttpe","hwcmErZ9luI0",1280,913.0375,1294.0,1493,48.5019675702033,936,924,892,882,34.31526231513389,-0.9491200915216976,144.95331880577402,901.4609375,2025-12-10T03:01:00,61380000 milliseconds,4443.098263145455,0.09599434510414724,0.020108275328692964,0.01685823754789272,0.009182980960057662,0.007844970604557503,256.0,0.2,0.993,0.007000000000000006,0.35698880954534806,"aqua",61380.0,4443.098263145455,0.07238674263840755
455,"ZuxFfE8kHQek","hwcmErZ9luI0","aXWKJGAJvbos",1242,920.7552334943639,1309.0,1636,50.65472727569059,940,975,898,931,31.978427658518935,-0.6355673333711022,162.0243866176395,951.7028985507246,2025-12-10T08:59:00,21480000 milliseconds,12707.817624676347,0.7767614685009993,0.03013481363996828,0.01152516327314637,0.04342136875040138,0.07049945952755649,255.0,0.205,0.971,0.029000000000000026,1.1663422736920717,"terra",21480.0,12707.817624676347,0.5916116212605376
455,"ZuxFfE8kHQek","aXWKJGAJvbos","82GXxMouAyUE",1323,1084.132275132275,1455.0,1268,53.99313476653379,1100,998,1063,943,33.06826049961873,-0.17262129281627153,182.40916292848974,971.9055177626606,2025-12-11T03:40:00,67260000 milliseconds,41155.3486479721,0.8118226382872493,0.06315789473684211,0.10564399421128799,0.06380268885944729,0.03350924918576202,280.0,0.212,0.964,0.03600000000000003,1.3259364652805887,"aqua",67260.0,41155.3486479721,0.6118844580429988
456,"ZwlzUitLem1X",NA,"i6A6NStLNiD3",949,545.3487881981033,1052.0,1005,39.890201583879396,562,122,525,88,33.84194708072912,-1.0470423160838043,156.9827560572969,107.62065331928346,2025-12-09T04:00:00,NA,NA,NA,NA,NA,NA,NA,NA,NA,NA,NA,NA,"aqua",NaN,NaN,NaN
456,"ZwlzUitLem1X","i6A6NStLNiD3","Ot79nv7CmZ2W",949,656.2665964172813,993.0,907,38.54658562856648,672,38,639,1,32.790697126260994,0.0803721785846731,137.98275605729688,16.810326659641728,2025-12-09T09:58:00,21480000 milliseconds,35837.546309856014,2.190559065394622,0.0,0.05770171149144254,0.03425984166520569,0.03155360160111565,264.0,0.278,0.835,0.16500000000000004,2.757074220152386,"terra",21480.0,35837.546309856014,1.668414632674861
456,"ZwlzUitLem1X","Ot79nv7CmZ2W","ZClPMDrbTvtS",954,474.0125786163522,999.0,722,38.715329375008466,491,144,457,104,32.061168952850515,0.3630917356689776,129.29646455628165,122.90461215932915,2025-12-10T03:01:00,61380000 milliseconds,52721.27441808393,1.1390574574502308,0.005254860746190226,0.006024096385542169,0.004368096401290988,0.022498293958744132,203.0,0.213,0.917,0.08299999999999996,1.4732028049419983,"aqua",61380.0,52721.27441808393,0.8589324603793407
456,"ZwlzUitLem1X","ZClPMDrbTvtS","YswlIBzGUuOu",946,476.31501057082454,995.0,874,38.88461906255193,493,159,460,120,31.861831323352,0.23554139091472062,136.95331880577402,137.79175475687103,2025-12-10T08:59:00,21480000 milliseconds,3766.0341178131393,0.23019768446290584,0.008421052631578947,0.004012036108324975,0.004363139176044109,0.006236804550387337,139.0,0.147,0.987,0.013000000000000012,0.4132307169292412,"terra",21480.0,3766.0341178131393,0.17532747289632863
456,"ZwlzUitLem1X","YswlIBzGUuOu","7DZZSm2zPmpp",929,469.1345532831001,966.0,736,39.4608824774104,485,162,453,122,30.6524020373857,0.30386878635829073,126.71067811865474,140.71259418729818,2025-12-11T09:38:00,88740000 milliseconds,1937.9478488721804,0.029009024008265556,0.018133333333333335,0.029576746557878633,0.014710823302714691,0.03869292546506339,107.0,0.115,0.98,0.020000000000000018,0.26512285266725566,"terra",88740.0,1937.9478488721804,0.021838492775210508
456,"ZwlzUitLem1X","7DZZSm2zPmpp","tKT9C5cOsn4O",881,474.1101021566402,989.0,571,39.29924510630799,496,174,456,140,30.786238292329912,-1.5018558123485244,137.12489168102783,156.34733257661748,2025-12-12T08:40:00,82920000 milliseconds,4101.837477700092,0.06569246440903415,0.05303867403314917,0.023529411764705882,0.0041045482291936376,0.00435674533895836,243.0,0.276,0.97,0.030000000000000027,0.45672184377504127,"terra",82920.0,4101.837477700092,0.04946740807646034
457,"ZxxaM8ZOpMgD",NA,"oKwe75bSJTYW",950,228.5884210526316,1039.0,208,40.67979862958572,244,449,212,409,31.89863054345385,0.21476212130756875,134.63961030678928,430.6578947368421,2025-12-09T09:58:00,NA,NA,NA,NA,NA,NA,NA,NA,NA,NA,NA,NA,"terra",NaN,NaN,NaN
457,"ZxxaM8ZOpMgD","oKwe75bSJTYW","6Es5njwYqn8P",1041,118.9164265129683,1081.0,171,42.65779359518321,137,500,101,457,31.54105351231177,-0.29070708896180075,136.95331880577405,477.42459173871276,2025-12-11T09:38:00,171600000 milliseconds,29806.742457425546,0.23114961192264866,0.09141135107985937,0.03962264150943396,0.04746945316736917,0.011272976417340274,285.0,0.274,0.992,0.008000000000000007,0.7029260340966514,"terra",171600.0,29806.742457425546,0.17369896536961274
457,"ZxxaM8ZOpMgD","6Es5njwYqn8P","9NQ5iDpQz429",1097,195.59525979945306,1124.0,118,43.59552753141955,211,436,179,393,32.32643423643822,0.20223435462989867,130.98275605729688,414.55241567912486,2025-12-12T02:40:00,61320000 milliseconds,24789.808889748856,0.5361117839478559,0.052385406922357346,0.039002267573696146,0.02174371778357228,0.024594069746913416,137.0,0.125,0.993,0.007000000000000006,0.8058372459743951,"aqua",61320.0,24789.808889748856,0.40426955136576737
457,"ZxxaM8ZOpMgD","9NQ5iDpQz429","RSYcyKmX2JRO",1015,422.56256157635465,1131.0,511,43.34176664435785,438,442,401,393,33.85891962985745,0.09874379044875996,155.16652224137047,416.10147783251233,2025-12-12T08:40:00,21600000 milliseconds,56743.14698128872,3.449431427433965,0.07765151515151515,0.006208425720620843,0.005837791237178976,0.04630889778167799,292.0,0.288,0.967,0.03300000000000003,3.9064380573249577,"terra",21600.0,56743.14698128872,2.6269975454300334
458,"a1RKB80X23jP",NA,"XOikwzfrvtHc",457,401.9781181619256,460.0,808,25.385389707033422,413,599,388,576,23.527198329378358,1.4228503668882564,82.18376618407358,587.8490153172867,2025-12-09T04:00:00,NA,NA,NA,NA,NA,NA,NA,NA,NA,NA,NA,NA,"aqua",NaN,NaN,NaN
458,"a1RKB80X23jP","XOikwzfrvtHc","6P1dorDG7YlA",407,415.97788697788695,410.0,559,23.990109019145578,427,610,403,587,22.227652177191203,1.1225845580572877,77.59797974644665,598.5823095823096,2025-12-09T09:58:00,21480000 milliseconds,4410.195096874527,0.2695718274373183,0.11574074074074074,0.11494252873563218,0.056517127882621795,0.05680473819931129,64.0,0.157,0.981,0.019000000000000017,0.7895769629956243,"terra",21480.0,4410.195096874527,0.20531634529211018
458,"a1RKB80X23jP","6P1dorDG7YlA","v9xAjtPLMeoM",430,418.39767441860465,439.0,649,24.736959648960372,430,584,406,561,22.694453018220813,1.5143857492800654,80.42640687119285,573.160465116279,2025-12-11T03:40:00,150120000 milliseconds,6384.187239350152,0.05657734171703431,0.054958183990442055,0.06831566548881036,0.030654445269499314,0.02078267877246701,40.0,0.093,0.993,0.007000000000000006,0.3312883152382531,"aqua",150120.0,6384.187239350152,0.04252722648114943
458,"a1RKB80X23jP","v9xAjtPLMeoM","R9pLGrQBioZh",417,436.80815347721824,418.0,479,25.223909602910787,449,582,424,560,21.55273563257531,1.529851382038595,77.59797974644667,571.7505995203837,2025-12-12T02:40:00,82800000 milliseconds,4616.095889426873,0.074035218755844,0.030696576151121605,0.049008168028004666,0.01949325387016469,0.05160632439977452,44.0,0.106,0.993,0.007000000000000006,0.3378395412049095,"aqua",82800.0,4616.095889426873,0.055749950355397024
459,"a4sgXshN4VjO",NA,"dG7iXKT882oQ",373,679.2386058981233,390.0,1220,23.715401253164952,690,331,668,309,20.657901011672106,-0.38001433365218074,86.84062043356595,319.4101876675603,2025-12-09T04:00:00,NA,NA,NA,NA,NA,NA,NA,NA,NA,NA,NA,NA,"aqua",NaN,NaN,NaN
459,"a4sgXshN4VjO","dG7iXKT882oQ","XvEHgoJNkGBh",347,667.4524495677233,369.0,903,24.852285627610403,679,346,658,321,19.265868930821426,0.095040226446839,80.42640687119285,335.05763688760806,2025-12-11T03:40:00,171600000 milliseconds,4897.423736890911,0.03797924573005747,0.07222222222222222,0.05533596837944664,0.04681649250606852,0.06973450066743556,109.0,0.314,0.998,0.0020000000000000018,0.5980884295052304,"aqua",171600.0,4897.423736890911,0.02853976536649715
460,"a8SQkO5MtbCx",NA,"qhVjPgTDgSGG",1335,885.0531835205993,1362.0,1619,44.74923620568658,908,1137,867,1090,38.85736050460107,0.11755814208940989,148.36753236814715,1114.318352059925,2025-12-09T04:00:00,NA,NA,NA,NA,NA,NA,NA,NA,NA,NA,NA,NA,"aqua",NaN,NaN,NaN
460,"a8SQkO5MtbCx","qhVjPgTDgSGG","9nDCsSi2szCT",1368,904.7748538011696,1423.0,1328,44.894366289681585,928,1146,886,1100,39.97861458269553,0.013900414080106418,153.36753236814712,1123.1973684210527,2025-12-09T09:58:00,21480000 milliseconds,5407.062570129354,0.33050504707392137,0.0244173140954495,0.04380610412926391,0.0032379351109300923,0.02844523903846875,161.0,0.118,0.989,0.01100000000000001,0.5594116394480335,"terra",21480.0,5407.062570129354,0.2517254455367483
460,"a8SQkO5MtbCx","9nDCsSi2szCT","djIrakjzg3Vc",1332,870.2132132132132,1350.0,1416,44.84699509567104,892,1132,852,1086,38.53777008157201,0.12173980797170461,143.88225099390854,1108.9917417417416,2025-12-10T03:01:00,61380000 milliseconds,9341.797302590618,0.20183206876073495,0.02666666666666667,0.05265055896141363,0.0010557271090892184,0.036701753583904796,155.0,0.116,0.986,0.014000000000000012,0.4489067750818093,"aqua",61380.0,9341.797302590618,0.15219611115331733
460,"a8SQkO5MtbCx","djIrakjzg3Vc","9FDs3oaL9kdt",1346,882.9583952451709,1381.0,1570,45.16955192783101,905,1131,865,1084,38.74136226494316,0.14997718924223458,148.95331880577402,1108.1047548291233,2025-12-10T08:59:00,21480000 milliseconds,3194.002297381902,0.19523241426539742,0.010455563853622106,0.022702306847308677,0.00716661198025632,0.005269008002270372,101.0,0.075,0.993,0.007000000000000006,0.3228259049488549,"terra",21480.0,3194.002297381902,0.14869656877941814
460,"a8SQkO5MtbCx","9FDs3oaL9kdt","yPt8uTpHmA0O",1282,881.5374414976599,1327.0,1113,44.63119020002624,901,1136,864,1091,37.19540927242962,0.07474890207426813,148.61017305526642,1114.7901716068643,2025-12-11T03:40:00,67260000 milliseconds,1708.6893194175657,0.03370528295527302,0.0487062404870624,0.03988183161004431,0.011990139837335783,0.040716848009602055,149.0,0.116,0.995,0.0050000000000000044,0.2960003428993176,"aqua",67260.0,1708.6893194175657,0.025404242037133002
460,"a8SQkO5MtbCx","yPt8uTpHmA0O","6rK5IvFgQ3Jp",1348,873.1238872403561,1376.0,1362,45.21294970986625,896,1134,855,1087,38.80693653792086,0.12108819921764159,146.12489168102783,1110.740356083086,2025-12-11T09:38:00,21480000 milliseconds,2334.37492994953,0.14268795415339425,0.050190114068441066,0.03625601183869774,0.012950416363793493,0.04240730330909792,153.0,0.114,0.998,0.0020000000000000018,0.4004917997334244,"terra",21480.0,2334.37492994953,0.10867667271645856
460,"a8SQkO5MtbCx","6rK5IvFgQ3Jp","K2pKfSc4P0aF",1318,888.4886191198786,1342.0,960,45.131784131018705,910,1146,871,1099,37.92434325019067,0.12471437681096535,145.88225099390854,1122.4188163884673,2025-12-12T02:40:00,61320000 milliseconds,4824.814898223973,0.10434288274705823,0.02250562640660165,0.025018395879323033,0.001796797121357289,0.02300478475446831,88.0,0.067,0.999,0.0010000000000000009,0.24466848690880855,"aqua",61320.0,4824.814898223973,0.07868256520260881
461,"a8UjHUHgYuxJ",NA,"vsgGnnSEaglX",905,700.8497237569061,918.0,1251,37.370075244049545,719,684,681,653,31.113583295094024,-1.3726383029521296,118.32590180780451,668.539226519337,2025-12-09T04:00:00,NA,NA,NA,NA,NA,NA,NA,NA,NA,NA,NA,NA,"aqua",NaN,NaN,NaN
461,"a8UjHUHgYuxJ","vsgGnnSEaglX","sl31bjxPWhKE",896,701.4207589285714,912.0,1233,37.830106961793376,720,675,682,645,30.35732168153778,-1.1593459413491654,120.01828996322965,660.3839285714286,2025-12-10T08:59:00,104340000 milliseconds,2043.8163718036035,0.02603421911729958,0.009994447529150472,0.006557377049180328,0.012234856465762332,0.02460551422965833,69.0,0.077,0.994,0.006000000000000005,0.16242641439105104,"terra",104340.0,2043.8163718036035,0.01958804266631784
461,"a8UjHUHgYuxJ","sl31bjxPWhKE","Q0HuPwVjozrX",856,713.321261682243,874.0,1103,36.80098113837083,731,667,695,636,29.93110443773329,-1.0515682317037647,115.9827560572969,651.7102803738318,2025-12-11T09:38:00,88740000 milliseconds,3681.4920450631903,0.055108031510563434,0.045662100456621,0.0425531914893617,0.027579011632292746,0.014139272535039731,67.0,0.078,0.994,0.006000000000000005,0.26904160762387863,"terra",88740.0,3681.4920450631903,0.0414862750176154
462,"a9mxHhfttuOS",NA,"oDarJDqmnhk5",557,538.6140035906643,643.0,816,33.82271005138111,554,745,525,714,24.460342330734676,0.4083509105115659,120.22539674441619,731.7396768402155,2025-12-10T03:01:00,NA,NA,NA,NA,NA,NA,NA,NA,NA,NA,NA,NA,"aqua",NaN,NaN,NaN
462,"a9mxHhfttuOS","oDarJDqmnhk5","S2vQ2jRqXcKu",624,602.7788461538462,712.0,656,36.29357950938076,621,629,587,599,24.72479842996047,-1.062790188624049,122.22539674441617,613.4375,2025-12-12T02:40:00,171540000 milliseconds,33645.70186729979,0.26101161217408003,0.11346316680779,0.1018450184501845,0.07047918460826227,0.010753495675146068,157.0,0.252,0.984,0.016000000000000014,0.8255524777154629,"aqua",171540.0,33645.70186729979,0.19613910380843994
463,"aBKmc0dL5fyx",NA,"s2Zcld976uip",337,924.4183976261128,355.0,1664,23.261093441373884,934,854,914,832,19.508505163210415,-0.0008295185390912887,77.35533905932738,841.8071216617211,2025-12-10T08:59:00,NA,NA,NA,NA,NA,NA,NA,NA,NA,NA,NA,NA,"terra",NaN,NaN,NaN
463,"aBKmc0dL5fyx","s2Zcld976uip","RJsdK5uvr6hI",332,896.222891566265,353.0,900,22.19570595577314,907,838,886,816,19.99626376464821,0.08720634084364846,80.42640687119285,826.1746987951807,2025-12-12T08:40:00,171660000 milliseconds,8059.773595801427,0.06248128683903583,0.014947683109118086,0.005649717514124294,0.04687472500176117,0.02469365672425577,70.0,0.211,0.996,0.0040000000000000036,0.36964706918829515,"terra",171660.0,8059.773595801427,0.046951960828389996
464,"aCADupsaNqya",NA,"vXBiQE6ygdpw",2114,1054.9801324503312,2215.0,1903,62.01842490773978,1090,571,1027,516,45.47858023562224,0.9928279474394781,209.1370849898476,545.4626300851467,2025-12-09T04:00:00,NA,NA,NA,NA,NA,NA,NA,NA,NA,NA,NA,NA,"aqua",NaN,NaN,NaN
464,"aCADupsaNqya","vXBiQE6ygdpw","08BwwGcbgwIW",1968,922.7672764227642,2191.0,1341,61.817166150737656,946,531,896,472,43.926178106020195,0.38348513527586464,211.23759005323592,501.4435975609756,2025-12-09T09:58:00,21480000 milliseconds,34837.04433082888,2.1294036877034768,0.07153356197942186,0.010894235133908307,0.0032504186442988657,0.034727505747956924,586.0,0.298,0.989,0.01100000000000001,2.5588094092090627,"terra",21480.0,34837.04433082888,1.621836328250879
464,"aCADupsaNqya","08BwwGcbgwIW","TMtqfG1IUqBb",1761,910.0567859170926,1845.0,1490,55.49187613150751,931,502,889,448,40.829437300866196,-0.28082165684650745,174.50966799187808,474.84440658716636,2025-12-10T03:01:00,61380000 milliseconds,7370.013268966783,0.15923113900760036,0.11102172164119067,0.17145688800792863,0.10783976914603936,0.07307458721849806,517.0,0.294,0.94,0.06000000000000005,0.9766241050212572,"aqua",61380.0,7370.013268966783,0.12007190076518055
464,"aCADupsaNqya","TMtqfG1IUqBb","cmOtoWs0X0DC",1907,908.4048243314106,2105.0,1616,59.090927805556575,930,509,888,449,43.789028630376144,0.0950466528588046,208.89444430272832,480.7414787624541,2025-12-10T08:59:00,21480000 milliseconds,1531.0216629983126,0.09358323123461569,0.07960741548527808,0.13164556962025317,0.06282010127847605,0.06995142955947219,419.0,0.22,0.943,0.05700000000000005,0.7146077471780952,"terra",21480.0,1531.0216629983126,0.07127661373362722
464,"aCADupsaNqya","cmOtoWs0X0DC","XQK0PXYRvgev",1881,913.0441254651781,2057.0,1429,57.51527976658579,935,501,892,443,43.36295274283443,-0.03614660205795028,204.65180361560903,471.9824561403509,2025-12-11T09:38:00,88740000 milliseconds,2477.9476425094736,0.03709224822258025,0.013727560718057022,0.023065833733781835,0.02702511421608417,0.009777767087523365,262.0,0.139,0.991,0.009000000000000008,0.25868852397802666,"terra",88740.0,2477.9476425094736,0.027923683147503646
465,"aVCEGEsuK9Ve",NA,"lCH0G37cLl4P",539,334.3191094619666,550.0,393,32.02937975249037,346,536,322,507,21.64512614584788,-0.4617044541746025,90.42640687119285,521.3988868274582,2025-12-09T09:58:00,NA,NA,NA,NA,NA,NA,NA,NA,NA,NA,NA,NA,"terra",NaN,NaN,NaN
465,"aVCEGEsuK9Ve","lCH0G37cLl4P","bqGvOs83sKdM",514,318.72178988326846,560.0,535,30.527736501296705,330,517,305,488,23.133581098416247,-0.04260026675000397,102.66904755831213,502.42412451361866,2025-12-10T03:01:00,61380000 milliseconds,6140.633023693214,0.1326700448027053,0.04748338081671415,0.018018018018018018,0.04800871079484135,0.06648047896733464,113.0,0.22,0.963,0.03700000000000003,0.5696606333996135,"aqua",61380.0,6140.633023693214,0.10004289709503444
466,"aXqmSCQlok5x",NA,"fNwjCtgIYgv1",338,229.07100591715977,356.0,417,29.278729491868805,241,650,215,628,15.448300251003266,0.9562056029632761,79.84062043356595,638.8609467455622,2025-12-10T08:59:00,NA,NA,NA,NA,NA,NA,NA,NA,NA,NA,NA,NA,"terra",NaN,NaN,NaN
466,"aXqmSCQlok5x","fNwjCtgIYgv1","AlQJK0lz4ecx",361,238.73130193905817,377.0,399,30.052773134881697,252,649,225,627,15.903441101509177,0.9997086332908439,81.25483399593904,638.1551246537396,2025-12-11T03:40:00,67260000 milliseconds,2421.511718637902,0.04776628303852258,0.06580829756795423,0.0572987721691678,0.02609216381666027,0.029034486179788377,38.0,0.105,0.998,0.0020000000000000018,0.33300000277209324,"aqua",67260.0,2421.511718637902,0.03600225570380467
467,"aYXpPQzn51vG",NA,"CUvBmjALnLsW",349,1021.3381088825215,364.0,1733,29.65717586867613,1036,438,1007,420,15.680881217777182,1.2728574416189444,79.84062043356595,429.0372492836676,2025-12-10T03:01:00,NA,NA,NA,NA,NA,NA,NA,NA,NA,NA,NA,NA,"aqua",NaN,NaN,NaN
467,"aYXpPQzn51vG","CUvBmjALnLsW","hkB1kGrdWWM6",336,993.2470238095239,407.0,1196,29.56026661580387,1006,526,976,506,17.824955669848613,1.4289158330783973,99.81118318204308,516.6904761904761,2025-12-11T03:40:00,88740000 milliseconds,23011.13486955127,0.34445228455282195,0.03795620437956204,0.11154345006485085,0.0032729969011296082,0.12798214587281473,132.0,0.393,0.951,0.049000000000000044,1.0672070817711792,"aqua",88740.0,23011.13486955127,0.25930961088067694
468,"aZOxLJNsp5Z7",NA,"7Xi67of8M8V6",853,513.9718640093787,934.0,968,43.74928130609697,535,807,495,772,26.245169376587167,-1.0017402110823386,137.78174593052023,788.989449003517,2025-12-09T04:00:00,NA,NA,NA,NA,NA,NA,NA,NA,NA,NA,NA,NA,"aqua",NaN,NaN,NaN
468,"aZOxLJNsp5Z7","7Xi67of8M8V6","oYgYABDYpe58",840,526.6059523809524,892.0,734,42.41940913092197,546,817,508,784,26.086476391521444,-1.0285493721001469,131.53910524340094,800.0178571428571,2025-12-09T09:58:00,21480000 milliseconds,4192.597457637366,0.25627123824189274,0.01535735380980508,0.04600219058050383,0.0308667143118998,0.0060648956376767515,90.0,0.107,0.983,0.017000000000000015,0.4785623925817782,"terra",21480.0,4192.597457637366,0.1951861013797656
468,"aZOxLJNsp5Z7","oYgYABDYpe58","98hJfEAuY0aX",790,518.0924050632912,827.0,935,42.40320549501309,537,800,500,766,24.401293204877327,-0.9141659267124544,122.95331880577403,782.8392405063291,2025-12-10T08:59:00,82860000 milliseconds,4793.128919837055,0.07681911883703911,0.06134969325153374,0.07562536358347877,0.00038205933595274535,0.06675609558970573,101.0,0.128,0.978,0.02200000000000002,0.43093233059771013,"terra",82860.0,4793.128919837055,0.057846112959655506
469,"ajvCyCh8vIbC",NA,"v4m09SqnHlbe",1677,410.58795468097793,1822.0,522,65.85634146641208,431,533,391,473,33.45342804965503,-0.39340269873897526,184.98885271170676,504.1103160405486,2025-12-09T09:58:00,NA,NA,NA,NA,NA,NA,NA,NA,NA,NA,NA,NA,"terra",NaN,NaN,NaN
469,"ajvCyCh8vIbC","v4m09SqnHlbe","JYg36OZTlhXY",1630,397.8680981595092,1884.0,625,65.31260128586378,418,515,379,456,34.21157129880518,-0.3494398240693415,218.65180361560905,484.0895705521472,2025-12-10T03:01:00,61380000 milliseconds,5929.929383211985,0.12811773540481763,0.028424553976413667,0.03345925526173772,0.00829068480905879,0.02240872700658362,283.0,0.174,0.965,0.03500000000000003,0.42970095645861145,"aqua",61380.0,5929.929383211985,0.09661012354532396
469,"ajvCyCh8vIbC","JYg36OZTlhXY","8BOLcMJX3JCa",1604,398.57044887780546,1745.0,739,65.93039185120416,418,519,379,459,32.36053587638874,-0.3896384164053194,179.53910524340094,490.33167082294267,2025-12-10T08:59:00,21480000 milliseconds,1570.372414472039,0.09598853389193393,0.016079158936301793,0.07660512537889226,0.009414454068342917,0.05560993938633136,382.0,0.238,0.962,0.038000000000000034,0.5296972116618023,"terra",21480.0,1570.372414472039,0.07310858540372621
469,"ajvCyCh8vIbC","8BOLcMJX3JCa","X3QAPcVZSoSZ",1409,406.14833215046133,1560.0,626,58.81364118803892,425,509,386,454,32.72009896036467,-0.40477450909779844,178.16652224137047,481.4002838892832,2025-12-11T09:38:00,88740000 milliseconds,2928.2459281618276,0.04383273599523729,0.1294390972452705,0.11195158850226929,0.11410166065300119,0.011049771867710079,273.0,0.194,0.982,0.018000000000000016,0.6223748542634884,"terra",88740.0,2928.2459281618276,0.03299803840615086
470,"aw1maR77vsDQ",NA,"Jqn3rHLeYuBf",925,490.26594594594593,1029.0,669,54.178021097298796,517,887,469,850,24.12941652906753,-0.863409477966996,160.61017305526644,866.8172972972973,2025-12-09T09:58:00,NA,NA,NA,NA,NA,NA,NA,NA,NA,NA,NA,NA,"terra",NaN,NaN,NaN
470,"aw1maR77vsDQ","Jqn3rHLeYuBf","9XFQ56SlxbK5",936,483.9252136752137,1011.0,884,51.55330544571605,508,871,465,833,24.699699694596998,-0.8453897276959258,148.36753236814712,849.9615384615385,2025-12-10T08:59:00,82860000 milliseconds,4502.232027411285,0.0721569360912138,0.011821601289629231,0.01764705882352941,0.04964877936180872,0.02335832428001576,143.0,0.153,0.975,0.025000000000000022,0.35263269984619694,"terra",82860.0,4502.232027411285,0.054335409454637766
470,"aw1maR77vsDQ","9XFQ56SlxbK5","xBQZ5Epxe2I5",916,481.0174672489083,995.0,574,48.14354388043628,505,790,458,762,25.126544714661883,-1.3162393209413783,146.12489168102783,776.8340611353711,2025-12-12T08:40:00,171660000 milliseconds,18296.31610695307,0.14183740537968967,0.02159827213822894,0.015952143569292122,0.06840259423093568,0.017133341078605042,224.0,0.245,0.995,0.0050000000000000044,0.5149237563967515,"terra",171660.0,18296.31610695307,0.10658462138502312
471,"bJrEofwkPu4t",NA,"1B6klvy5aVMR",300,831.5833333333334,341.0,1347,29.082971476093164,847,52,819,35,15.147616354788719,1.2938140539264777,87.74011537017762,44.406666666666666,2025-12-10T03:01:00,NA,NA,NA,NA,NA,NA,NA,NA,NA,NA,NA,NA,"aqua",NaN,NaN,NaN
471,"bJrEofwkPu4t","1B6klvy5aVMR","nx52xduL8WVR",307,788.7394136807818,356.0,856,26.958925439228995,798,25,780,1,16.611531801183073,0.1596053422649852,82.97665940288701,12.104234527687296,2025-12-12T02:40:00,171540000 milliseconds,13414.191583188263,0.10406261652525707,0.023064250411861616,0.043041606886657105,0.07580207501089932,0.0921885838502308,98.0,0.319,0.984,0.016000000000000014,0.673159132684906,"aqua",171540.0,13414.191583188263,0.07819862179776299
472,"bYJDxd9CPslL",NA,"K2jkM2GgB9aa",437,245.57437070938215,474.0,229,29.696465510277076,261,1200,231,1180,20.688761507197487,-1.529121862171624,97.01219330881976,1192.1075514874142,2025-12-09T09:58:00,NA,NA,NA,NA,NA,NA,NA,NA,NA,NA,NA,NA,"terra",NaN,NaN,NaN
472,"bYJDxd9CPslL","K2jkM2GgB9aa","iMsXKw8H0ycy",424,99.94339622641509,479.0,151,30.50118891526992,114,1163,87,1142,19.206907971968274,-1.4437341114305389,92.80508652763322,1152.2877358490566,2025-12-11T09:38:00,171600000 milliseconds,37744.20356684868,0.29270417655563147,0.030197444831591175,0.01049317943336831,0.026736038560709528,0.07428643532366658,130.0,0.307,0.985,0.015000000000000013,0.7564172747049671,"terra",171600.0,37744.20356684868,0.2199545662403769
472,"bYJDxd9CPslL","iMsXKw8H0ycy","6iuY4CI6TJMW",473,108.95348837209302,488.0,71,30.948182709308988,120,1137,98,1107,19.819217693522663,-0.3330116767804622,91.39696961966999,1121.048625792812,2025-12-12T08:40:00,82920000 milliseconds,8128.129234254096,0.13017503578241665,0.10925306577480491,0.01861427094105481,0.014548360128723434,0.03137947777869365,97.0,0.205,0.973,0.027000000000000024,0.5359702104056935,"terra",82920.0,8128.129234254096,0.09802374860412562
473,"bZNeFQ6zyjsV",NA,"mo1Rhc7IMXgL",882,265.69274376417235,953.0,402,47.6244954372736,279,390,253,343,24.408632379207223,-0.18319311498426735,137.05382386916236,364.6621315192744,2025-12-11T09:38:00,NA,NA,NA,NA,NA,NA,NA,NA,NA,NA,NA,NA,"terra",NaN,NaN,NaN
473,"bZNeFQ6zyjsV","mo1Rhc7IMXgL","CVot0OnCOJm1",807,270.15117719950433,861.0,294,47.65094726311757,283,398,258,352,22.567789529010287,-0.13900432511991495,125.39696961967,372.97645600991325,2025-12-12T08:40:00,82920000 milliseconds,2358.5697524257575,0.03777337848215499,0.08880994671403197,0.10143329658213891,0.0005552705942737574,0.07837305505274848,139.0,0.172,0.979,0.02100000000000002,0.4999449474253481,"terra",82920.0,2358.5697524257575,0.028443918866687862
474,"bZVmpz299v05",NA,"BjkQsxzqtsGN",3887,1168.1422691021353,4042.0,2085,80.00711166251263,1200,1062,1128,989,64.08138362576166,-0.8961141882471025,312.1431816442575,1024.751222022125,2025-12-09T04:00:00,NA,NA,NA,NA,NA,NA,NA,NA,NA,NA,NA,NA,"aqua",NaN,NaN,NaN
474,"bZVmpz299v05","BjkQsxzqtsGN","MVJRuekXmpeb",3935,1167.0249047013976,4051.0,1962,79.73075792279054,1200,1062,1123,995,64.7927803473216,-1.1918522815411883,265.2375900532359,1027.2271918678525,2025-12-10T03:01:00,82860000 milliseconds,679.1046440437295,0.010883959356418456,0.012273075939657376,0.0022241443222537995,0.003460090464953956,0.01104017593019682,601.0,0.153,0.978,0.02200000000000002,0.21488144601348041,"aqua",82860.0,679.1046440437295,0.008195807917496132
474,"bZVmpz299v05","MVJRuekXmpeb","xHEkyFsIvTYo",4038,1166.9333828628035,4137.0,2046,79.9428857072717,1200,1064,1123,993,66.08976775518208,-1.092135587176232,265.1370849898476,1027.5022288261516,2025-12-10T08:59:00,21480000 milliseconds,72.46618839589958,0.0044294736183312705,0.025837200551862536,0.021006350757205666,0.0026570168959458313,0.019819103870818883,312.0,0.077,0.992,0.008000000000000007,0.1587491456941642,"terra",21480.0,72.46618839589958,0.0033736586776489563
474,"bZVmpz299v05","xHEkyFsIvTYo","s6atbbn1EQ8y",3763,1166.8147754451236,3915.0,1765,74.36198426743226,1200,1063,1125,993,66.3235559623744,-1.3778286702515212,308.22034611053283,1027.8820090353443,2025-12-11T09:38:00,88740000 milliseconds,99.4675596686822,0.0014889238779834174,0.07050378156646583,0.05514157973174367,0.07233603762155198,0.0035311885636372916,693.0,0.184,0.991,0.009000000000000008,0.3960015113613822,"terra",88740.0,99.4675596686822,0.0011208875328902659
474,"bZVmpz299v05","s6atbbn1EQ8y","wJlb6I7uX54g",4045,1167.3975278121138,4148.0,1384,79.12089855312071,1200,1058,1123,985,66.87825971208983,-1.0536336133642425,267.8233764908628,1021.0390605686032,2025-12-12T02:40:00,61320000 milliseconds,1716.9293819146035,0.03713082573344731,0.07223360655737705,0.05779486543470173,0.06201231301150906,0.008328771599796895,761.0,0.188,0.992,0.008000000000000007,0.4335003823368321,"aqua",61320.0,1716.9293819146035,0.027999500683538868
474,"bZVmpz299v05","wJlb6I7uX54g","585jQK9wORyf",3900,1168.5028205128206,4039.0,1123,75.3615708182847,1200,1063,1127,993,67.71524872830223,-1.1313562012077327,261.96551211459376,1026.3602564102564,2025-12-12T08:40:00,21600000 milliseconds,1358.6941602937861,0.08259538968351283,0.03650094398993078,0.026627580310247954,0.04866995912394258,0.01243728655135073,344.0,0.088,0.99,0.010000000000000009,0.3048311596589849,"terra",21600.0,1358.6941602937861,0.06290250742100861
475,"bsQrXwEpJDGH",NA,"gufoCLBUGCdO",394,1128.6040609137056,401.0,2066,24.82794104109522,1138,1153,1118,1128,20.595438105543753,-0.10600094728488861,77.35533905932738,1139.4289340101523,2025-12-09T04:00:00,NA,NA,NA,NA,NA,NA,NA,NA,NA,NA,NA,NA,"aqua",NaN,NaN,NaN
475,"bsQrXwEpJDGH","gufoCLBUGCdO","mtwmrH7E3jaj",341,1151.2932551319648,347.0,1665,24.66915703908421,1160,1163,1141,1138,18.02132570073255,-0.22116135170508572,72.76955262170047,1149.524926686217,2025-12-09T09:58:00,21480000 milliseconds,6208.505266915298,0.37949298697526274,0.14421768707482993,0.1443850267379679,0.00641589136210757,0.13331580127865802,59.0,0.173,0.981,0.019000000000000017,0.9998273934288262,"terra",21480.0,6208.505266915298,0.28903655805006045
475,"bsQrXwEpJDGH","mtwmrH7E3jaj","bNtKNHpnvT0I",373,1119.6273458445041,379.0,1933,25.424051595326798,1129,1162,1109,1137,19.105735020128378,-0.4477617559498429,75.35533905932738,1147.9008042895443,2025-12-10T03:01:00,61380000 milliseconds,7926.882996176128,0.17126246075782928,0.0896358543417367,0.0881542699724518,0.030139596836446982,0.058416114733613744,55.0,0.147,0.986,0.014000000000000012,0.5986082966420785,"aqua",61380.0,7926.882996176128,0.12914439550629078
475,"bsQrXwEpJDGH","bNtKNHpnvT0I","YmkGYBiixmHU",377,1099.6657824933686,385.0,1991,23.583348474804154,1111,1143,1089,1120,20.829925664552643,0.6633261203923764,76.18376618407356,1130.9602122015915,2025-12-10T08:59:00,21480000 milliseconds,6545.263897047079,0.4000772553207261,0.010666666666666666,0.015706806282722512,0.07511939494396953,0.08634842218026205,90.0,0.239,0.998,0.0020000000000000018,0.8289185453943468,"terra",21480.0,6545.263897047079,0.304714334126959
475,"bsQrXwEpJDGH","YmkGYBiixmHU","ki5NDvMJhhcK",373,1141.0134048257373,394.0,1394,23.9832819222878,1153,1182,1129,1158,20.627070506621532,-0.8615660302878144,79.25483399593904,1169.396782841823,2025-12-12T02:40:00,150060000 milliseconds,14113.370954350587,0.12512408310962886,0.010666666666666666,0.023106546854942234,0.016815714888565987,0.009786293106887483,94.0,0.252,0.998,0.0020000000000000018,0.4394993046266912,"aqua",150060.0,14113.370954350587,0.09405151908803536
476,"bsfkqWTrhzkP",NA,"g1PXZ8dPVNvl",371,146.53638814016173,400.0,274,31.186638785366334,159,1162,133,1139,16.1964255214223,-0.9358572079998106,85.73401871576773,1152.0592991913747,2025-12-09T04:00:00,NA,NA,NA,NA,NA,NA,NA,NA,NA,NA,NA,NA,"aqua",NaN,NaN,NaN
476,"bsfkqWTrhzkP","g1PXZ8dPVNvl","SRPLrGSYpjRC",366,32.47540983606557,406.0,41,32.291775287374925,46,1077,18,1054,15.869108539306593,1.0866402238768476,87.49747468305833,1064.5546448087432,2025-12-10T03:01:00,82860000 milliseconds,35940.02931126317,0.5760081626935358,0.013568521031207599,0.01488833746898263,0.03481928520590296,0.020415501672032058,126.0,0.344,0.986,0.014000000000000012,1.017699808071661,"aqua",82860.0,35940.02931126317,0.4337440177560122
476,"bsfkqWTrhzkP","SRPLrGSYpjRC","WIajgTDF0GMy",322,26.062111801242235,353.0,41,29.861814549668154,39,1043,12,1021,14.827266092316899,0.9462403576013702,83.74011537017762,1031.4503105590063,2025-12-10T08:59:00,21480000 milliseconds,8429.958992344551,0.5152786670137256,0.12790697674418605,0.13965744400527008,0.07819212837352583,0.0678804881353243,77.0,0.239,0.973,0.027000000000000024,1.194915704272032,"terra",21480.0,8429.958992344551,0.39245619144993255
476,"bsfkqWTrhzkP","WIajgTDF0GMy","yT8amfGskO2m",302,55.235099337748345,341.0,93,29.188201210817425,63,1102,48,1075,13.891298283606183,0.001647871612557421,76.76955262170046,1088.4437086092714,2025-12-11T03:40:00,67260000 milliseconds,16006.464754750468,0.3157405021156025,0.0641025641025641,0.0345821325648415,0.022815009621097827,0.06518207501315126,66.0,0.219,0.995,0.0050000000000000044,0.7264222834172571,"aqua",67260.0,16006.464754750468,0.23797895858980775
477,"buo2aAJqwC6Q",NA,"Cl8wt3toXwRa",3956,1033.959049544995,4473.0,1606,94.65353838700109,1064,676,1001,575,55.31874127221175,0.16761588715953377,345.60512242138304,626.4775025278059,2025-12-11T09:38:00,NA,NA,NA,NA,NA,NA,NA,NA,NA,NA,NA,NA,"terra",NaN,NaN,NaN
477,"buo2aAJqwC6Q","Cl8wt3toXwRa","94sBRPIhZtQk",4460,1056.6903587443946,5235.0,1217,106.52117366768155,1085,664,1026,565,58.41139718412638,-0.059452120906426854,395.84776310850236,613.2134529147982,2025-12-12T02:40:00,61320000 milliseconds,6579.548949467598,0.14229128350924736,0.11977186311787072,0.15698393077873918,0.11798337036967788,0.05438586383330432,1116.0,0.25,0.942,0.05800000000000005,0.8994163116088395,"aqua",61320.0,6579.548949467598,0.10729858038923022
478,"byZx7V2BTiox",NA,"fnosCKfTbpgn",419,53.55369928400955,459.0,83,35.554237910472,68,863,37,842,15.984355854012485,1.198651670372909,94.91168824543142,852.436754176611,2025-12-09T04:00:00,NA,NA,NA,NA,NA,NA,NA,NA,NA,NA,NA,NA,"aqua",NaN,NaN,NaN
478,"byZx7V2BTiox","fnosCKfTbpgn","JLxDEIWWjjiM",400,37.245,405.0,60,32.808517527634066,46,819,30,787,15.747910262600794,0.12385514432946489,81.35533905932736,803.5725,2025-12-10T03:01:00,82860000 milliseconds,12878.49226562619,0.20640263267290954,0.0463980463980464,0.125,0.08032796119003241,0.014902534256001401,81.0,0.202,0.98,0.020000000000000018,0.6950311745169897,"aqua",82860.0,12878.49226562619,0.15542471959481283
478,"byZx7V2BTiox","JLxDEIWWjjiM","5q8SLfbfY6L0",419,49.727923627684966,465.0,75,33.42156975029453,60,800,39,770,17.316862351661985,-0.3783683626009676,99.36143571373725,785.5560859188544,2025-12-11T03:40:00,88740000 milliseconds,5479.590305385055,0.0820236554956224,0.0463980463980464,0.13793103448275862,0.018512801291891572,0.09490173166256165,102.0,0.243,0.947,0.05300000000000005,0.6757672693308807,"aqua",88740.0,5479.590305385055,0.06174882020943267
479,"cBbCwNSTdeIH",NA,"7gwcmwWTa01b",869,843.9838895281933,889.0,1549,40.81115665326004,859,870,830,831,27.412736551086958,0.22734896886689365,118.81118318204308,850.9413118527043,2025-12-09T04:00:00,NA,NA,NA,NA,NA,NA,NA,NA,NA,NA,NA,NA,"aqua",NaN,NaN,NaN
479,"cBbCwNSTdeIH","7gwcmwWTa01b","FCTD9N5dmrwB",871,854.3708381171068,888.0,1237,40.58411239894928,870,875,841,836,27.77429719887281,0.27614259011307785,119.1543289325507,856.5315729047072,2025-12-09T09:58:00,21480000 milliseconds,2948.9375164865764,0.18025290443071984,0.0022988505747126436,0.0011254924029262803,0.005578807145784582,0.013103101334418584,102.0,0.117,0.995,0.0050000000000000044,0.3243591558885619,"terra",21480.0,2948.9375164865764,0.13728759387740114
479,"cBbCwNSTdeIH","FCTD9N5dmrwB","OYbk4DYZ5Q1y",895,860.0670391061452,924.0,1400,39.78040871581258,876,884,845,845,29.064529529846872,-0.05461065221553905,121.63961030678928,865.2189944134078,2025-12-10T03:01:00,61380000 milliseconds,2597.0896954253885,0.05611082846333344,0.027180067950169876,0.039735099337748346,0.02000145516922825,0.04539968205649578,79.0,0.088,0.999,0.0010000000000000009,0.2774271329769757,"aqua",61380.0,2597.0896954253885,0.042311660075356604
479,"cBbCwNSTdeIH","OYbk4DYZ5Q1y","IYzr0JiFgoTA",859,854.4575087310826,886.0,1527,40.604778501996876,870,874,842,834,27.351681111076815,0.12358941054497707,119.15432893255071,855.197904540163,2025-12-10T08:59:00,21480000 milliseconds,2871.0742031119626,0.17549353319755273,0.04104903078677309,0.041988950276243095,0.020510489922741848,0.060721852790572815,113.0,0.132,0.999,0.0010000000000000009,0.47276385697388357,"terra",21480.0,2871.0742031119626,0.13366267239813606
479,"cBbCwNSTdeIH","IYzr0JiFgoTA","QEvMyJspB6uM",953,864.4092339979013,983.0,1349,41.054039550937865,882,892,848,851,30.12387982429228,-0.20620173289291688,129.88225099390857,872.2707240293809,2025-12-11T09:38:00,88740000 milliseconds,4940.382077188306,0.07395228017645843,0.10375275938189846,0.10379882289994649,0.011003368886621885,0.09646530344724383,120.0,0.126,0.986,0.014000000000000012,0.5289725347921691,"terra",88740.0,4940.382077188306,0.05567254988943324
480,"cBhcvFwzyA5o",NA,"lvIFVPw6CMtM",1569,225.63862332695984,1743.0,326,55.69049335616887,252,440,203,390,39.397733235522125,-0.999106116352156,186.3086578651014,413.0121096239643,2025-12-11T09:38:00,NA,NA,NA,NA,NA,NA,NA,NA,NA,NA,NA,NA,"terra",NaN,NaN,NaN
480,"cBhcvFwzyA5o","lvIFVPw6CMtM","W0e687znl39Y",1689,241.23505032563648,1748.0,173,51.38376729869738,266,445,218,393,42.43351759722806,-0.7243448476446774,179.75230867899737,419.64179988158673,2025-12-12T02:40:00,61320000 milliseconds,4236.753828382816,0.0916252990567218,0.07366482504604052,0.002864508736751647,0.08044372253670591,0.07419621063621738,449.0,0.266,0.987,0.013000000000000012,0.6017945660124373,"aqua",61320.0,4236.753828382816,0.06909252818628206
480,"cBhcvFwzyA5o","W0e687znl39Y","daHXLOkhfnio",1893,232.75066032752244,1950.0,207,57.450978760763796,258,450,209,392,42.6986228062478,-0.6454918523193564,179.92388155425115,419.7865821447438,2025-12-12T08:40:00,21600000 milliseconds,2121.406307497199,0.12896086975666865,0.11390284757118928,0.10924824229313142,0.11149401605166856,0.006228087482901177,289.0,0.153,0.991,0.009000000000000008,0.6318340631555591,"terra",21600.0,2121.406307497199,0.09821325497672218
481,"cCEB3xYji2Sd",NA,"rdfI47PiT4gj",588,30.1343537414966,627.0,40,36.61571551977642,40,1033,18,996,21.464989189117123,0.02358119487962006,105.7401153701776,1013.7176870748299,2025-12-10T03:01:00,NA,NA,NA,NA,NA,NA,NA,NA,NA,NA,NA,NA,"aqua",NaN,NaN,NaN
481,"cCEB3xYji2Sd","rdfI47PiT4gj","SHIqML4jae0z",666,18.695195195195197,719.0,20,37.02344257858788,37,1021,1,996,23.924181659256547,-1.384694381437789,129.8111831820431,1007.8288288288288,2025-12-11T09:38:00,110220000 milliseconds,3216.4907089182148,0.03879262749705379,0.12440191387559808,0.13670133729569092,0.011073648024786874,0.10836031697316362,149.0,0.224,0.971,0.029000000000000026,0.6723298436662933,"terra",110220.0,3216.4907089182148,0.029182459707114996
482,"cE60jyNjYXsy",NA,"MZEQvQKNLnpo",382,668.437172774869,410.0,935,27.34783988431515,680,1110,658,1083,19.216877585193007,0.5817374722994557,88.08326112068524,1097.5811518324608,2025-12-09T09:58:00,NA,NA,NA,NA,NA,NA,NA,NA,NA,NA,NA,NA,"terra",NaN,NaN,NaN
482,"cE60jyNjYXsy","MZEQvQKNLnpo","HYRBJTSJMquN",411,686.0170316301703,465.0,1213,28.644210153701543,697,1053,673,1023,20.28246577618509,-0.3186755419681595,98.08326112068524,1038.4014598540145,2025-12-10T08:59:00,82860000 milliseconds,15433.906221441666,0.2473580610856906,0.07313997477931904,0.12571428571428572,0.04630551188985588,0.053954729385906786,117.0,0.285,0.96,0.040000000000000036,0.8714725628550579,"terra",82860.0,15433.906221441666,0.18626485905674228
482,"cE60jyNjYXsy","HYRBJTSJMquN","1EJ46ia62poi",399,673.4937343358396,457.0,714,29.09584735055026,685,1162,659,1140,19.860497200876598,1.116688738877423,95.15432893255071,1150.0526315789473,2025-12-12T08:40:00,171660000 milliseconds,28087.827793673157,0.21774353884780928,0.02962962962962963,0.01735357917570499,0.01564380834970458,0.021023289962408268,149.0,0.373,0.981,0.019000000000000017,0.6933938459652568,"terra",171660.0,28087.827793673157,0.16362476869202586
483,"cHbQDdo3Tok6",NA,"zpkyLXG2riVB",393,890.821882951654,398.0,1638,28.01685847361771,906,845,878,826,18.16529312998737,1.4076922362818023,78.18376618407356,835.3078880407124,2025-12-09T04:00:00,NA,NA,NA,NA,NA,NA,NA,NA,NA,NA,NA,NA,"aqua",NaN,NaN,NaN
483,"cHbQDdo3Tok6","zpkyLXG2riVB","CNGr1QqaNQzm",371,909.2345013477089,374.0,1346,28.288645965362463,923,863,897,842,16.89417670314429,0.9521304612902687,76.42640687119285,852.4016172506739,2025-12-09T09:58:00,21480000 milliseconds,6281.023476025983,0.3839256403438865,0.05759162303664921,0.06217616580310881,0.009654029191383829,0.07251201646191795,41.0,0.111,0.987,0.013000000000000012,0.7098594748369463,"terra",21480.0,6281.023476025983,0.29241263854869565
483,"cHbQDdo3Tok6","CNGr1QqaNQzm","rhJUUiSL8nOc",361,895.6371191135734,364.0,1484,28.620948326820102,905,846,887,818,16.29038493062922,-0.37986700792994677,76.42640687119285,832.6814404432133,2025-12-10T03:01:00,61380000 milliseconds,5988.395950391745,0.12938092147330119,0.0273224043715847,0.02710027100271003,0.01167825445219476,0.03638992005852277,59.0,0.163,0.998,0.0020000000000000018,0.3968717713583134,"aqua",61380.0,5988.395950391745,0.09756265803831451
483,"cHbQDdo3Tok6","rhJUUiSL8nOc","EONhj87PuTTJ",343,892.3032069970845,347.0,1598,26.502240481976603,905,838,880,821,16.67665672494293,-1.22643564364186,72.52691193458118,828.8862973760932,2025-12-10T08:59:00,21480000 milliseconds,1262.8856069627943,0.07719349675811701,0.05113636363636364,0.04781997187060478,0.076871744564436,0.02343381601232771,41.0,0.12,0.997,0.0030000000000000027,0.3994553928418491,"terra",21480.0,1262.8856069627943,0.05879355712117292
483,"cHbQDdo3Tok6","EONhj87PuTTJ","5yGAFQ7NaXfj",357,841.4257703081232,375.0,832,28.83464371019564,855,916,825,900,16.278778623887256,-1.4630539307790236,81.73401871576773,907.6526610644257,2025-12-12T08:40:00,171660000 milliseconds,23442.287661299626,0.18173020397146886,0.04,0.07756232686980609,0.08429832153610735,0.024146432710972995,69.0,0.193,0.972,0.028000000000000025,0.6287372850883552,"terra",171660.0,23442.287661299626,0.13656231889374126
484,"cK6U5cG2fUPs",NA,"bjUIyCtzEZWu",509,1042.147347740668,524.0,1779,28.920613930078407,1054,934,1029,908,22.942653465184524,0.7296642789887319,92.32590180780451,920.7878192534381,2025-12-10T03:01:00,NA,NA,NA,NA,NA,NA,NA,NA,NA,NA,NA,NA,"aqua",NaN,NaN,NaN
484,"cK6U5cG2fUPs","bjUIyCtzEZWu","kQZIXIzDhQxt",504,1042.9781746031747,512.0,1877,29.367540506208076,1055,935,1030,908,22.36252637856919,0.7209898597916535,89.84062043356595,921.3670634920635,2025-12-10T08:59:00,21480000 milliseconds,253.20411275335374,0.015477024006928713,0.009871668311944718,0.023166023166023165,0.015335073839683685,0.025609746550661467,60.0,0.119,0.999,0.0010000000000000009,0.20945953587524174,"terra",21480.0,253.20411275335374,0.01178790096617103
484,"cK6U5cG2fUPs","kQZIXIzDhQxt","3OEPyfiZZDEO",518,1042.9517374517375,539.0,1646,29.179261907833464,1055,930,1030,904,23.11636679915762,0.6715294242620202,94.84062043356593,916.5173745173745,2025-12-11T09:38:00,88740000 milliseconds,1212.4402581724435,0.018148944812101542,0.0273972602739726,0.05137963843958135,0.006431729509089527,0.0331512210573156,64.0,0.124,0.987,0.013000000000000012,0.27350879409206064,"terra",88740.0,1212.4402581724435,0.013662838158355234
485,"cRynM4JmOKyj",NA,"hmFfosGoC0eQ",624,1005.2660256410256,635.0,1848,30.803531625734337,1018,1024,992,993,26.11527321830407,0.0647319420254647,96.91168824543144,1008.8205128205128,2025-12-09T04:00:00,NA,NA,NA,NA,NA,NA,NA,NA,NA,NA,NA,NA,"aqua",NaN,NaN,NaN
485,"cRynM4JmOKyj","hmFfosGoC0eQ","KeYFQoxcLjId",574,1025.418118466899,589.0,1509,30.44849896747095,1038,1041,1013,1009,24.510965222398557,0.1040981760681053,95.7401153701776,1026.1463414634147,2025-12-09T09:58:00,21480000 milliseconds,6644.034840675761,0.4061145990633106,0.08347245409015025,0.07516339869281045,0.011592518805499661,0.06337851854368368,69.0,0.12,0.994,0.006000000000000005,0.7657214891954546,"terra",21480.0,6644.034840675761,0.3093126089700075
485,"cRynM4JmOKyj","KeYFQoxcLjId","iXRDSPXLUUCY",618,1003.331715210356,628.0,1696,30.787450304672625,1016,1016,990,985,25.979096941251736,0.07580370461500309,96.66904755831213,1001.794498381877,2025-12-10T03:01:00,61380000 milliseconds,8218.962336718914,0.17757291426420901,0.0738255033557047,0.06409202958093672,0.011070338297372142,0.05815527475860954,62.0,0.1,0.988,0.01200000000000001,0.4967160602568321,"aqua",61380.0,8218.962336718914,0.13390293803712797
485,"cRynM4JmOKyj","iXRDSPXLUUCY","XXe9k9cWGcV6",613,1003.8727569331159,631.0,1812,31.082840731275923,1017,1017,991,986,25.618643493427896,0.027555120544457565,99.7401153701776,1002.3066884176183,2025-12-10T08:59:00,21480000 milliseconds,186.25667412194963,0.011384882281292764,0.008123476848090982,0.004765687053216839,0.00954870008391158,0.013971675689177026,60.0,0.098,0.999,0.0010000000000000009,0.1467944219556892,"terra",21480.0,186.25667412194963,0.008671167324113112
485,"cRynM4JmOKyj","XXe9k9cWGcV6","F31ntCl2Bt5R",597,1005.8475711892797,604.0,1600,30.60425126987467,1019,1013,993,982,25.256087697709592,0.18386253145681702,95.49747468305833,998.0402010050251,2025-12-11T09:38:00,88740000 milliseconds,1175.3405407626556,0.017593601388558575,0.026446280991735537,0.0437246963562753,0.015516680909267892,0.014252883002218684,45.0,0.075,0.994,0.006000000000000005,0.19853414264805597,"terra",88740.0,1175.3405407626556,0.013244766066741668
485,"cRynM4JmOKyj","F31ntCl2Bt5R","wbE2OY59vPeJ",570,1014.0456140350877,577.0,1165,29.79582780939649,1027,1008,1002,978,24.667535909052315,0.16406954305950855,92.91168824543144,994.2543859649123,2025-12-12T02:40:00,61320000 milliseconds,2257.491722294456,0.04882118776588356,0.04627249357326478,0.04572396274343776,0.026768953710049892,0.02357808773229997,44.0,0.077,0.988,0.01200000000000001,0.28016468552493595,"aqua",61320.0,2257.491722294456,0.03681493350121422
486,"cXE78wNpYT7y",NA,"7wtCgncd7VA6",363,807.7851239669421,372.0,1478,24.81906640871544,818,623,798,601,19.203125686779742,0.804394942991577,77.35533905932736,612.7493112947658,2025-12-09T04:00:00,NA,NA,NA,NA,NA,NA,NA,NA,NA,NA,NA,NA,"aqua",NaN,NaN,NaN
486,"cXE78wNpYT7y","7wtCgncd7VA6","aytZ6pfmT857",347,787.1440922190202,354.0,1124,23.785968527863922,796,593,777,569,19.0329577311404,-0.4797845858927643,74.31980515339463,580.4466858789625,2025-12-09T09:58:00,21480000 milliseconds,9583.552969712033,0.5857917463149165,0.04507042253521127,0.049586776859504134,0.0425099120780191,0.008900909320623051,50.0,0.144,0.991,0.009000000000000008,0.8848597671082741,"terra",21480.0,9583.552969712033,0.44616168387858623
486,"cXE78wNpYT7y","aytZ6pfmT857","8MetVbCWY3zp",339,812.4985250737464,342.0,1304,25.427557409161047,822,609,802,586,17.25935298116913,0.6803331281268292,72.76955262170047,597.0619469026549,2025-12-10T03:01:00,61380000 milliseconds,7578.399254914622,0.16373337484961914,0.023323615160349854,0.034482758620689655,0.06671291479491831,0.09773997384904473,61.0,0.18,0.984,0.016000000000000014,0.5819926372746218,"aqua",61380.0,7578.399254914622,0.12346691519900004
486,"cXE78wNpYT7y","8MetVbCWY3zp","9ddcscIIHIM0",355,806.9887323943663,359.0,1439,24.34831552866181,817,614,797,592,18.891292581503336,0.7555798407708961,72.5269119345812,603.0056338028169,2025-12-10T08:59:00,21480000 milliseconds,2026.1606139585128,0.12384844828597266,0.04610951008645533,0.04850213980028531,0.04336405639123045,0.09028550250949177,45.0,0.127,0.993,0.007000000000000006,0.48610965707343556,"terra",21480.0,2026.1606139585128,0.09432777532395312
486,"cXE78wNpYT7y","9ddcscIIHIM0","77hGwN4XK38w",346,772.7976878612717,359.0,839,25.750980044195085,783,714,762,692,17.653765755615183,0.7287202605789042,77.59797974644667,702.1820809248555,2025-12-12T02:40:00,150060000 milliseconds,26226.173937040676,0.23251184837129904,0.025677603423680456,0.0,0.055995378757110456,0.06772608293423943,70.0,0.202,0.992,0.008000000000000007,0.5919109134863294,"aqua",150060.0,26226.173937040676,0.17477125107983923
487,"caH2Em7AdxdA",NA,"QIhQWTTuy5QZ",501,165.4431137724551,526.0,314,36.22435010662016,185,918,151,895,19.191694623497945,1.175497685323551,100.08326112068522,908.0199600798403,2025-12-09T04:00:00,NA,NA,NA,NA,NA,NA,NA,NA,NA,NA,NA,NA,"aqua",NaN,NaN,NaN
487,"caH2Em7AdxdA","QIhQWTTuy5QZ","tzUb16RUswZk",441,148.84126984126985,513.0,236,35.531474713132376,168,994,133,974,18.294565283098123,1.4425372752449332,104.91168824543144,983.657596371882,2025-12-10T03:01:00,82860000 milliseconds,19359.547460107737,0.31027401971484475,0.12738853503184713,0.025024061597690085,0.019312032026062114,0.04786443580315481,97.0,0.22,0.984,0.016000000000000014,0.7658630841735989,"aqua",82860.0,19359.547460107737,0.23364165411667556
488,"ceSkgtvkfrV9",NA,"x8TBD5JOOzp5",758,1089.0224274406332,784.0,1853,41.803462343907675,1108,560,1069,530,23.626648195547464,-1.08510183009935,115.63961030678928,546.3891820580475,2025-12-10T03:01:00,NA,NA,NA,NA,NA,NA,NA,NA,NA,NA,NA,NA,"aqua",NaN,NaN,NaN
488,"ceSkgtvkfrV9","x8TBD5JOOzp5","GawNKUpW3ZdK",739,1091.5250338294993,771.0,1955,41.63554557612936,1110,569,1072,539,23.37452621590866,-1.081146733212222,117.05382386916237,556.0,2025-12-10T08:59:00,21480000 milliseconds,2482.826769165412,0.15176202745509854,0.025384101536406144,0.016720257234726688,0.004024898472887812,0.010728326804419255,92.0,0.124,0.998,0.0020000000000000018,0.33461961150353847,"terra",21480.0,2482.826769165412,0.11558783841552196
488,"ceSkgtvkfrV9","GawNKUpW3ZdK","tj6a7c9EEuxz",787,1092.1041931385007,815.0,1292,41.91637507816968,1111,549,1073,517,24.471108281347636,-0.9833262109452424,117.63961030678927,534.5425667090216,2025-12-12T02:40:00,150060000 milliseconds,5366.311983930353,0.0475757966570358,0.06290956749672345,0.05548549810844893,0.006722275199447965,0.04583833308770772,70.0,0.089,0.994,0.006000000000000005,0.31353147054936387,"aqua",150060.0,5366.311983930353,0.035761108782689274
489,"ciKZaCQ3q6ny",NA,"LOWuEC3XXt1W",338,748.9112426035502,351.0,1349,31.105454901425077,762,851,735,831,14.36639566635699,1.1459200790135955,78.18376618407356,841.3254437869823,2025-12-09T04:00:00,NA,NA,NA,NA,NA,NA,NA,NA,NA,NA,NA,NA,"aqua",NaN,NaN,NaN
489,"ciKZaCQ3q6ny","LOWuEC3XXt1W","XdioCAlo0Fca",344,721.8662790697674,347.0,1277,27.78449173611007,735,839,708,823,15.901152596709315,1.4346271659188423,75.11269837220809,830.328488372093,2025-12-10T08:59:00,104340000 milliseconds,7298.814462554457,0.09297260636334574,0.017595307917888565,0.011461318051575931,0.11278540243058392,0.10141270227857192,56.0,0.163,0.991,0.009000000000000008,0.5082273370419661,"terra",104340.0,7298.814462554457,0.06995221834918974
489,"ciKZaCQ3q6ny","XdioCAlo0Fca","Jhp4m6yAreEw",356,727.5505617977528,365.0,1130,29.01100609575103,741,834,714,819,15.825943975451798,1.470312661585907,77.94112549695429,826.2303370786517,2025-12-11T09:38:00,88740000 milliseconds,1751.8903032797216,0.026223939873957363,0.03428571428571429,0.05056179775280899,0.043190548774551266,0.004740970929152601,41.0,0.115,0.992,0.008000000000000007,0.2820029716161845,"terra",88740.0,1751.8903032797216,0.01974183348298086
490,"ciTQ8t9krFA7",NA,"iVsvLUajuABc",307,158.90228013029315,324.0,300,28.92702774296933,174,935,145,919,14.21102859085823,-1.3247718642987123,80.18376618407356,927.2247557003258,2025-12-09T04:00:00,NA,NA,NA,NA,NA,NA,NA,NA,NA,NA,NA,NA,"aqua",NaN,NaN,NaN
490,"ciTQ8t9krFA7","iVsvLUajuABc","LLOfLb3bCNQJ",316,174.68037974683546,318.0,304,28.761498514560717,185,889,165,864,14.314022805021693,0.5938277909559166,73.01219330881975,876.3955696202531,2025-12-10T03:01:00,82860000 milliseconds,13305.437293340323,0.21324524871128012,0.028892455858747994,0.018691588785046728,0.00573872272866412,0.007221316640876514,56.0,0.177,0.971,0.029000000000000026,0.47978933272461544,"aqua",82860.0,13305.437293340323,0.16057732673594405
490,"ciTQ8t9krFA7","LLOfLb3bCNQJ","MUKhMWL9apd3",325,189.3969230769231,333.0,317,27.399381719874704,199,889,180,865,15.400206782461078,0.5911769328555981,73.11269837220809,877.2615384615384,2025-12-11T03:40:00,88740000 milliseconds,3685.499878073052,0.05516802452021633,0.028081123244929798,0.04608294930875576,0.04850767256496177,0.07310867503675368,42.0,0.129,0.991,0.009000000000000008,0.38894844467561734,"aqua",88740.0,3685.499878073052,0.04153143878829223
491,"cn251qbMG82Z",NA,"X6yzILTVeRyD",879,437.74744027303757,922.0,853,49.12883561342039,457,865,413,830,24.259052909539715,-0.9348040079888958,133.29646455628165,847.7849829351536,2025-12-09T04:00:00,NA,NA,NA,NA,NA,NA,NA,NA,NA,NA,NA,NA,"aqua",NaN,NaN,NaN
491,"cn251qbMG82Z","X6yzILTVeRyD","ZYMkpTrXPzts",795,449.6314465408805,833.0,601,47.94996842488057,469,873,426,840,22.30128068868412,-0.9559176237486878,128.46803743153546,857.2025157232705,2025-12-09T09:58:00,21480000 milliseconds,3790.7743996888944,0.2317099266313505,0.1003584229390681,0.10142450142450142,0.02428680905617079,0.08409614234079628,116.0,0.146,0.99,0.010000000000000009,0.6978758023918872,"terra",21480.0,3790.7743996888944,0.17647925510655932
491,"cn251qbMG82Z","ZYMkpTrXPzts","ZQkp9UfQoov5",834,442.6546762589928,883.0,813,48.03762462136139,462,857,418,824,23.600704663317497,-0.9389175552697433,131.63961030678928,841.0911270983213,2025-12-10T08:59:00,82860000 milliseconds,4389.277894699579,0.07034662865132749,0.04788213627992634,0.05827505827505827,0.0018264068031914578,0.056617332111832695,71.0,0.085,0.988,0.01200000000000001,0.33194756212133625,"terra",82860.0,4389.277894699579,0.0529722169285491
491,"cn251qbMG82Z","ZQkp9UfQoov5","Y2RAwBExBkYF",880,455.84659090909093,995.0,678,48.822516760633086,477,851,430,818,25.564157213121756,-1.0542064656194012,148.36753236814712,835.6272727272727,2025-12-11T03:40:00,67260000 milliseconds,3569.6666224199053,0.07041456992642085,0.05367561260210035,0.11927582534611289,0.01620671058441388,0.07987218817938685,121.0,0.138,0.974,0.026000000000000023,0.5034449066384348,"aqua",67260.0,3569.6666224199053,0.053072652727028026
492,"cny8OhdvdNJf",NA,"vptXNggFyKuV",318,228.18867924528303,387.0,413,39.869553165360394,248,151,213,134,12.44651374508559,-1.283708347361558,104.08326112068524,142.72641509433961,2025-12-10T08:59:00,NA,NA,NA,NA,NA,NA,NA,NA,NA,NA,NA,NA,"terra",NaN,NaN,NaN
492,"cny8OhdvdNJf","vptXNggFyKuV","ve63DRVbyRLb",338,354.4704142011834,345.0,439,41.467034362237854,378,12,337,1,11.546502785859031,-1.483871581723456,95.07716446627535,5.094674556213017,2025-12-12T08:40:00,171660000 milliseconds,46696.87662669908,0.36200532289390347,0.06097560975609756,0.11475409836065574,0.03928075286746989,0.0750227432274539,94.0,0.278,0.949,0.051000000000000045,0.9810385271055807,"terra",171660.0,46696.87662669908,0.2720312048625136
493,"ctjd5wrIQAUc",NA,"24OVDoCYbj6h",523,959.3843212237093,552.0,1751,31.045386532592662,972,451,947,422,22.04352839503236,-0.28422526743527193,92.91168824543144,435.52581261950286,2025-12-09T04:00:00,NA,NA,NA,NA,NA,NA,NA,NA,NA,NA,NA,NA,"aqua",NaN,NaN,NaN
493,"ctjd5wrIQAUc","24OVDoCYbj6h","hhygE5DQfn7A",526,954.5532319391635,539.0,1584,31.995465395537213,967,427,942,397,21.297240310477655,-0.37392660455470583,92.3259018078045,411.6368821292776,2025-12-10T03:01:00,82860000 milliseconds,6093.133551599641,0.09765419587466369,0.005719733079122974,0.02383134738771769,0.030141688568158766,0.03443815635230433,46.0,0.087,0.996,0.0040000000000000036,0.2827851212619674,"aqua",82860.0,6093.133551599641,0.07353528302678784
493,"ctjd5wrIQAUc","hhygE5DQfn7A","khTLL53ho8Yx",528,955.0662878787879,551.0,1721,32.26016243439061,967,438,943,408,21.345128412420678,-0.24094337334666108,93.49747468305831,422.6931818181818,2025-12-10T08:59:00,21480000 milliseconds,2767.049299434865,0.16913504275274235,0.003795066413662239,0.022018348623853212,0.008238874875022522,0.002246033856806274,45.0,0.085,0.993,0.007000000000000006,0.29743336652208663,"terra",21480.0,2767.049299434865,0.12881979978747043
493,"ctjd5wrIQAUc","khTLL53ho8Yx","qQ7mSv3tG6q7",555,958.363963963964,577.0,1508,32.19137070749523,971,422,946,391,22.467956220553873,-0.2874626960811532,96.32590180780451,406.5315315315315,2025-12-11T09:38:00,88740000 milliseconds,4123.663477045668,0.06172686890271189,0.04986149584487535,0.04609929078014184,0.002134680853717981,0.051255364352416934,53.0,0.095,0.992,0.008000000000000007,0.314077700733864,"terra",88740.0,4123.663477045668,0.04646904977513711
494,"dKbc6uTyHrRS",NA,"F238jdbojUtH",713,50.11220196353436,728.0,79,33.72296137863434,65,182,35,149,27.48895783579815,0.4822633568712432,106.5685424949238,163.71107994389902,2025-12-09T04:00:00,NA,NA,NA,NA,NA,NA,NA,NA,NA,NA,NA,NA,"aqua",NaN,NaN,NaN
494,"dKbc6uTyHrRS","F238jdbojUtH","i5UBkesA0tkR",671,142.62444113263786,685.0,238,32.48555752944566,158,148,129,114,26.918085360405083,0.23375154393343223,104.46803743153546,132.12816691505216,2025-12-10T08:59:00,104340000 milliseconds,24438.69215950026,0.31130109113432597,0.06069364161849711,0.06086341118188252,0.03737899199668306,0.020985241684036406,148.0,0.221,0.99,0.010000000000000009,0.7222223776154251,"terra",104340.0,24438.69215950026,0.23422169982269753
494,"dKbc6uTyHrRS","i5UBkesA0tkR","BlB9uk9llH9f",614,137.10912052117263,665.0,198,29.985000393395634,152,67,123,36,27.118774042219073,0.21566866737450352,112.53300858899107,52.8957654723127,2025-12-11T09:38:00,88740000 milliseconds,19856.032143643835,0.2972237428881646,0.088715953307393,0.02962962962962963,0.08005554037594843,0.007427844032114263,123.0,0.2,0.87,0.13,0.8330527102332499,"terra",88740.0,19856.032143643835,0.22375515149474684
494,"dKbc6uTyHrRS","BlB9uk9llH9f","c1LpWZ7YAPvQ",560,131.625,589.0,85,28.20614254391416,147,80,119,53,26.41921557056197,0.8464102483602916,106.66904755831213,66.65,2025-12-12T08:40:00,82920000 milliseconds,3701.8115947919023,0.05928589998065186,0.0919931856899489,0.12121212121212122,0.061138439964922596,0.026133161768558368,169.0,0.302,0.835,0.16500000000000004,0.8267628086162029,"terra",82920.0,3701.8115947919023,0.04464316925701763
495,"dLrO0J25IxHI",NA,"We6vGAvodpkr",526,770.4315589353612,549.0,1407,35.4983241449827,782,918,760,884,19.560746859671045,-0.24271239695347438,97.25483399593904,900.2908745247148,2025-12-09T04:00:00,NA,NA,NA,NA,NA,NA,NA,NA,NA,NA,NA,NA,"aqua",NaN,NaN,NaN
495,"dLrO0J25IxHI","We6vGAvodpkr","asB6CdnbNVQw",557,770.4039497307002,582.0,1216,37.13158243093891,782,909,758,874,19.732263303424947,-0.3395788560407555,100.32590180780451,890.4290843806104,2025-12-10T03:01:00,82860000 milliseconds,2465.4571978962636,0.03951369817928141,0.057248384118190214,0.058355437665782495,0.04497481445192083,0.008730124927664102,48.0,0.086,0.994,0.006000000000000005,0.300822459342839,"aqua",82860.0,2465.4571978962636,0.02975449188868288
495,"dLrO0J25IxHI","asB6CdnbNVQw","lBaigEKReOar",529,765.5916824196597,546.0,1010,32.059848438062716,777,916,753,885,21.504025531640004,0.48667230913738435,95.25483399593904,899.952741020794,2025-12-11T03:40:00,88740000 milliseconds,2667.606048419401,0.03993123341695084,0.05156537753222836,0.06382978723404255,0.14660006099536751,0.08593218634691745,123.0,0.233,0.987,0.013000000000000012,0.6338586455255067,"aqua",88740.0,2667.606048419401,0.03006092008586208
496,"dNbUSu6GnKgu",NA,"EAGL1cWKUGcL",403,879.1960297766749,482.0,1283,30.78465420904243,892,217,866,190,19.336076249612336,-0.5614066109756699,105.1543289325507,203.28287841191067,2025-12-09T09:58:00,NA,NA,NA,NA,NA,NA,NA,NA,NA,NA,NA,NA,"terra",NaN,NaN,NaN
496,"dNbUSu6GnKgu","EAGL1cWKUGcL","ECAMK8JckI0u",395,869.8936708860759,427.0,1107,28.865037301297285,884,254,856,233,18.327317768017256,1.2457822451837335,85.49747468305833,243.2405063291139,2025-12-11T03:40:00,150120000 milliseconds,10256.540320995078,0.09089454378762034,0.020050125313283207,0.12101210121012101,0.06436301208405736,0.05356705139865504,134.0,0.339,0.939,0.061000000000000054,0.749886833793737,"aqua",150120.0,10256.540320995078,0.06832227765117958
496,"dNbUSu6GnKgu","ECAMK8JckI0u","vzpK8EUjxnx1",395,865.7822784810127,440.0,863,28.983245609325287,881,258,853,239,18.38994960792762,1.4631802274118537,92.74011537017762,249.0,2025-12-12T08:40:00,104400000 milliseconds,1769.0978430648777,0.022521933075300798,0.0,0.029988465974625143,0.004086838954602607,0.003411574138624274,115.0,0.291,0.974,0.026000000000000023,0.37700881214315285,"terra",104400.0,1769.0978430648777,0.016945381638552467
497,"dNblrGm0RYcF",NA,"uvm1eQz0MAca",428,267.1799065420561,483.0,493,35.776734877917484,281,438,253,410,16.142237745472492,-0.6620464908498073,100.1543289325507,424.03504672897196,2025-12-10T08:59:00,NA,NA,NA,NA,NA,NA,NA,NA,NA,NA,NA,NA,"terra",NaN,NaN,NaN
497,"dNblrGm0RYcF","uvm1eQz0MAca","DEsvQYfpJrbG",446,334.29596412556054,475.0,417,34.42587365635845,346,520,322,488,17.16256761703443,-0.48531750475926916,93.7401153701776,503.33632286995515,2025-12-12T08:40:00,171660000 milliseconds,25972.650980335016,0.201346183808171,0.041189931350114416,0.016701461377870562,0.038484644652470076,0.061272231466668756,114.0,0.256,0.981,0.019000000000000017,0.6339944526552949,"terra",171660.0,25972.650980335016,0.1513028718416347
498,"dQHLnCIGau4G",NA,"xG2IiAkPzy3j",428,762.6869158878504,455.0,1354,33.20253830171401,778,100,749,76,17.337434827857546,0.9934601919278162,90.87615433949868,88.71028037383178,2025-12-10T08:59:00,NA,NA,NA,NA,NA,NA,NA,NA,NA,NA,NA,NA,"terra",NaN,NaN,NaN
498,"dQHLnCIGau4G","xG2IiAkPzy3j","G0sFWgbUiFzb",412,789.8859223300971,447.0,1039,33.890740526320656,803,90,778,61,16.00084080021048,-0.5660732541570441,94.08326112068522,75.70873786407768,2025-12-11T03:40:00,67260000 milliseconds,7536.685524313376,0.14866723590715802,0.0380952380952381,0.017738359201773836,0.02051478886195336,0.08018375290663006,125.0,0.303,0.983,0.017000000000000015,0.6251993749727534,"aqua",67260.0,7536.685524313376,0.11205301106621136
499,"dSoRjRoOe30d",NA,"0kpomYHiRHeR",549,464.44262295081967,589.0,901,39.743644430888814,477,229,451,195,18.91997295397602,0.41631820764863386,104.42640687119285,212.08743169398906,2025-12-09T04:00:00,NA,NA,NA,NA,NA,NA,NA,NA,NA,NA,NA,NA,"aqua",NaN,NaN,NaN
499,"dSoRjRoOe30d","0kpomYHiRHeR","p3CKL3CkujRt",641,588.634945397816,662.0,819,41.59846357075208,599,242,577,201,19.94010973967242,-0.18242836826798742,107.7401153701776,221.3619344773791,2025-12-09T09:58:00,21480000 milliseconds,31134.536045862525,1.9030890003583452,0.1546218487394958,0.11670663469224621,0.045605386568684694,0.052503068186375006,152.0,0.237,0.996,0.0040000000000000036,2.513525938545147,"terra",21480.0,31134.536045862525,1.449466296362315
499,"dSoRjRoOe30d","p3CKL3CkujRt","ELInKtB8wPfF",650,559.6707692307692,685.0,845,41.86565516341978,571,210,547,170,20.23260715513044,-0.2545079137761094,110.5685424949238,189.3476923076923,2025-12-10T03:01:00,61380000 milliseconds,10793.039431547622,0.23318654923944307,0.013942680092951201,0.03414996288047513,0.006402549903358812,0.014561993216638182,52.0,0.08,0.994,0.006000000000000005,0.38824373533286644,"aqua",61380.0,10793.039431547622,0.1758396779333272
499,"dSoRjRoOe30d","ELInKtB8wPfF","JPdOEgfKNZL2",666,565.7717717717718,697.0,1000,42.0895070757311,577,223,553,182,20.534984716725933,-0.26111593686546275,111.74011537017762,202.1216216216216,2025-12-10T08:59:00,21480000 milliseconds,3539.0279573155935,0.21632200228090426,0.0243161094224924,0.017366136034732273,0.005332653915280716,0.014834212555205452,60.0,0.09,0.994,0.006000000000000005,0.37417111420861504,"terra",21480.0,3539.0279573155935,0.1647592158899252
499,"dSoRjRoOe30d","JPdOEgfKNZL2","CUjtpYZpWucd",673,562.6106983655275,697.0,878,42.112384406888594,574,218,551,177,20.7091333170824,-0.22965229210515212,111.1543289325507,196.89895988112926,2025-12-11T09:38:00,88740000 milliseconds,1526.1999528090134,0.02284559468316763,0.010455563853622106,0.0,0.0005433923337035161,0.008444772668612554,71.0,0.105,0.998,0.0020000000000000018,0.1492893235391058,"terra",88740.0,1526.1999528090134,0.017198557052163777
499,"dSoRjRoOe30d","CUjtpYZpWucd","cp0SnSpKpjdG",602,580.343853820598,617.0,662,41.84324064386321,592,352,568,313,18.65233335275338,0.34714425938834853,107.39696961966997,331.80564784053155,2025-12-12T08:40:00,82920000 milliseconds,34016.79664019788,0.5447917463196329,0.11137254901960784,0.121765601217656,0.0064115718955742055,0.10450829902155175,107.0,0.178,0.982,0.018000000000000016,1.0848497674740227,"terra",82920.0,34016.79664019788,0.4102363318885417
500,"dT5P7UUtqNmj",NA,"kxWz35iV1anv",1233,726.9148418491484,1301.0,953,44.5376385010783,752,921,706,884,36.25633034368963,-1.558968908450088,152.8528137423857,902.8402270884022,2025-12-11T03:40:00,NA,NA,NA,NA,NA,NA,NA,NA,NA,NA,NA,NA,"aqua",NaN,NaN,NaN
500,"dT5P7UUtqNmj","kxWz35iV1anv","EoxgJhnWnjeK",1290,699.2116279069768,1446.0,729,48.57827359352446,717,745,679,698,35.937490449052575,-0.4428660636035813,170.61017305526644,722.5519379844961,2025-12-12T08:40:00,104400000 milliseconds,45601.07951760802,0.5805357035978106,0.04518430439952437,0.10556971241354204,0.08678720965200888,0.008832886004257915,249.0,0.193,0.96,0.040000000000000036,1.0599098160671439,"terra",104400.0,45601.07951760802,0.4367919494023757
501,"dXXhWfmkisGN",NA,"t4LKvxRmkJ11",1537,333.67078724788547,1711.0,639,65.61346884995022,360,730,306,676,32.32458965739276,-0.8140353980502584,198.7228714274745,705.4248536109304,2025-12-09T04:00:00,NA,NA,NA,NA,NA,NA,NA,NA,NA,NA,NA,NA,"aqua",NaN,NaN,NaN
501,"dXXhWfmkisGN","t4LKvxRmkJ11","cCUGBypzP7WE",1397,346.64781675017895,1509.0,386,59.91962661396687,365,734,320,683,32.89987679048953,-0.7074922178857839,191.3380951166243,712.3886900501074,2025-12-09T09:58:00,21480000 milliseconds,3681.8669912067344,0.22505299457253877,0.09543285616905249,0.12546583850931678,0.09071459944393671,0.017640225039064327,342.0,0.245,0.976,0.02400000000000002,0.8233065137339091,"terra",21480.0,3681.8669912067344,0.17140907780292058
501,"dXXhWfmkisGN","cCUGBypzP7WE","ZakJbMV8EbFe",1433,338.8953244940684,1542.0,614,60.82865133868761,358,724,312,666,32.704464648692124,-0.5986068271614358,180.99494936611663,697.7006280530356,2025-12-10T08:59:00,82860000 milliseconds,4152.110166912695,0.06654555921007604,0.025441696113074206,0.021632251720747297,0.015056524865342872,0.0059572929934389,314.0,0.219,0.993,0.007000000000000006,0.3606333249026793,"terra",82860.0,4152.110166912695,0.05010994649906704
501,"dXXhWfmkisGN","ZakJbMV8EbFe","cWnqszGJQ1LL",1397,342.1209735146743,1706.0,521,63.40880234637904,365,915,320,850,35.09070989498328,0.45233676610544016,199.23759005323592,881.8854688618468,2025-12-11T03:40:00,67260000 milliseconds,46053.27105332153,0.9084381310449063,0.025441696113074206,0.10098522167487685,0.04153579989222797,0.07039572542892039,368.0,0.263,0.968,0.03200000000000003,1.4417965741540058,"aqua",67260.0,46053.27105332153,0.6847051896122737
502,"dcJtP6Mnlg7E",NA,"VcMADE3igg56",429,372.8251748251748,463.0,705,30.57998476881306,382,621,363,589,18.935444199803165,-0.0912033487779036,95.84062043356595,603.5710955710956,2025-12-10T08:59:00,NA,NA,NA,NA,NA,NA,NA,NA,NA,NA,NA,NA,"terra",NaN,NaN,NaN
502,"dcJtP6Mnlg7E","VcMADE3igg56","xMD6Jot6npLP",447,364.35346756152126,459.0,573,28.67816675237447,376,535,352,511,20.14928840918342,-0.7838944802423972,83.59797974644667,523.4630872483222,2025-12-11T09:38:00,88740000 milliseconds,20138.679855880855,0.30145467937850245,0.0410958904109589,0.008676789587852495,0.06418755791795502,0.06211347134052857,109.0,0.244,0.96,0.040000000000000036,0.7615283886357975,"terra",88740.0,20138.679855880855,0.22694027333649824
502,"dcJtP6Mnlg7E","xMD6Jot6npLP","JK1jOThde3gU",448,383.328125,462.0,399,29.39934829887378,395,544,371,518,19.66080316794434,-0.7075369353267507,85.25483399593904,531.46875,2025-12-12T02:40:00,61320000 milliseconds,5148.593624726676,0.11134501783578453,0.0022346368715083797,0.006514657980456026,0.024835137862318345,0.024540774556757385,49.0,0.109,0.999,0.0010000000000000009,0.2794702251068247,"aqua",61320.0,5148.593624726676,0.08396271403663856
503,"df1HllHgYZKh",NA,"rklo0b86ZA6x",508,327.3228346456693,531.0,612,29.931406476729254,342,304,312,279,23.492533152072475,1.1822607524311826,96.66904755831213,290.6456692913386,2025-12-10T08:59:00,NA,NA,NA,NA,NA,NA,NA,NA,NA,NA,NA,NA,"terra",NaN,NaN,NaN
503,"df1HllHgYZKh","rklo0b86ZA6x","O4zkPIm3iii1",536,321.5335820895522,561.0,497,29.655381778412323,336,300,308,274,24.445497227410723,1.222825504041444,95.84062043356595,286.7630597014925,2025-12-11T09:38:00,88740000 milliseconds,1742.6650277963734,0.026085847283831648,0.05363984674329502,0.054945054945054944,0.009264627492088855,0.03975816560649111,71.0,0.132,0.999,0.0010000000000000009,0.3166935420707616,"terra",88740.0,1742.6650277963734,0.019637875003339793
504,"dhqXUTbr91Mk",NA,"t9hqz1KWI6P6",499,416.59719438877755,575.0,830,30.43860055448581,432,1152,402,1124,24.34904153466905,-0.9740942372148875,108.56854249492379,1137.0921843687374,2025-12-09T04:00:00,NA,NA,NA,NA,NA,NA,NA,NA,NA,NA,NA,NA,"aqua",NaN,NaN,NaN
504,"dhqXUTbr91Mk","t9hqz1KWI6P6","dbCS4mp6NqGW",488,431.17418032786884,559.0,587,30.42616261189068,447,1158,417,1131,23.6023940286309,-1.0569001372627016,109.9827560572969,1143.4897540983607,2025-12-09T09:58:00,21480000 milliseconds,3979.7724300035084,0.2432623734720971,0.022289766970618033,0.02821869488536155,0.00040870749997437534,0.03114182077208136,62.0,0.127,0.997,0.0030000000000000027,0.4553213636001324,"terra",21480.0,3979.7724300035084,0.18527804608954881
504,"dhqXUTbr91Mk","dbCS4mp6NqGW","nOWv7aMOVc5o",453,402.5849889624724,487.0,643,27.607382694173864,417,1129,389,1105,22.597750119870838,-1.4152546028409143,93.91168824543142,1115.5275938189845,2025-12-10T03:01:00,61380000 milliseconds,9997.575551154825,0.21600033598692503,0.07438894792773645,0.13766730401529637,0.09714312309719426,0.04349094260532271,158.0,0.349,0.949,0.051000000000000045,0.9686906536324749,"aqua",61380.0,9997.575551154825,0.1628800187545589
504,"dhqXUTbr91Mk","nOWv7aMOVc5o","6qYrtXN9ck1f",459,418.8976034858388,510.0,793,28.68173855148407,433,1143,405,1117,23.073396584798143,-1.0680264739247822,100.8111831820431,1129.1742919389978,2025-12-10T08:59:00,21480000 milliseconds,5317.034900714863,0.32500213329552957,0.013157894736842105,0.04613841524573721,0.038172770636140635,0.020829188634262134,124.0,0.27,0.985,0.015000000000000013,0.7283004025485116,"terra",21480.0,5317.034900714863,0.2475342132548819
504,"dhqXUTbr91Mk","6qYrtXN9ck1f","mXb0x9d2pMFU",507,503.58382642998026,571.0,564,31.306651517448053,518,1200,489,1173,22.077024354379805,0.5780326822923227,104.87615433949868,1186.9033530571992,2025-12-12T02:40:00,150060000 milliseconds,25622.744844832032,0.22716206254560958,0.09937888198757763,0.11285846438482887,0.08751403273025726,0.044135678458482104,145.0,0.286,0.974,0.026000000000000023,0.8830491201067554,"aqua",150060.0,25622.744844832032,0.1707499989659605
505,"djUnQ2487O8I",NA,"4XwswBHOo3ze",523,604.5889101338432,547.0,1103,36.52883993349064,622,853,585,834,18.96059686688161,-1.5380533372647303,97.59797974644667,842.2715105162524,2025-12-09T04:00:00,NA,NA,NA,NA,NA,NA,NA,NA,NA,NA,NA,NA,"aqua",NaN,NaN,NaN
505,"djUnQ2487O8I","4XwswBHOo3ze","cBDFn0JAc5O8",467,618.3404710920771,472.0,854,33.469972566833825,634,865,601,847,18.1788811423517,-1.513302733211308,87.94112549695429,855.1156316916488,2025-12-09T09:58:00,21480000 milliseconds,4704.232652332151,0.28754478314988696,0.11313131313131314,0.14720314033366044,0.0873976931149406,0.04209621494063898,61.0,0.131,0.98,0.020000000000000018,0.8283731446704402,"terra",21480.0,4704.232652332151,0.21900524452198095
505,"djUnQ2487O8I","cBDFn0JAc5O8","rhHrWJhrzJIF",472,617.4809322033898,506.0,923,29.32635537948345,630,814,604,787,21.444298601135216,1.0910175421149844,91.9116882454314,801.6525423728814,2025-12-10T03:01:00,61380000 milliseconds,13367.499594650422,0.28880846050881326,0.010649627263045794,0.06952965235173825,0.13197004738533857,0.16482359466974744,119.0,0.252,0.997,0.0030000000000000027,0.9207813821786833,"aqua",61380.0,13367.499594650422,0.21778265875937475
505,"djUnQ2487O8I","rhHrWJhrzJIF","OMDFDAMVQr50",461,719.1062906724512,506.0,784,29.089792176091144,729,926,706,898,21.404334967963134,-0.26366598891163606,107.11879502661797,911.6811279826464,2025-12-12T02:40:00,171540000 milliseconds,37444.962223951625,0.2904849480156055,0.023579849946409433,0.0,0.008099240134493573,0.0018653399113713212,122.0,0.265,0.97,0.030000000000000027,0.6190293780078799,"aqua",171540.0,37444.962223951625,0.21828705971756807
506,"dmjPC5ktEio2",NA,"BiSNUN3V3elj",644,438.5326086956522,658.0,873,33.557433892574,453,676,424,646,24.943831352005393,-0.722908000248601,101.1543289325507,661.5248447204968,2025-12-09T04:00:00,NA,NA,NA,NA,NA,NA,NA,NA,NA,NA,NA,NA,"aqua",NaN,NaN,NaN
506,"dmjPC5ktEio2","BiSNUN3V3elj","JIUtla0zO9XT",619,451.3877221324717,630.0,622,33.10229668817161,465,687,437,657,24.38220627739556,-0.706647061989324,98.32590180780451,672.3392568659127,2025-12-09T09:58:00,21480000 milliseconds,4199.742935023049,0.25670800336326705,0.0395882818685669,0.043478260869565216,0.013655536871727113,0.02277195175616838,66.0,0.107,0.994,0.006000000000000005,0.4892020347292946,"terra",21480.0,4199.742935023049,0.19551875861373597
506,"dmjPC5ktEio2","JIUtla0zO9XT","4gL7zwkSHAUB",538,471.2267657992565,592.0,729,32.19063768238939,484,675,459,640,23.224932953254196,0.3209985809190765,105.1543289325507,658.4851301115242,2025-12-10T03:01:00,61380000 milliseconds,6049.403285341752,0.13069900151975267,0.14001728608470182,0.062193126022913256,0.02792519633466715,0.048617637725910864,173.0,0.322,0.981,0.019000000000000017,0.7504522476879458,"aqua",61380.0,6049.403285341752,0.0985565865972915
506,"dmjPC5ktEio2","4gL7zwkSHAUB","9p7cqXxr0k0Q",597,441.8542713567839,605.0,830,33.533558402062894,456,671,427,641,23.274590341803922,-0.6743572827348336,96.91168824543142,655.6700167504188,2025-12-10T08:59:00,21480000 milliseconds,7376.77221507211,0.45090294713154705,0.10396475770925111,0.02172096908939014,0.04086533726324845,0.0021358235539160057,168.0,0.281,0.973,0.027000000000000024,0.9275898347473529,"terra",21480.0,7376.77221507211,0.34342514967747256
506,"dmjPC5ktEio2","9p7cqXxr0k0Q","8yf61jqlFXC6",560,462.7892857142857,588.0,698,30.836420790549422,476,663,451,632,23.863759770396452,-0.25253235483154823,103.7401153701776,647.3,2025-12-11T03:40:00,67260000 milliseconds,5636.554835131445,0.11118561663145171,0.06395851339671564,0.028499580888516344,0.08380110248110878,0.024997456516410457,89.0,0.159,0.987,0.013000000000000012,0.4844422699142029,"aqua",67260.0,5636.554835131445,0.08380248045095814
506,"dmjPC5ktEio2","8yf61jqlFXC6","NVbGSXKL1sIT",553,482.11573236889694,590.0,537,32.60510585966098,496,661,468,633,23.002261441441043,-0.7978311486755645,112.9827560572969,647.1428571428571,2025-12-12T02:40:00,82800000 milliseconds,4831.771376596041,0.07749432841372961,0.012578616352201259,0.003395585738539898,0.05575796051893064,0.036764304145273215,110.0,0.199,0.991,0.009000000000000008,0.39399079516867463,"aqua",82800.0,4831.771376596041,0.05835472677048358
507,"dt7SQNu9inlU",NA,"gWSzC1NXd3sC",306,1118.437908496732,328.0,2047,24.760404663525307,1129,607,1107,584,17.691203012507327,-0.6070404561150919,76.42640687119285,597.8660130718954,2025-12-09T04:00:00,NA,NA,NA,NA,NA,NA,NA,NA,NA,NA,NA,NA,"aqua",NaN,NaN,NaN
507,"dt7SQNu9inlU","gWSzC1NXd3sC","YBmqvC5Hyilr",338,1056.3757396449705,346.0,1909,25.905623653340104,1064,612,1047,589,17.395764102839713,0.2537579912270873,76.87005768508881,599.5147928994082,2025-12-10T08:59:00,104340000 milliseconds,15521.016553177518,0.19770736326574764,0.09937888198757763,0.05341246290801187,0.045206582313995325,0.016840378861836033,91.0,0.269,0.981,0.019000000000000017,0.7005456693371686,"terra",104340.0,15521.016553177518,0.1487542318686747
508,"eHYkJXbtLZdv",NA,"DTD4H1vL99le",31223,516.0616212407521,34300.0,796,253.15521329969755,639,1145,381,968,167.9135191323623,1.524352202552227,1377.1778489984129,1047.1854722480223,2025-12-09T04:00:00,NA,NA,NA,NA,NA,NA,NA,NA,NA,NA,NA,NA,"aqua",NaN,NaN,NaN
508,"eHYkJXbtLZdv","DTD4H1vL99le","inxnVOuEj9Q2",30565,519.6917061999019,33106.0,759,247.85537435671012,642,1137,386,961,167.77111103706,1.530584883321195,1294.3961030678927,1039.5686242434156,2025-12-10T08:59:00,104340000 milliseconds,2109.4118009519707,0.026869776459486284,0.02129863403897197,0.035427113313354894,0.02115659458527075,0.0008484636024617897,1735.0,0.057,0.988,0.01200000000000001,0.1746005819995457,"terra",104340.0,2109.4118009519707,0.02021671267924066
508,"eHYkJXbtLZdv","inxnVOuEj9Q2","jamE5wwySyqZ",31132,515.3065977129642,35998.0,619,245.11321721612134,640,1132,386,933,174.53713338756666,1.295958369653211,1418.598159215196,1032.0994475138123,2025-12-11T03:40:00,67260000 milliseconds,2165.320089794185,0.04271269533078578,0.018380148143345706,0.08369993053947673,0.011125078503844785,0.03953175221870229,6212.0,0.2,0.952,0.04800000000000004,0.44344960473615536,"aqua",67260.0,2165.320089794185,0.03219328114472473
509,"eNOVrhhukMb6",NA,"2pUInB7jUoVG",406,371.7512315270936,408.0,746,26.71640615831156,381,622,362,596,19.834216773732184,-0.13872537073547406,77.11269837220809,609.679802955665,2025-12-09T04:00:00,NA,NA,NA,NA,NA,NA,NA,NA,NA,NA,NA,NA,"aqua",NaN,NaN,NaN
509,"eNOVrhhukMb6","2pUInB7jUoVG","SDOgyQ5FabhM",407,384.1179361179361,410.0,491,26.836071474136247,394,630,373,604,19.9830098543504,-0.05266819261868327,79.35533905932738,618.5847665847666,2025-12-09T09:58:00,21480000 milliseconds,3809.8044542403063,0.23287313289977424,0.0024600246002460025,0.004889975550122249,0.004469086067165667,0.007473804341424109,57.0,0.14,0.993,0.007000000000000006,0.39916602345873226,"terra",21480.0,3809.8044542403063,0.1773651980558802
509,"eNOVrhhukMb6","SDOgyQ5FabhM","4J3X02YN8qov",407,389.22113022113024,415.0,608,26.187271605531826,400,608,379,584,20.347577125635794,0.007271077161902931,78.2842712474619,597.0859950859951,2025-12-11T03:40:00,150120000 milliseconds,5524.037054157404,0.04895459991277387,0.0,0.012121212121212121,0.02447223546918167,0.018078946952411547,44.0,0.108,0.999,0.0010000000000000009,0.2126269944555792,"aqua",150120.0,5524.037054157404,0.036797475713811645
509,"eNOVrhhukMb6","4J3X02YN8qov","Mo7Xfp9QgUzf",399,381.077694235589,405.0,599,26.732132600707814,391,601,371,576,19.575563165369594,-0.16997308903061376,77.94112549695429,589.9298245614035,2025-12-11T09:38:00,21480000 milliseconds,2710.2389911643672,0.16566253002227183,0.019851116625310174,0.024390243902439025,0.02059210617914493,0.038675011767054485,35.0,0.088,0.993,0.007000000000000006,0.3641710084962204,"terra",21480.0,2710.2389911643672,0.1261749995886577
509,"eNOVrhhukMb6","Mo7Xfp9QgUzf","7j8unYv2bgTk",404,405.61138613861385,408.0,430,25.452664053589036,417,609,396,584,20.725065192621337,0.08134797686992513,77.35533905932738,597.0346534653465,2025-12-12T02:40:00,61320000 milliseconds,6385.4357336972935,0.13809333334120444,0.012453300124533,0.007380073800738007,0.04903606525842151,0.05704635754265184,33.0,0.082,1.0,0.0,0.34600913006754885,"aqua",61320.0,6385.4357336972935,0.10413300283263688
510,"eQnzojm8fO3l",NA,"01HLh2Nu3tvA",646,1146.3560371517028,665.0,1974,36.63435141417893,1161,674,1132,643,22.783778776783898,-0.677409211541854,102.66904755831213,658.9427244582043,2025-12-10T03:01:00,NA,NA,NA,NA,NA,NA,NA,NA,NA,NA,NA,NA,"aqua",NaN,NaN,NaN
510,"eQnzojm8fO3l","01HLh2Nu3tvA","r2E7CgyWsY63",651,1150.6559139784947,676.0,2067,36.86207314844605,1166,676,1136,644,22.800200494117416,-0.6797338811360425,104.32590180780451,660.0537634408602,2025-12-10T08:59:00,21480000 milliseconds,1110.274412773785,0.06786518415487683,0.007710100231303007,0.01640566741237882,0.00619681122237676,0.0007205038961572632,50.0,0.077,0.999,0.0010000000000000009,0.17689826691709268,"terra",21480.0,1110.274412773785,0.051688752922429464
510,"eQnzojm8fO3l","r2E7CgyWsY63","MM2REWNts4hK",668,1113.693113772455,746.0,1079,37.07488907108838,1132,723,1097,695,24.949201911555463,-0.9739290961098704,132.71067811865476,708.1811377245509,2025-12-12T08:40:00,171660000 milliseconds,15170.886498722777,0.1176083297703227,0.02577710386656558,0.09845288326300984,0.005756685594153369,0.09001165707501019,175.0,0.262,0.947,0.05300000000000005,0.6526066595690617,"terra",171660.0,15170.886498722777,0.08837752824608398
511,"edbd3akchwdn",NA,"op1wcl5WsDcW",349,171.77936962750715,381.0,159,27.442868565794267,181,578,162,551,16.84936617438303,0.13573867953467558,83.04772721475248,564.9770773638968,2025-12-09T09:58:00,NA,NA,NA,NA,NA,NA,NA,NA,NA,NA,NA,NA,"terra",NaN,NaN,NaN
511,"edbd3akchwdn","op1wcl5WsDcW","zecDMefgl0NT",351,181.81196581196582,360.0,322,27.728979985855172,193,523,169,501,16.590417325746653,0.8960638671979415,75.84062043356595,511.6467236467237,2025-12-10T08:59:00,82860000 milliseconds,13566.455906479443,0.21742857450884595,0.005714285714285714,0.05668016194331984,0.010371645234727285,0.01548747160012991,81.0,0.231,0.974,0.026000000000000023,0.5626821390013087,"terra",82860.0,13566.455906479443,0.16372744275258802
511,"edbd3akchwdn","zecDMefgl0NT","6HXxXXyvyPAF",336,187.44345238095238,338.0,302,26.76406714933492,198,528,175,505,16.274141804878713,0.7820982438960712,72.91168824543142,516.2529761904761,2025-12-11T03:40:00,67260000 milliseconds,1818.8458475346076,0.03587820983399956,0.043668122270742356,0.06303724928366762,0.0354141633565262,0.019247209105155077,39.0,0.116,0.979,0.02100000000000002,0.33424495385009084,"aqua",67260.0,1818.8458475346076,0.027042013790285573
512,"ek7GBvtDBHRe",NA,"yl1X51civ3ZG",1030,972.0902912621359,1099.0,1758,40.170500082716885,993,979,950,941,34.163531203411274,-0.8775205651248368,143.1959594928933,959.8621359223301,2025-12-09T04:00:00,NA,NA,NA,NA,NA,NA,NA,NA,NA,NA,NA,NA,"aqua",NaN,NaN,NaN
512,"ek7GBvtDBHRe","yl1X51civ3ZG","xb3H1ugsWLMd",1006,992.5,1037.0,1461,37.963063547203795,1012,997,974,960,34.37667551911971,-0.4993633873145942,130.12489168102786,977.4681908548707,2025-12-09T09:58:00,21480000 milliseconds,6738.552241821322,0.4118919463215967,0.023575638506876228,0.05805243445692884,0.05650418163360894,0.006219541081085395,190.0,0.189,0.973,0.027000000000000024,0.772243742000096,"terra",21480.0,6738.552241821322,0.3137128604199871
512,"ek7GBvtDBHRe","xb3H1ugsWLMd","TgH4rH9EA3st",996,970.0210843373494,1026.0,1606,37.69906957331071,990,971,951,933,34.52980058844884,-0.6106704807050065,129.05382386916236,951.3463855421687,2025-12-10T03:01:00,61380000 milliseconds,8615.575873683898,0.18614185748479847,0.00999000999000999,0.010664081434803683,0.006978232386670812,0.004444431872850237,68.0,0.068,0.995,0.0050000000000000044,0.2912186131691332,"aqua",61380.0,8615.575873683898,0.14036454665499998
512,"ek7GBvtDBHRe","TgH4rH9EA3st","XU08PcHkJ0To",934,971.0845824411135,956.0,1742,37.67575844015401,988,972,953,934,32.258912312489805,-0.33155017363236583,127.78174593052023,952.2944325481799,2025-12-10T08:59:00,21480000 milliseconds,356.1794967355479,0.02177136288114596,0.06424870466321243,0.07063572149344097,0.0006185389412107646,0.06800215717069533,155.0,0.166,0.991,0.009000000000000008,0.4002764851497055,"terra",21480.0,356.1794967355479,0.016581913255844873
512,"ek7GBvtDBHRe","XU08PcHkJ0To","eiEvCIRAPxRz",949,970.5943097997892,985.0,1518,37.156617753272066,988,967,952,929,33.28255077737367,-0.38444899294932555,126.71067811865476,947.4330874604847,2025-12-11T09:38:00,88740000 milliseconds,1221.5012107159746,0.01828457766209078,0.015932023366967606,0.029881504379185988,0.013874761521405564,0.03123636295638877,72.0,0.076,0.999,0.0010000000000000009,0.18620922988603872,"terra",88740.0,1221.5012107159746,0.013764944903267688
513,"ekyoOaHOdm0t",NA,"pOu55Z2r3m0y",359,250.09192200557104,389.0,505,34.25441860938878,261,110,237,83,14.228469078279012,0.5951650621083211,87.25483399593904,96.71030640668523,2025-12-09T04:00:00,NA,NA,NA,NA,NA,NA,NA,NA,NA,NA,NA,NA,"aqua",NaN,NaN,NaN
513,"ekyoOaHOdm0t","pOu55Z2r3m0y","e5EalUDts4Ca",373,249.30563002680964,436.0,241,37.67751841993868,258,120,241,82,13.854329456857373,0.18248259241901854,104.63961030678928,99.94369973190348,2025-12-09T09:58:00,21480000 milliseconds,831.9062248621541,0.05085001374463045,0.03825136612021858,0.11393939393939394,0.09517607760664817,0.026645465618643838,143.0,0.383,0.957,0.04300000000000004,0.750862317029535,"terra",21480.0,831.9062248621541,0.03872934007738148
513,"ekyoOaHOdm0t","e5EalUDts4Ca","SPwhF6EQIdVn",406,165.55665024630542,470.0,258,38.81008605103033,178,264,155,228,15.350665446771186,0.5284744362090007,103.1543289325507,246.9704433497537,2025-12-11T03:40:00,150120000 milliseconds,42301.56243652855,0.3748809148930215,0.08472400513478819,0.07505518763796909,0.02961440978378454,0.1024712378722519,120.0,0.296,0.993,0.007000000000000006,0.9697457553218152,"aqua",150120.0,42301.56243652855,0.2817849882529213
514,"el9IgjszlpZv",NA,"S6Rk9xrdoC2z",436,738.3990825688073,465.0,1047,32.40556537661578,748,80,729,47,18.408698332632696,-0.0019656277777653393,91.97665940288702,65.2591743119266,2025-12-09T09:58:00,NA,NA,NA,NA,NA,NA,NA,NA,NA,NA,NA,NA,"terra",NaN,NaN,NaN
514,"el9IgjszlpZv","S6Rk9xrdoC2z","nLMRElbYzM5T",409,742.7383863080685,416.0,1154,28.996499386173195,755,63,731,40,18.35062619764332,0.802828623282266,79.59797974644665,51.05134474327628,2025-12-10T03:01:00,61380000 milliseconds,3713.926308448547,0.08024038691689633,0.06390532544378698,0.1112372304199773,0.11104076071749816,0.0031595866208883835,131.0,0.32,0.949,0.051000000000000045,0.7405832901190472,"aqua",61380.0,3713.926308448547,0.06050710831620311
514,"el9IgjszlpZv","nLMRElbYzM5T","Juujf0CQNs0i",380,736.6631578947369,403.0,975,28.59600750856632,751,62,724,40,17.87540410792278,0.9715347201479455,81.84062043356595,51.42894736842105,2025-12-11T03:40:00,88740000 milliseconds,1521.7379869878223,0.022778803786959394,0.07351077313054499,0.031746031746031744,0.01390777721618698,0.026236498214794547,59.0,0.155,0.993,0.007000000000000006,0.33017988409451765,"aqua",88740.0,1521.7379869878223,0.017148275715436357
515,"eqTANVNe9v4Z",NA,"VY20ygCmpm0L",619,246.8562197092084,696.0,496,35.68513052234966,261,1076,232,1040,24.240691769020213,-0.16790411875318528,133.91778489984128,1057.329563812601,2025-12-09T04:00:00,NA,NA,NA,NA,NA,NA,NA,NA,NA,NA,NA,NA,"aqua",NaN,NaN,NaN
515,"eqTANVNe9v4Z","VY20ygCmpm0L","fABEZMxUulJ3",531,223.4858757062147,601.0,377,35.736650157306705,240,1171,210,1141,21.203223889297348,0.7422501833981486,109.39696961966999,1157.900188323917,2025-12-11T03:40:00,171600000 milliseconds,25812.57384180042,0.2001750588739854,0.15304347826086956,0.14649190439475712,0.0014426869357436973,0.13367984847788614,185.0,0.348,0.943,0.05700000000000005,1.039832976943242,"aqua",171600.0,25812.57384180042,0.15042292448601643
516,"et6fsFrP8LfC",NA,"71BCvd2cjO8T",1599,286.05003126954347,1651.0,569,67.71005705130291,302,901,270,835,30.50363973516561,-0.19666233797690302,176.36753236814712,865.4940587867417,2025-12-09T04:00:00,NA,NA,NA,NA,NA,NA,NA,NA,NA,NA,NA,NA,"aqua",NaN,NaN,NaN
516,"et6fsFrP8LfC","71BCvd2cjO8T","xh6ExMXMopMG",1470,291.3972789115646,1534.0,547,65.9892532046049,307,890,276,827,29.156549193831435,-0.191439967721776,183.6812408671319,856.3863945578231,2025-12-10T08:59:00,104340000 milliseconds,2640.343313991379,0.03363280445820494,0.08406647116324535,0.07346938775510205,0.02574140200729968,0.04515877557603375,153.0,0.104,0.992,0.008000000000000007,0.3740688409598858,"terra",104340.0,2640.343313991379,0.025305187981515997
517,"exvPFxfPNSsw",NA,"fnZmy9NSHS1O",558,215.79390681003585,573.0,450,38.4873972155071,227,833,206,794,18.93556203260963,0.190420087902866,100.9116882454314,813.9910394265233,2025-12-09T04:00:00,NA,NA,NA,NA,NA,NA,NA,NA,NA,NA,NA,NA,"aqua",NaN,NaN,NaN
517,"exvPFxfPNSsw","fnZmy9NSHS1O","3usbTQfguMlq",556,158.38309352517985,595.0,149,40.75748571739816,166,740,149,701,17.99095371573723,0.0700530757898185,105.14823227814082,718.7967625899281,2025-12-09T09:58:00,21480000 milliseconds,27791.58126176762,1.6987519108659914,0.003590664272890485,0.03767123287671233,0.057292999065014436,0.05116151891014464,143.0,0.257,0.974,0.026000000000000023,2.1314683259907534,"terra",21480.0,27791.58126176762,1.2938352542722356
517,"exvPFxfPNSsw","3usbTQfguMlq","PRqbvLNUILPA",568,43.73943661971831,626.0,67,40.70999798469698,54,647,34,609,18.70693286581354,0.28241262335499195,109.46194077712559,628.9066901408451,2025-12-10T03:01:00,61380000 milliseconds,36420.62704838305,0.7868775423654111,0.021352313167259787,0.050778050778050775,0.0011658082597672515,0.03902018436321911,151.0,0.266,0.985,0.015000000000000013,1.180193898933708,"aqua",61380.0,36420.62704838305,0.5933630995174821
518,"f08OaHkQMldq",NA,"evnhnak2hZwb",848,15.23938679245283,928.0,8,40.81031626479978,32,1016,1,978,27.84928505112211,0.6155015085664056,145.60407640085654,998.1084905660377,2025-12-09T09:58:00,NA,NA,NA,NA,NA,NA,NA,NA,NA,NA,NA,NA,"terra",NaN,NaN,NaN
518,"f08OaHkQMldq","evnhnak2hZwb","EpeZ5R9VjJuc",844,46.59834123222749,876.0,47,42.45583012463695,66,833,25,803,26.47973046667886,1.2749255803426682,124.46803743153548,817.7310426540284,2025-12-11T03:40:00,150120000 milliseconds,45770.76560071224,0.4056253598078008,0.004728132387706856,0.057649667405764965,0.039524198757585796,0.05041705878121476,223.0,0.264,0.95,0.050000000000000044,0.8719444171400732,"aqua",150120.0,45770.76560071224,0.304894521720705
518,"f08OaHkQMldq","EpeZ5R9VjJuc","I9btBG9ep79Z",729,38.0562414266118,808.0,47,38.39656604137133,55,818,20,787,26.30092963787347,1.2305921901991104,125.29646455628166,802.2304526748972,2025-12-11T09:38:00,21480000 milliseconds,4424.616924027471,0.2704533572143931,0.14621741894469167,0.08076009501187649,0.10041172001707974,0.006775240341867871,137.0,0.188,0.997,0.0030000000000000027,0.7956178315299087,"terra",21480.0,4424.616924027471,0.2059877525152454
519,"f0ulrpgU09XK",NA,"WXFoeYy7H2Xb",2805,509.5372549019608,3020.0,924,94.77933493667177,561,975,467,931,39.5293307297648,-1.4992586081158863,259.37972567696687,954.3910873440285,2025-12-09T04:00:00,NA,NA,NA,NA,NA,NA,NA,NA,NA,NA,NA,NA,"aqua",NaN,NaN,NaN
519,"f0ulrpgU09XK","WXFoeYy7H2Xb","fkarJ5NlRXtW",2664,518.144894894895,2885.0,718,91.97148647555126,567,960,472,919,38.98356933066871,-1.5680800291548942,267.27922061357856,941.7053303303303,2025-12-11T03:40:00,171600000 milliseconds,3832.5896700089784,0.029721517409918404,0.05156335710367526,0.04572396274343776,0.03007053398627501,0.013902464402053836,292.0,0.11,0.99,0.010000000000000009,0.2909818356453603,"aqua",171600.0,3832.5896700089784,0.022334438636415956
520,"fGCMwY4XviGG",NA,"o7HMFnTm1J45",372,12.801075268817204,393.0,21,26.634312408871434,24,556,4,529,19.551741311414286,-0.08075351025767344,87.84062043356595,541.75,2025-12-09T04:00:00,NA,NA,NA,NA,NA,NA,NA,NA,NA,NA,NA,NA,"aqua",NaN,NaN,NaN
520,"fGCMwY4XviGG","o7HMFnTm1J45","kxLCqndVWq4E",361,36.7617728531856,397.0,58,25.555076611476842,48,482,24,459,19.112104571740787,-0.9574774997014573,90.97665940288701,471.93905817174516,2025-12-10T08:59:00,104340000 milliseconds,18452.104601639516,0.23504368641028617,0.030013642564802184,0.010126582278481013,0.04135843770747366,0.022741490383657813,80.0,0.222,0.986,0.014000000000000012,0.5752838393447008,"terra",104340.0,18452.104601639516,0.17684593254398615
520,"fGCMwY4XviGG","kxLCqndVWq4E","YKDijk5SU3Lg",387,68.34883720930233,430.0,45,29.08711245681418,84,492,53,472,17.806033226147825,1.4956222903686025,87.87615433949868,482.56847545219637,2025-12-12T08:40:00,171660000 milliseconds,8331.893341099814,0.06459082399395182,0.06951871657754011,0.07980652962515115,0.12927870956718257,0.0707549959720697,112.0,0.289,0.989,0.01100000000000001,0.7139497757358954,"terra",171660.0,8331.893341099814,0.048537185955375824
521,"fNDN4RMKYe8W",NA,"NCBPGt1LlgAF",1166,258.17324185248714,1193.0,512,50.35717183641229,277,808,240,762,30.10152660072877,0.5197689089142912,156.36753236814715,784.7084048027444,2025-12-09T04:00:00,NA,NA,NA,NA,NA,NA,NA,NA,NA,NA,NA,NA,"aqua",NaN,NaN,NaN
521,"fNDN4RMKYe8W","NCBPGt1LlgAF","uUWPC5PtLIeT",1210,274.75371900826445,1261.0,440,51.40633126693964,294,790,255,744,30.612434854014598,0.5670450428144834,151.1959594928933,767.2702479338843,2025-12-11T03:40:00,171600000 milliseconds,6015.612695811971,0.04665073823816961,0.037037037037037035,0.05541972290138549,0.02061956199486983,0.016830008816560632,100.0,0.083,0.988,0.01200000000000001,0.2715570689880226,"aqua",171600.0,6015.612695811971,0.0350560180408623
521,"fNDN4RMKYe8W","uUWPC5PtLIeT","tljkb0IOz6SU",1033,265.189738625363,1057.0,392,46.38377301338422,285,777,246,737,28.784815951520116,0.6900066439549876,133.78174593052023,757.5730880929332,2025-12-11T09:38:00,21480000 milliseconds,3405.0021085298085,0.20812971323531837,0.15782434239857335,0.17601380500431407,0.10272119639340635,0.06153883816872488,194.0,0.188,0.968,0.03200000000000003,0.9262278952003371,"terra",21480.0,3405.0021085298085,0.1585196512350935
522,"fPzTlL9covZN",NA,"5FLNMW597Yqa",309,559.7411003236246,335.0,1041,26.575722666649476,569,391,552,365,15.368271434143299,-0.057505981110293154,76.18376618407356,377.93851132686086,2025-12-09T04:00:00,NA,NA,NA,NA,NA,NA,NA,NA,NA,NA,NA,NA,"aqua",NaN,NaN,NaN
522,"fPzTlL9covZN","5FLNMW597Yqa","tHApiCY4XACw",307,617.5439739413681,325.0,1091,23.829229971134694,627,504,607,484,16.851429067370482,-0.8063665201212052,72.97665940288702,494.214983713355,2025-12-10T08:59:00,104340000 milliseconds,32462.853992213142,0.41351320288151255,0.006493506493506494,0.030303030303030304,0.10897709656633928,0.09206526504847551,66.0,0.215,0.983,0.017000000000000015,0.883352101292864,"terra",104340.0,32462.853992213142,0.31112568518509814
522,"fPzTlL9covZN","tHApiCY4XACw","TRRGy7SWEfBH",304,707.3651315789474,321.0,949,24.92899521298585,719,422,698,402,17.114061814728615,-0.8945795789230075,73.11269837220809,410.7138157894737,2025-12-11T03:40:00,67260000 milliseconds,30659.710333766096,0.6047876582259808,0.009819967266775777,0.01238390092879257,0.045110962825173725,0.015464681389106527,111.0,0.365,0.989,0.01100000000000001,1.0635671706358294,"aqua",67260.0,30659.710333766096,0.4558386906596208
523,"fSsYDxFUasqB",NA,"o5yu5IH9OBXz",837,569.8482676224612,967.0,1048,51.72872075586371,582,220,557,169,22.803028810971934,-0.0018220944156985555,142.46803743153546,195.27956989247312,2025-12-09T04:00:00,NA,NA,NA,NA,NA,NA,NA,NA,NA,NA,NA,NA,"aqua",NaN,NaN,NaN
523,"fSsYDxFUasqB","o5yu5IH9OBXz","ElFNkKcGNrRj",900,488.0422222222222,983.0,890,57.6997969844342,505,354,470,305,20.930236048394185,0.4706423188730658,162.0243866176395,328.9222222222222,2025-12-10T08:59:00,104340000 milliseconds,39173.16331507783,0.4989894059623951,0.07253886010362694,0.01641025641025641,0.1091319950571092,0.08564614458125291,259.0,0.288,0.982,0.018000000000000016,1.0887166621146407,"terra",104340.0,39173.16331507783,0.3754376395924653
524,"fTac9WPyzVSI",NA,"nmpozMouVrZl",365,948.3041095890411,384.0,1165,33.31415661973071,964,169,932,153,14.22154133690661,-1.3518415978526737,82.76955262170047,161.58356164383562,2025-12-11T03:40:00,NA,NA,NA,NA,NA,NA,NA,NA,NA,NA,NA,NA,"aqua",NaN,NaN,NaN
524,"fTac9WPyzVSI","nmpozMouVrZl","9Yt8K1xFU7go",386,954.3031088082902,422.0,1501,32.62108228260946,968,190,942,163,15.980826116860657,0.7519975956439805,94.91168824543142,176.69430051813472,2025-12-11T09:38:00,21480000 milliseconds,4064.498900232084,0.24844125307042078,0.0559254327563249,0.09429280397022333,0.021022880895231105,0.11649979311370866,80.0,0.207,0.971,0.029000000000000026,0.7721821638059088,"terra",21480.0,4064.498900232084,0.18922248138883072
525,"fbP6aF7MD4b2",NA,"wBbdmg7OO4bA",1323,276.39909297052156,1456.0,541,54.98893414912583,297,573,256,521,32.038508883639615,0.5216324553660909,173.30256121069152,548.400604686319,2025-12-09T04:00:00,NA,NA,NA,NA,NA,NA,NA,NA,NA,NA,NA,NA,"aqua",NaN,NaN,NaN
525,"fbP6aF7MD4b2","wBbdmg7OO4bA","lqnsxGMFKUiK",1294,406.02009273570326,1365.0,635,51.48169500842435,425,451,384,403,33.50710681418641,-0.6047273517080008,155.02438661763952,427.83616692426585,2025-12-10T03:01:00,82860000 milliseconds,44255.9227907726,0.7092863657468162,0.02216278181123424,0.06451612903225806,0.06588181489021978,0.04481147716476487,372.0,0.287,0.969,0.031000000000000028,1.224658568645293,"aqua",82860.0,44255.9227907726,0.5341047886890249
525,"fbP6aF7MD4b2","lqnsxGMFKUiK","8gq6DSLDmRQc",1379,279.72443799854966,1526.0,511,58.25671399332609,301,565,260,509,32.256171656505536,0.45264876289606665,181.6812408671319,539.3785351704133,2025-12-10T08:59:00,21480000 milliseconds,42125.03139423569,2.5748796695743086,0.06359895248784138,0.11138014527845036,0.12347580116262968,0.03804357649956162,417.0,0.302,0.95,0.050000000000000044,3.263378145002791,"terra",21480.0,42125.03139423569,1.9611280909793152
525,"fbP6aF7MD4b2","8gq6DSLDmRQc","6IjZjkVYk2Fn",1347,66.29695619896066,1389.0,96,51.373999463755915,85,470,51,422,34.677702262605514,-0.2680420093443845,151.15432893255073,444.60133630289533,2025-12-11T09:38:00,88740000 milliseconds,58381.29377874761,0.8739060516240942,0.02347762289068232,0.09399656946826758,0.12556179399971892,0.07235590783304653,414.0,0.307,0.964,0.03600000000000003,1.5322979458158095,"terra",88740.0,58381.29377874761,0.657891523312459
526,"fcvnO4WtqlZ0",NA,"FGq1rjhUm9K4",4062,705.9788281634662,4425.0,754,86.32544687617656,741,224,673,142,61.506001297700806,-0.3030453779351377,295.0782104868019,182.20728705071394,2025-12-12T02:40:00,NA,NA,NA,NA,NA,NA,NA,NA,NA,NA,NA,NA,"aqua",NaN,NaN,NaN
526,"fcvnO4WtqlZ0","FGq1rjhUm9K4","Old4dEU2szSg",3946,711.4031931069437,4137.0,721,82.33488287985712,751,221,672,147,61.899316038781656,0.6776380459228861,274.770598642227,184.43816523061327,2025-12-12T08:40:00,21600000 milliseconds,1466.2996047358981,0.08913675408728863,0.028971028971028972,0.0672740014015417,0.04732071853638338,0.006374356463237652,656.0,0.166,0.98,0.020000000000000018,0.42507685945948037,"terra",21600.0,1466.2996047358981,0.06788424095999529
527,"feQ4Z6CPkaWg",NA,"mOKADVtrzWdy",356,173.8370786516854,378.0,350,26.459339970456103,183,1058,163,1033,17.831224426140043,0.33292175402659624,81.25483399593904,1045.8820224719102,2025-12-09T04:00:00,NA,NA,NA,NA,NA,NA,NA,NA,NA,NA,NA,NA,"aqua",NaN,NaN,NaN
527,"feQ4Z6CPkaWg","mOKADVtrzWdy","FpWfUENbgnXP",313,186.32907348242813,327.0,176,26.206970038762183,196,1058,177,1033,15.820974537148102,0.2844654722768532,74.42640687119285,1046.6006389776358,2025-12-09T09:58:00,21480000 milliseconds,3128.161845773051,0.19120793678319384,0.12855007473841554,0.14468085106382977,0.009583733192993672,0.11947212669133231,83.0,0.265,0.978,0.02200000000000002,0.8804947224697651,"terra",21480.0,3128.161845773051,0.14563137084604522
528,"flzTFZpH02V7",NA,"waYAKqhhbMw8",713,182.21598877980364,748.0,310,34.838636960283615,196,557,169,523,27.14046230580922,-0.09000891936393046,108.5685424949238,539.6002805049088,2025-12-10T03:01:00,NA,NA,NA,NA,NA,NA,NA,NA,NA,NA,NA,NA,"aqua",NaN,NaN,NaN
528,"flzTFZpH02V7","waYAKqhhbMw8","Eacnaf8cQcuj",754,186.70159151193633,809.0,328,35.4054116927076,202,560,172,526,28.459014596563247,-0.26974140915072325,117.98275605729688,543.4283819628647,2025-12-10T08:59:00,21480000 milliseconds,1474.2581321405396,0.09011357775920169,0.05589638718473074,0.0783558124598587,0.0161373025414261,0.04743038475233439,95.0,0.126,0.977,0.02300000000000002,0.4369334646975516,"terra",21480.0,1474.2581321405396,0.06863399125421507
528,"flzTFZpH02V7","Eacnaf8cQcuj","MFQ5YRVXjk0J",783,37.62068965517241,816.0,23,37.511551539689975,56,587,18,558,27.07225604603074,1.2621572369740346,117.05382386916237,572.9386973180077,2025-12-12T08:40:00,171660000 milliseconds,37993.39910660968,0.29453388973688654,0.03773584905660377,0.008615384615384615,0.057768172277547575,0.04994514026008344,163.0,0.208,0.988,0.01200000000000001,0.6685984359465059,"terra",171660.0,37993.39910660968,0.2213293668100296
529,"fnjz8yWAllor",NA,"Xq1hRa8rXiV7",431,856.5127610208817,434.0,1341,27.71923373185943,869,1020,843,998,19.923602908149732,0.904512255755193,79.59797974644667,1008.7099767981439,2025-12-11T09:38:00,NA,NA,NA,NA,NA,NA,NA,NA,NA,NA,NA,NA,"terra",NaN,NaN,NaN
529,"fnjz8yWAllor","Xq1hRa8rXiV7","rAILbHnn33hS",439,866.4464692482916,446.0,926,28.377436606265338,880,1041,852,1020,19.8868039946932,1.3591131163960097,81.59797974644665,1031.1548974943053,2025-12-12T02:40:00,61320000 milliseconds,6136.229625166232,0.13270392787989255,0.01839080459770115,0.02727272727272727,0.023466735919924174,0.0018487082308070995,34.0,0.077,0.993,0.007000000000000006,0.2876829039010523,"aqua",61320.0,6136.229625166232,0.10006897627472655
530,"frv6MsgoZgPX",NA,"B4efVcr1AjdO",353,1014.9320113314448,382.0,1857,29.62615832396439,1028,1044,999,1025,16.786622137140238,-1.4534895380544643,86.32590180780451,1034.9093484419263,2025-12-09T04:00:00,NA,NA,NA,NA,NA,NA,NA,NA,NA,NA,NA,NA,"aqua",NaN,NaN,NaN
530,"frv6MsgoZgPX","B4efVcr1AjdO","diPnsErzmlQx",361,1073.753462603878,403.0,1270,29.259726536746673,1082,1167,1064,1139,16.87542495809374,-0.02104799141975954,92.49747468305833,1152.4016620498614,2025-12-11T03:40:00,171600000 milliseconds,32848.522499821636,0.2547384451323896,0.022408963585434174,0.0535031847133758,0.012445488017526665,0.005276139071534555,100.0,0.277,0.976,0.02400000000000002,0.6493722205202608,"aqua",171600.0,32848.522499821636,0.19142495629266687
531,"ft2NM9BMj5C5",NA,"UATBv4awundD",348,223.55172413793105,374.0,457,25.549549431907714,236,246,212,223,18.29608923615656,0.8818017519024596,79.25483399593904,235.38793103448276,2025-12-09T04:00:00,NA,NA,NA,NA,NA,NA,NA,NA,NA,NA,NA,NA,"aqua",NaN,NaN,NaN
531,"ft2NM9BMj5C5","UATBv4awundD","NIs202RZvaY0",360,140.67777777777778,374.0,235,25.454947331292523,153,252,128,232,18.598333313502472,-1.4329357471962079,81.25483399593904,241.36111111111111,2025-12-10T08:59:00,104340000 milliseconds,20772.231863616315,0.26459756529668577,0.03389830508474576,0.0,0.003709559220019454,0.016384269299192716,91.0,0.253,0.986,0.014000000000000012,0.5855896989006437,"terra",104340.0,20772.231863616315,0.1990821531878121
531,"ft2NM9BMj5C5","NIs202RZvaY0","FSoFG6rARa21",360,138.18333333333334,387.0,203,25.46339197406489,150,212,124,193,19.019583540761786,-1.393440808177469,83.35533905932738,202.16666666666666,2025-12-11T09:38:00,88740000 milliseconds,9818.435238096314,0.14697156257909308,0.0,0.03416557161629435,0.0003316935661127959,0.022396254895840274,74.0,0.206,0.975,0.025000000000000022,0.4348650826573405,"terra",88740.0,9818.435238096314,0.11064272298959109
532,"ft6MjY3U4SGE",NA,"8MhyFD8uW4xN",2147,912.9496972519795,2290.0,1636,62.28474466380583,942,982,877,934,46.549011010035876,1.508629271271109,201.58073580374355,955.6539357242664,2025-12-09T04:00:00,NA,NA,NA,NA,NA,NA,NA,NA,NA,NA,NA,NA,"aqua",NaN,NaN,NaN
532,"ft6MjY3U4SGE","8MhyFD8uW4xN","5QJqpNHwZiyD",2144,929.6618470149253,2287.0,1340,63.31623272196517,960,998,894,950,45.59973802969347,1.5674853166510647,196.50966799187808,971.6884328358209,2025-12-09T09:58:00,21480000 milliseconds,5790.0833722385905,0.35391707654270116,0.0013982754602656724,0.0013109023377758358,0.0164248412652272,0.020603057344449328,152.0,0.071,0.994,0.006000000000000005,0.4706541529504192,"terra",21480.0,5790.0833722385905,0.269556954014832
533,"fwk4nK5AudLI",NA,"E1vRXKyd6d8O",589,252.46179966044141,619.0,462,31.161329750254577,268,933,239,908,25.204084566604894,1.3659261534744445,100.76955262170047,921.1392190152801,2025-12-10T08:59:00,NA,NA,NA,NA,NA,NA,NA,NA,NA,NA,NA,NA,"terra",NaN,NaN,NaN
533,"fwk4nK5AudLI","E1vRXKyd6d8O","W2HTcu71PFk0",609,43.072249589490966,672.0,53,34.24051526359529,58,1030,23,1001,24.8654354271564,-0.9978626161757008,114.05382386916239,1016.4729064039409,2025-12-11T09:38:00,88740000 milliseconds,57517.65795716237,0.8609783393033811,0.0333889816360601,0.08210689388071263,0.0941620381715118,0.013527157419950964,156.0,0.256,0.989,0.01100000000000001,1.3511634104116166,"terra",88740.0,57517.65795716237,0.648159318877196
534,"fxrrTf3QLTMt",NA,"4uiRO2AIUzf9",910,1116.5868131868133,936.0,2036,37.914067729129194,1133,1035,1101,998,31.316925573344093,-0.21390097199354388,123.15432893255071,1016.0813186813186,2025-12-09T04:00:00,NA,NA,NA,NA,NA,NA,NA,NA,NA,NA,NA,NA,"aqua",NaN,NaN,NaN
534,"fxrrTf3QLTMt","4uiRO2AIUzf9","0gAiQNqd87nf",901,1133.0632630410655,944.0,1637,36.53749420255499,1148,1048,1116,1014,32.27177927509264,0.0424320349537515,123.25483399593904,1031.2541620421753,2025-12-09T09:58:00,21480000 milliseconds,5599.601411332659,0.3422739248980843,0.009939260077305357,0.00851063829787234,0.03697903686258004,0.03003217958360482,84.0,0.093,0.994,0.006000000000000005,0.5267350397194468,"terra",21480.0,5599.601411332659,0.26068907873988173
534,"fxrrTf3QLTMt","0gAiQNqd87nf","k2NcQFhlnGEw",901,1115.955604883463,917.0,1916,38.233350019422495,1134,1031,1100,994,30.629033720774313,-0.44006511220640654,121.39696961966999,1011.9489456159822,2025-12-10T03:01:00,61380000 milliseconds,6448.659496842836,0.13932504044167304,0.0,0.029016657710908115,0.045361419534943326,0.05223288781422485,113.0,0.125,0.988,0.01200000000000001,0.40293600550174935,"aqua",61380.0,6448.659496842836,0.10506124954126485
534,"fxrrTf3QLTMt","k2NcQFhlnGEw","jLeJ9Vp8cKWQ",887,1115.6358511837655,909.0,2006,37.79311155068868,1133,1031,1100,994,30.58664419905619,-0.4293145590209658,120.9116882454314,1012.2344983089064,2025-12-10T08:59:00,21480000 milliseconds,107.1747314279518,0.006551022703420037,0.015659955257270694,0.008762322015334063,0.011581190539239594,0.0013849237044678481,47.0,0.053,0.996,0.0040000000000000036,0.10093941421973224,"terra",21480.0,107.1747314279518,0.0049895126363106055
534,"fxrrTf3QLTMt","jLeJ9Vp8cKWQ","6KgmVSAipTVf",898,1117.9821826280624,910.0,1735,37.4299088227047,1136,1027,1101,991,31.14375791412205,-0.47519892818807763,120.81118318204308,1009.4075723830734,2025-12-11T09:38:00,88740000 milliseconds,918.449149267504,0.013748209703877015,0.012324929971988795,0.0010995052226498076,0.009656690895449545,0.018049897489552463,58.0,0.065,0.995,0.0050000000000000044,0.12487923328351763,"terra",88740.0,918.449149267504,0.010349888993323236
534,"fxrrTf3QLTMt","6KgmVSAipTVf","2gRueQaiCH1V",930,1117.063440860215,970.0,1341,37.618324908837415,1135,1024,1098,986,32.388226727383774,-0.6039845003223632,128.95331880577405,1004.7494623655914,2025-12-12T02:40:00,61320000 milliseconds,1186.9623880665417,0.025669601818048046,0.0350109409190372,0.06382978723404255,0.005021199747530613,0.039176135305198805,128.0,0.138,0.988,0.01200000000000001,0.3187076650238573,"aqua",61320.0,1186.9623880665417,0.01935685564361614
534,"fxrrTf3QLTMt","2gRueQaiCH1V","uf1lSEdeRep6",847,1120.2514757969304,927.0,1093,36.248474604925114,1139,1026,1104,987,32.16861833422536,-0.3635699338776711,132.12489168102783,1007.198347107438,2025-12-12T08:40:00,21600000 milliseconds,1005.0063195251429,0.06109460908967434,0.09341586944288126,0.04533473906167633,0.03708974296786953,0.006803566467625116,206.0,0.243,0.987,0.013000000000000012,0.49973852702972654,"terra",21600.0,1005.0063195251429,0.04652807034838624
535,"fzM8k6TBPw6S",NA,"7xbQX8Dr3Ex3",739,403.24763193504737,770.0,618,34.5774461840056,418,926,386,893,29.211369413161652,-0.6699399097781281,116.49747468305831,910.5304465493911,2025-12-11T03:40:00,NA,NA,NA,NA,NA,NA,NA,NA,NA,NA,NA,NA,"aqua",NaN,NaN,NaN
535,"fzM8k6TBPw6S","7xbQX8Dr3Ex3","ejjwDPDhiPgu",724,416.42127071823205,831.0,506,36.58981015091689,436,1146,397,1116,28.811517856540583,1.345096364434928,134.22539674441617,1132.767955801105,2025-12-12T08:40:00,104400000 milliseconds,55656.90392776728,0.7085538373999654,0.02050580997949419,0.07620237351655215,0.05655308552126381,0.013782546006801675,162.0,0.224,0.959,0.041000000000000036,1.140597652424077,"terra",104400.0,55656.90392776728,0.5331121065878092
536,"g1dNDCWkX1VN",NA,"pdpnBUWCvohr",2181,477.8317285648785,2604.0,629,90.78145389257642,534,1174,441,1132,36.165496951165906,1.3342872873197988,272.45079348883235,1157.43558000917,2025-12-09T09:58:00,NA,NA,NA,NA,NA,NA,NA,NA,NA,NA,NA,NA,"terra",NaN,NaN,NaN
536,"g1dNDCWkX1VN","pdpnBUWCvohr","h6FoTSI5rPxV",2217,447.9621109607578,2590.0,672,83.78963161753585,493,1148,412,1105,37.68971757588901,1.3477300899601183,283.21424945612296,1129.6544880469103,2025-12-10T03:01:00,61380000 milliseconds,10197.987321133312,0.2203302867264408,0.01637107776261937,0.005390835579514825,0.08010286760387436,0.041275910834021025,441.0,0.199,0.993,0.007000000000000006,0.5694709785064704,"aqua",61380.0,10197.987321133312,0.1661451176463557
537,"g1pkr9D9R9ud",NA,"3nyILYmBUIah",781,476.00384122919337,867.0,917,44.638542057136334,492,877,460,835,23.605782943275866,-0.5171985212226986,131.63961030678928,857.2778489116517,2025-12-09T04:00:00,NA,NA,NA,NA,NA,NA,NA,NA,NA,NA,NA,NA,"aqua",NaN,NaN,NaN
537,"g1pkr9D9R9ud","3nyILYmBUIah","P2spX5Fu5OO1",697,526.1520803443328,768.0,786,42.63916239440878,546,1058,504,1031,22.000280985822812,1.2651857988836328,123.43250352560274,1043.7690100430416,2025-12-10T03:01:00,82860000 milliseconds,48279.006220666975,0.7737640230894619,0.11366711772665765,0.12110091743119267,0.045816504347626894,0.07040738968173366,169.0,0.242,0.973,0.027000000000000024,1.3937559522766727,"aqua",82860.0,48279.006220666975,0.5826575696435793
537,"g1pkr9D9R9ud","P2spX5Fu5OO1","ixoeyFikpMIF",729,588.4307270233196,767.0,815,47.71887527884748,613,1189,566,1165,20.09206790363888,1.3183966673806855,123.39696961966999,1177.8737997256517,2025-12-11T03:40:00,88740000 milliseconds,36965.122453455326,0.553328679791263,0.04488078541374474,0.0013029315960912053,0.1124352191624048,0.09066793051606935,211.0,0.289,0.993,0.007000000000000006,1.098615546479573,"aqua",88740.0,36965.122453455326,0.4165553578257305
538,"gGWVCAvLXpac",NA,"GwmC55ZsLheq",1572,27.63167938931298,1822.0,20,62.16323149732042,56,1027,3,975,35.65520527887185,0.9446204178674017,200.30865786510142,1004.678117048346,2025-12-09T04:00:00,NA,NA,NA,NA,NA,NA,NA,NA,NA,NA,NA,NA,"aqua",NaN,NaN,NaN
538,"gGWVCAvLXpac","GwmC55ZsLheq","E7koVpSNCKTk",1430,17.0,1531.0,21,57.087005062305515,38,1025,1,970,34.189160522934266,0.41277330415041164,167.29646455628165,998.8454545454546,2025-12-10T08:59:00,104340000 milliseconds,3031.6307339221194,0.03861704011110272,0.09460359760159893,0.1735759021771548,0.08513570423781515,0.04198032981207686,413.0,0.289,0.97,0.030000000000000027,0.7529125739397484,"terra",104340.0,3031.6307339221194,0.029055307014779753
538,"gGWVCAvLXpac","E7koVpSNCKTk","9ykU7ttpo9F5",1414,16.519801980198018,1500.0,13,54.78119805724732,38,810,1,753,34.52205194416187,0.4276880998620946,170.7462120245875,785.502828854314,2025-12-11T03:40:00,67260000 milliseconds,53335.79152813823,1.0520917551659579,0.011251758087201125,0.02045529528208512,0.04122363532726078,0.00968958076200503,328.0,0.232,0.875,0.125,1.49171202462451,"aqua",67260.0,53335.79152813823,0.7929793566479071
539,"gNKNvgUWM8Uh",NA,"qo5iYme5u7mz",416,239.06971153846155,461.0,226,28.605307186392622,250,278,227,249,20.846745731093105,0.019315630939815146,94.87615433949868,261.3918269230769,2025-12-09T09:58:00,NA,NA,NA,NA,NA,NA,NA,NA,NA,NA,NA,NA,"terra",NaN,NaN,NaN
539,"gNKNvgUWM8Uh","qo5iYme5u7mz","saG2XVLkyqw4",391,348.04347826086956,451.0,552,27.44053894035229,361,252,338,225,20.499682616232736,-0.3137891198863656,93.8761543394987,238.3145780051151,2025-12-11T03:40:00,150120000 milliseconds,27847.622487489138,0.2467885722039094,0.061957868649318466,0.021929824561403508,0.04156483759407489,0.016788057819403675,103.0,0.263,0.986,0.014000000000000012,0.6660291608281099,"aqua",150120.0,27847.622487489138,0.1855024146515397
540,"gSRdfWpF8qbi",NA,"4dSx7SeVbCst",630,776.4079365079365,678.0,1404,32.669894876520345,791,306,759,279,26.472359254210655,-1.1802504054826761,113.1543289325507,292.43809523809523,2025-12-09T04:00:00,NA,NA,NA,NA,NA,NA,NA,NA,NA,NA,NA,NA,"aqua",NaN,NaN,NaN
540,"gSRdfWpF8qbi","4dSx7SeVbCst","UCBwCSY22oCK",730,708.6835616438356,740.0,996,35.49685938791734,723,310,693,279,26.598727094230327,-0.7595180215136843,105.25483399593904,294.6068493150685,2025-12-09T09:58:00,21480000 milliseconds,16939.77280872528,1.0354384357411541,0.14705882352941177,0.08744710860366714,0.08294261746511848,0.004762210413029689,142.0,0.195,0.983,0.017000000000000015,1.5696491957523813,"terra",21480.0,16939.77280872528,0.7886300190281788
540,"gSRdfWpF8qbi","UCBwCSY22oCK","8ovQFwnOu858",747,685.5876840696118,755.0,1041,36.2120261228331,701,263,670,232,26.524089409806457,-0.80658898587329,105.84062043356595,247.49933065595715,2025-12-10T03:01:00,61380000 milliseconds,13116.158629582764,0.2833781706726318,0.023019634394041977,0.020066889632107024,0.019946391017569107,0.00281000479024669,51.0,0.068,0.994,0.006000000000000005,0.4232210905065966,"aqua",61380.0,13116.158629582764,0.2136878238772037
540,"gSRdfWpF8qbi","8ovQFwnOu858","tkcH69IsCqKm",728,690.9903846153846,743.0,1219,35.07179716269905,706,276,675,247,26.8016264971387,-0.942316922488329,105.84062043356593,261.7637362637363,2025-12-10T08:59:00,21480000 milliseconds,3813.3190966870916,0.23308796434517676,0.02576271186440678,0.01602136181575434,0.03199124030053183,0.010409127476752546,80.0,0.11,1.0,0.0,0.42727240580262227,"terra",21480.0,3813.3190966870916,0.17752882200591674
540,"gSRdfWpF8qbi","tkcH69IsCqKm","AJLEgsaQS897",758,691.8047493403694,776.0,1069,35.511164877785895,707,265,676,234,27.520485438278648,-0.8448723994060073,109.08326112068522,249.13324538258576,2025-12-11T09:38:00,88740000 milliseconds,3164.1792952925243,0.04736440828220229,0.040376850605652756,0.043449637919684,0.012449681973812129,0.02646653141890317,70.0,0.092,0.995,0.0050000000000000044,0.26710711020025435,"terra",88740.0,3164.1792952925243,0.03565674211508366
540,"gSRdfWpF8qbi","AJLEgsaQS897","OVM27vVLeTpL",669,697.1165919282511,715.0,764,33.64094671943908,711,266,682,235,26.993252484901674,-0.6880690097774167,125.98275605729688,250.85500747384157,2025-12-12T02:40:00,61320000 milliseconds,1395.979413738763,0.030189866214073595,0.12473721093202522,0.0818242790073776,0.054089979760556336,0.019343122429797042,111.0,0.166,0.993,0.007000000000000006,0.48318445834382984,"aqua",61320.0,1395.979413738763,0.022765482937683677
541,"gYmvbGjncsbV",NA,"Oh8eZdvoZcwX",652,723.9325153374233,677.0,1303,30.617872814340267,738,792,711,761,28.141529652646444,-0.5226004490504383,102.9116882454314,775.0552147239264,2025-12-09T04:00:00,NA,NA,NA,NA,NA,NA,NA,NA,NA,NA,NA,NA,"aqua",NaN,NaN,NaN
541,"gYmvbGjncsbV","Oh8eZdvoZcwX","wncODY2QNCva",649,728.7057010785825,672.0,1292,30.435629254772937,743,788,715,757,28.211654379739265,-0.49394906409989736,103.25483399593904,770.9922958397534,2025-12-10T08:59:00,104340000 milliseconds,1567.0555984667287,0.019961220284908335,0.004611837048424289,0.007412898443291327,0.005969962521102473,0.0024887582945631345,39.0,0.06,0.995,0.0050000000000000044,0.10544467659228957,"terra",104340.0,1567.0555984667287,0.015018742557664642
541,"gYmvbGjncsbV","wncODY2QNCva","shYnOTa8EHt2",678,738.8657817109145,707.0,1149,30.977506592407806,753,784,725,753,28.79621491072178,-0.21716982375735266,106.42640687119285,766.8407079646017,2025-12-11T09:38:00,88740000 milliseconds,2743.8900344742533,0.04107312378525939,0.04370761115297664,0.050761421319796954,0.01764695224107318,0.020508064527166157,126.0,0.186,0.989,0.01100000000000001,0.37069717302627236,"terra",88740.0,2743.8900344742533,0.030920554817154083
542,"geYJauo3955D",NA,"lyvhReAR14Nm",551,397.7640653357532,565.0,798,39.257267223917374,415,990,382,961,18.444697348960723,0.8737508665161955,101.63961030678928,977.2649727767695,2025-12-09T04:00:00,NA,NA,NA,NA,NA,NA,NA,NA,NA,NA,NA,NA,"aqua",NaN,NaN,NaN
542,"geYJauo3955D","lyvhReAR14Nm","kMOzyIwPuz7d",484,412.86570247933884,504.0,546,36.873997424986435,429,997,398,971,17.145199319288956,0.9870731066347395,97.1543289325507,985.595041322314,2025-12-09T09:58:00,21480000 milliseconds,4311.6809830244665,0.2635501823364588,0.1294685990338164,0.11412535079513564,0.06260948927938913,0.07302623223579462,88.0,0.182,0.994,0.006000000000000005,0.8307798536805946,"terra",21480.0,4311.6809830244665,0.20073002714266605
542,"geYJauo3955D","kMOzyIwPuz7d","9emo53rddIGK",516,401.66279069767444,528.0,761,37.63788849987546,418,982,388,954,17.84149603883196,0.8601995221644576,96.91168824543142,969.4031007751938,2025-12-10T08:59:00,82860000 milliseconds,4922.424269790948,0.07889132574390492,0.064,0.046511627906976744,0.02050387170871866,0.03980351458837525,80.0,0.155,0.998,0.0020000000000000018,0.40671033994797556,"terra",82860.0,4922.424269790948,0.059406520272639964
542,"geYJauo3955D","9emo53rddIGK","frwvW5R3TUU2",570,404.76140350877193,587.0,623,37.99193476136391,421,973,390,943,19.481086704667288,0.7935553350412049,97.9827560572969,958.4245614035087,2025-12-11T03:40:00,67260000 milliseconds,2851.860446365858,0.056255260802167036,0.09944751381215469,0.10582959641255606,0.009362609780681567,0.08786051475073269,82.0,0.144,0.999,0.0010000000000000009,0.503755495558292,"aqua",67260.0,2851.860446365858,0.042400541872819775
543,"ggGmETq33nGW",NA,"A1BlTsYsPj2d",671,1129.96870342772,777.0,2034,47.06129370934506,1145,282,1117,238,19.594097309798286,0.3379290425171601,127.88225099390856,259.70193740685545,2025-12-10T08:59:00,NA,NA,NA,NA,NA,NA,NA,NA,NA,NA,NA,NA,"terra",NaN,NaN,NaN
543,"ggGmETq33nGW","A1BlTsYsPj2d","M3azxU8T3iGp",653,1041.6003062787136,731.0,1002,43.83641836853996,1053,184,1029,142,20.657020096569777,-0.26161867651554405,125.29646455628166,164.4854517611026,2025-12-12T08:40:00,171660000 milliseconds,32476.0996286234,0.2517624685346207,0.027190332326283987,0.0610079575596817,0.07095613887491224,0.052814572874606835,205.0,0.314,0.991,0.009000000000000008,0.7867314701701055,"terra",171660.0,32476.0996286234,0.18918851001178727
544,"gijadaQGnJV9",NA,"C28DyJ4Ta7M5",987,593.5906788247214,1026.0,1077,44.656374953929145,618,732,573,700,29.21259194680861,-1.4387429317059262,136.12489168102783,715.4913880445795,2025-12-09T04:00:00,NA,NA,NA,NA,NA,NA,NA,NA,NA,NA,NA,NA,"aqua",NaN,NaN,NaN
544,"gijadaQGnJV9","C28DyJ4Ta7M5","aI99QG8JB5EN",958,596.5814196242171,1016.0,1033,42.77003159378914,621,728,577,695,29.753899571005647,-1.3595595339364805,135.78174593052023,710.0741127348643,2025-12-10T08:59:00,104340000 milliseconds,1547.0011779047204,0.01970576623023655,0.02982005141388175,0.009794319294809012,0.04315271402835061,0.0183598382831884,109.0,0.114,0.995,0.0050000000000000044,0.23983268925046636,"terra",104340.0,1547.0011779047204,0.014826539945416143
544,"gijadaQGnJV9","aI99QG8JB5EN","gDpXuklD2ii7",973,611.1613566289825,1016.0,929,44.27961577606149,636,712,591,679,29.212897615559942,-1.3790943056869411,137.78174593052023,694.1829393627954,2025-12-11T09:38:00,88740000 milliseconds,5391.567224634684,0.08070604332961132,0.015535991714137753,0.0,0.034683292302346264,0.01834937562350634,87.0,0.089,0.994,0.006000000000000005,0.24427470296960166,"terra",88740.0,5391.567224634684,0.060756899083104395
545,"gn9TFXsnP6Pg",NA,"oLNaYlidGTdw",368,882.758152173913,407.0,1628,23.830757886297597,895,733,870,707,21.683316662259426,-1.049078638760536,87.49747468305833,718.929347826087,2025-12-09T04:00:00,NA,NA,NA,NA,NA,NA,NA,NA,NA,NA,NA,NA,"aqua",NaN,NaN,NaN
545,"gn9TFXsnP6Pg","oLNaYlidGTdw","XEOHx7fczfmZ",389,874.8637532133677,429.0,1439,24.318759896050324,887,728,862,703,22.41088074554136,-1.4368037332121855,91.49747468305833,714.4344473007712,2025-12-10T03:01:00,82860000 milliseconds,2271.090950412699,0.03639860486277264,0.05548216644649934,0.05263157894736842,0.020270276099489108,0.03300044568463871,103.0,0.265,0.986,0.014000000000000012,0.47678307204076825,"aqua",82860.0,2271.090950412699,0.027408773236938196
545,"gn9TFXsnP6Pg","XEOHx7fczfmZ","A72ACBuQ1sHM",389,874.9460154241646,427.0,1564,24.721568774822778,888,728,862,703,22.18002315787832,-1.2133071400388622,92.7401153701776,714.0951156812339,2025-12-10T08:59:00,21480000 milliseconds,87.29011232058028,0.005335581437688281,0.0,0.004672897196261682,0.016427658202531482,0.010354469968272344,76.0,0.195,0.999,0.0010000000000000009,0.2327906068047538,"terra",21480.0,87.29011232058028,0.004063785489784929
545,"gn9TFXsnP6Pg","A72ACBuQ1sHM","JCCjyeLnl3px",373,865.0428954423593,411.0,864,24.051667062005837,877,545,853,520,21.40151491185414,0.33158842466476063,86.08326112068522,531.7882037533512,2025-12-12T08:40:00,171660000 milliseconds,45643.92205024043,0.35384256793085334,0.04199475065616798,0.03818615751789976,0.02747005407056051,0.035726515423963795,77.0,0.206,0.975,0.025000000000000022,0.7282200455994454,"terra",171660.0,45643.92205024043,0.2658972506713295
546,"gsIXFj0UcmKP",NA,"54GEgXVjFX6G",321,636.2211838006231,346.0,1156,26.935062950327527,649,855,623,837,16.503458068419537,1.41459917806286,82.76955262170047,844.6760124610591,2025-12-09T04:00:00,NA,NA,NA,NA,NA,NA,NA,NA,NA,NA,NA,NA,"aqua",NaN,NaN,NaN
546,"gsIXFj0UcmKP","54GEgXVjFX6G","0pzm6VlNHAIr",313,624.5239616613419,331.0,936,23.784820749152995,635,795,614,775,17.402012131095347,0.9044707980516087,80.66904755831213,785.2268370607029,2025-12-10T03:01:00,82860000 milliseconds,15147.255241375438,0.24276392725980347,0.025236593059936908,0.04431314623338257,0.12422119182449139,0.05300348630402812,95.0,0.304,0.968,0.03200000000000003,0.8255383446816424,"aqua",82860.0,15147.255241375438,0.18280539755461547
546,"gsIXFj0UcmKP","0pzm6VlNHAIr","7acMbt2KVlDl",301,736.6644518272425,318.0,1148,23.21378049083945,750,750,725,731,17.482476657004128,-1.3105366767332542,74.42640687119285,741.8305647840532,2025-12-11T09:38:00,110220000 milliseconds,30061.11065620909,0.3625533456697713,0.03908794788273615,0.040061633281972264,0.024300308658021522,0.004613197940067298,59.0,0.196,0.991,0.009000000000000008,0.6756164334325686,"terra",110220.0,30061.11065620909,0.27273734944845845
547,"gtOcmEd8wRZl",NA,"aaiAxmqAheV2",348,1133.5086206896551,367.0,2071,23.604629264695365,1144,343,1122,322,19.681013333604646,-0.9205851419110591,77.59797974644665,333.4568965517241,2025-12-09T04:00:00,NA,NA,NA,NA,NA,NA,NA,NA,NA,NA,NA,NA,"aqua",NaN,NaN,NaN
547,"gtOcmEd8wRZl","aaiAxmqAheV2","ccJNSEYRynak",314,1121.0987261146497,323.0,1936,20.683474207520803,1131,319,1111,300,19.58627964219491,1.333907697325624,67.94112549695429,309.5222929936306,2025-12-10T03:01:00,82860000 milliseconds,6740.135063770298,0.10802364073676253,0.1027190332326284,0.12753623188405797,0.13191601482809617,0.004825068612095094,74.0,0.236,0.968,0.03200000000000003,0.7430199892936402,"aqua",82860.0,6740.135063770298,0.08134365271265144
547,"gtOcmEd8wRZl","ccJNSEYRynak","vyLcAjErjzfO",328,1127.9847560975609,349.0,2036,21.38147530386188,1138,334,1118,312,20.223207255249164,0.1527546509185202,78.42640687119285,323.7134146341463,2025-12-10T08:59:00,21480000 milliseconds,3943.39116704666,0.24103857989282762,0.04361370716510903,0.07738095238095238,0.03318682677378227,0.031998785349587,71.0,0.216,0.968,0.03200000000000003,0.6752188515622584,"terra",21480.0,3943.39116704666,0.18358431876381098
547,"gtOcmEd8wRZl","vyLcAjErjzfO","rmHU31eAPUTD",314,1099.06050955414,324.0,1064,21.069804687238044,1109,505,1087,483,20.108530462598438,-1.2517937678581652,70.42640687119285,493.859872611465,2025-12-12T08:40:00,171660000 milliseconds,43146.86344360102,0.33448477416644845,0.04361370716510903,0.07429420505200594,0.014683685235836415,0.005686677497160249,101.0,0.322,0.967,0.03300000000000003,0.8277630491165602,"terra",171660.0,43146.86344360102,0.2513507132913959
548,"h0fKDYGbIXUL",NA,"tBpGjDlKmBSo",337,662.7240356083086,372.0,1172,28.793331355200763,672,889,654,862,15.821015414627302,0.20544194443566227,83.49747468305833,875.1661721068249,2025-12-10T08:59:00,NA,NA,NA,NA,NA,NA,NA,NA,NA,NA,NA,NA,"terra",NaN,NaN,NaN
548,"h0fKDYGbIXUL","tBpGjDlKmBSo","bKdLalBA0HiL",324,664.533950617284,349.0,1034,28.0678307932091,673,886,656,859,15.204372571227957,0.1785073459568491,79.59797974644665,871.8981481481482,2025-12-11T09:38:00,88740000 milliseconds,933.9356553786095,0.013980026276156118,0.039334341906202726,0.0638002773925104,0.02551831635442404,0.039750854602074816,54.0,0.167,0.993,0.007000000000000006,0.3563838165313681,"terra",88740.0,933.9356553786095,0.010524404500547774
549,"hG3SzbEirdYv",NA,"Sv05jygkuL1l",1186,1033.6222596964587,1329.0,1515,52.12955197563863,1052,156,1017,104,30.54219707305091,-0.3735099717092641,166.61017305526642,129.3929173693086,2025-12-09T09:58:00,NA,NA,NA,NA,NA,NA,NA,NA,NA,NA,NA,NA,"terra",NaN,NaN,NaN
549,"hG3SzbEirdYv","Sv05jygkuL1l","IEf8EJnV0TwC",1113,936.5893980233603,1181.0,1149,51.09695047560049,963,234,914,202,28.885657839750422,1.4253676004895381,150.71067811865476,219.16981132075472,2025-12-11T03:40:00,150120000 milliseconds,33048.51257246672,0.2928794095397618,0.06350587211831231,0.11792828685258964,0.020006519169355915,0.05574958866447842,287.0,0.258,0.964,0.03600000000000003,0.8440696763444981,"aqua",150120.0,33048.51257246672,0.2201472993103299
549,"hG3SzbEirdYv","IEf8EJnV0TwC","HzMWXg0NmceS",1179,1079.1085665818491,1252.0,1022,54.28352350916798,1103,176,1052,143,28.74424279694602,-1.3639752431277032,148.46803743153546,161.52756573367262,2025-12-12T08:40:00,104400000 milliseconds,38433.66190831648,0.48928913950752995,0.05759162303664921,0.058364159473900536,0.06047748530772549,0.00490769691573462,185.0,0.157,0.993,0.007000000000000006,0.8346301042415398,"terra",104400.0,38433.66190831648,0.3681385240260199
550,"hHCfPqfWSNS3",NA,"pJ5OT5yuC6Hr",815,99.31901840490798,904.0,133,46.775603101608155,123,908,76,878,23.091761387964443,1.1461376969078794,138.7462120245875,891.758282208589,2025-12-11T09:38:00,NA,NA,NA,NA,NA,NA,NA,NA,NA,NA,NA,NA,"terra",NaN,NaN,NaN
550,"hHCfPqfWSNS3","pJ5OT5yuC6Hr","UmWBdXqQocvO",859,109.23050058207218,962.0,68,49.06311216798446,130,1051,92,1011,23.736916949778866,0.673309900220638,136.98275605729688,1030.2037252619325,2025-12-12T08:40:00,82920000 milliseconds,34699.94432739124,0.5557326125463043,0.052568697729988054,0.06216505894962487,0.047736638788230396,0.027553865909319773,209.0,0.243,0.997,0.0030000000000000027,0.9917568739234675,"terra",82920.0,34699.94432739124,0.41847496776882825
551,"hPztap5RO5TR",NA,"hnuJdlDAp2Mf",411,245.29683698296836,427.0,498,26.356935575091413,256,165,234,141,20.446086816075262,0.42372178214225276,87.25483399593904,153.93917274939173,2025-12-09T04:00:00,NA,NA,NA,NA,NA,NA,NA,NA,NA,NA,NA,NA,"aqua",NaN,NaN,NaN
551,"hPztap5RO5TR","hnuJdlDAp2Mf","Twz0gmRMNWFm",380,305.55,403.0,337,26.715423590229747,318,115,294,92,19.618611309356627,-0.9151710881446683,98.22539674441619,102.89473684210526,2025-12-09T09:58:00,21480000 milliseconds,19742.05234178122,1.2067269157567981,0.07838179519595449,0.05783132530120482,0.013509405678448896,0.041306963258678726,114.0,0.3,0.996,0.0040000000000000036,1.701756405191085,"terra",21480.0,19742.05234178122,0.9190899600456806
551,"hPztap5RO5TR","Twz0gmRMNWFm","aTqx0RLvylRG",418,281.23444976076553,422.0,531,26.134277962102512,294,95,270,71,20.706031073394932,-0.8486322338705446,79.01219330881976,82.69138755980862,2025-12-10T08:59:00,82860000 milliseconds,7903.406329153321,0.1266673023343749,0.09523809523809523,0.04606060606060606,0.021992390157654123,0.053933262629673684,65.0,0.156,0.993,0.007000000000000006,0.506891656420404,"terra",82860.0,7903.406329153321,0.09538264939842289
551,"hPztap5RO5TR","aTqx0RLvylRG","EkVI4UnRrNo3",442,231.65837104072398,463.0,345,27.305567254715772,244,129,221,102,21.284846290490545,-0.002601562389977873,86.46194077712558,115.99321266968326,2025-12-11T09:38:00,88740000 milliseconds,14930.671319687108,0.2234963149418024,0.05581395348837209,0.09265536723163842,0.04383580408442643,0.027568617444198817,92.0,0.208,0.979,0.02100000000000002,0.6723700571904382,"terra",88740.0,14930.671319687108,0.16825187423582497
552,"hTststo5cokg",NA,"0AsI4E31zxIs",1001,606.9000999000999,1049.0,1055,43.8064815637804,622,574,590,531,30.122995820321144,-0.06693354409320368,130.46803743153546,553.1848151848152,2025-12-10T08:59:00,NA,NA,NA,NA,NA,NA,NA,NA,NA,NA,NA,NA,"terra",NaN,NaN,NaN
552,"hTststo5cokg","0AsI4E31zxIs","V2PYoL3vo6Qr",1008,621.0892857142857,1049.0,951,43.57638740391707,636,559,604,516,30.5051614057091,-0.052560358809854955,130.22539674441617,538.0505952380952,2025-12-11T09:38:00,88740000 milliseconds,5186.386069950273,0.07763469904872798,0.006968641114982578,0.0,0.00526634482437038,0.012606867926504473,81.0,0.08,0.999,0.0010000000000000009,0.18347655291458542,"terra",88740.0,5186.386069950273,0.058444738223464875
553,"hUDU11DJV0d8",NA,"B4FnVahuKAh1",541,543.4029574861368,568.0,847,34.46077760691508,560,948,527,924,20.571109059517735,1.2761433824791122,101.98275605729688,936.8521256931608,2025-12-11T09:38:00,NA,NA,NA,NA,NA,NA,NA,NA,NA,NA,NA,NA,"terra",NaN,NaN,NaN
553,"hUDU11DJV0d8","B4FnVahuKAh1","tyzqeXeI68ll",508,558.2145669291339,551.0,644,29.997606220764833,573,919,544,895,22.575020753031723,-1.4655127726794248,106.8111831820431,907.6496062992126,2025-12-12T08:40:00,82920000 milliseconds,8186.005257624918,0.13110194198630554,0.06291706387035272,0.03038427167113494,0.13848226161182958,0.09288952229180618,144.0,0.283,0.986,0.014000000000000012,0.752775061431429,"terra",82920.0,8186.005257624918,0.09872172283676939
554,"hf7Y5Kal5GqB",NA,"mlMyCUsmz35k",337,1086.7448071216618,339.0,1868,27.95748732563624,1098,181,1076,157,15.470655192018443,0.674889325193289,74.08326112068524,169.26706231454006,2025-12-10T03:01:00,NA,NA,NA,NA,NA,NA,NA,NA,NA,NA,NA,NA,"aqua",NaN,NaN,NaN
554,"hf7Y5Kal5GqB","mlMyCUsmz35k","JN2IBnwgYGgI",341,1163.2052785923754,347.0,1429,28.638955186251625,1172,84,1154,57,15.358542372304639,-0.47890692286762393,73.59797974644667,70.5982404692082,2025-12-12T02:40:00,171540000 milliseconds,31206.71011764702,0.24209076542916894,0.011799410029498525,0.023323615160349854,0.024081650024990353,0.007273158471276339,44.0,0.129,0.991,0.009000000000000008,0.446568599115284,"aqua",171540.0,31206.71011764702,0.18192089377198917
554,"hf7Y5Kal5GqB","JN2IBnwgYGgI","fSatPEBl6fCU",330,1164.1454545454546,335.0,1150,28.76106054844155,1173,97,1155,70,14.852736570758863,-0.5065667534516438,74.18376618407356,83.72424242424242,2025-12-12T08:40:00,21600000 milliseconds,3289.9074658938966,0.1999943748263767,0.03278688524590164,0.03519061583577713,0.004254541070312703,0.03348456730342486,21.0,0.064,0.992,0.008000000000000007,0.37771098428179306,"terra",21600.0,3289.9074658938966,0.15231053082842114
555,"hg7x6aXFnVzb",NA,"da7BK315fsUs",478,873.4602510460251,487.0,1605,26.40881066873584,885,903,859,878,23.822540337232706,-1.2444685091258352,85.84062043356593,890.31589958159,2025-12-09T04:00:00,NA,NA,NA,NA,NA,NA,NA,NA,NA,NA,NA,NA,"aqua",NaN,NaN,NaN
555,"hg7x6aXFnVzb","da7BK315fsUs","Jf1febhAZ492",427,889.1990632318501,434.0,1306,24.902031358480023,900,900,877,876,22.523367215700624,-0.7482148198992465,81.01219330881975,889.6604215456674,2025-12-09T09:58:00,21480000 milliseconds,3938.1139241730625,0.24071601003502827,0.112707182320442,0.11509229098805646,0.05873142013364748,0.05606420027693921,74.0,0.173,0.987,0.013000000000000012,0.7693111037541134,"terra",21480.0,3938.1139241730625,0.18333863706578504
555,"hg7x6aXFnVzb","Jf1febhAZ492","1wT0BIfSCjoN",431,877.7958236658933,436.0,1442,26.726873526544072,889,920,864,900,20.948572759453235,-1.553901725385076,79.11269837220809,909.4733178654292,2025-12-10T03:01:00,61380000 milliseconds,5715.028068480025,0.12347473411429241,0.009324009324009324,0.004597701149425287,0.07069071761750177,0.07245107796649765,73.0,0.169,0.998,0.0020000000000000018,0.4515382401717264,"aqua",61380.0,5715.028068480025,0.09310896168914996
555,"hg7x6aXFnVzb","1wT0BIfSCjoN","FGghZNzaKZ3D",434,879.831797235023,437.0,1386,26.08798360601676,891,929,866,907,21.81982070356689,1.4268784038659206,80.52691193458118,917.1405529953917,2025-12-11T09:38:00,110220000 milliseconds,1983.2372984643946,0.02391892056279798,0.006936416184971098,0.002290950744558992,0.024193568068308968,0.040742607966651044,117.0,0.27,0.993,0.007000000000000006,0.37508246352728813,"terra",110220.0,1983.2372984643946,0.01799344309984027
555,"hg7x6aXFnVzb","FGghZNzaKZ3D","9gIxDPIikXQG",427,887.3302107728338,432.0,967,25.66979896495082,898,935,874,914,21.70085287980517,-1.4418369642017315,79.94112549695429,924.5667447306791,2025-12-12T02:40:00,61320000 milliseconds,2638.3532893795173,0.05705781335163316,0.016260162601626018,0.011507479861910242,0.01615929509702411,0.005467186693873947,113.0,0.265,0.992,0.008000000000000007,0.3794519376060675,"aqua",61320.0,2638.3532893795173,0.04302598319275142
556,"hoZNjvU3jTfy",NA,"UcsLg5esQDlp",401,739.9376558603491,418.0,1337,25.766745550357353,752,1166,729,1140,20.39394722596522,0.3948188165813206,81.63351365237939,1153.356608478803,2025-12-09T04:00:00,NA,NA,NA,NA,NA,NA,NA,NA,NA,NA,NA,NA,"aqua",NaN,NaN,NaN
556,"hoZNjvU3jTfy","UcsLg5esQDlp","wDuDJAfJTrBE",379,757.2269129287599,391.0,1078,26.01759590993276,766,1175,747,1148,19.023121247080628,0.1612984786026733,79.35533905932738,1161.9894459102902,2025-12-09T09:58:00,21480000 milliseconds,4831.176694761328,0.29530419894629145,0.05641025641025641,0.06674907292954264,0.009688270720513682,0.06955494317503547,75.0,0.198,0.99,0.010000000000000009,0.7057067421816396,"terra",21480.0,4831.176694761328,0.22491511614345103
556,"hoZNjvU3jTfy","wDuDJAfJTrBE","w8gxUKkHcj8Z",410,722.8,439.0,1116,28.543381072752698,737,1154,712,1129,20.107105569365803,0.7319461461638103,87.84062043356595,1143.1414634146342,2025-12-10T03:01:00,61380000 milliseconds,9812.169669474786,0.21199459154099137,0.07858048162230671,0.11566265060240964,0.09258577476064916,0.05540393759381824,111.0,0.271,0.979,0.02100000000000002,0.8462274361201753,"aqua",61380.0,9812.169669474786,0.1598593950712738
556,"hoZNjvU3jTfy","w8gxUKkHcj8Z","kqKi4SLwixBD",447,739.9977628635347,481.0,1313,28.850542905933107,755,1158,728,1133,21.896006312795965,0.7759597902026556,89.84062043356595,1147.9552572706934,2025-12-10T08:59:00,21480000 milliseconds,4464.692450207298,0.2729029615041136,0.08634772462077013,0.09130434782608696,0.01070363592126855,0.08517943853535705,85.0,0.19,0.993,0.007000000000000006,0.7434381084075963,"terra",21480.0,4464.692450207298,0.20785346602454832
556,"hoZNjvU3jTfy","kqKi4SLwixBD","qFygyOXyjhLF",463,590.9460043196544,512.0,670,28.382937416547147,606,1047,579,1020,23.313570899245025,-0.8822176154702321,103.25483399593905,1033.682505399568,2025-12-12T08:40:00,171660000 milliseconds,46953.892640295926,0.36399777231905056,0.035164835164835165,0.06243705941591138,0.016340277989430364,0.06271080925178439,123.0,0.266,0.958,0.04200000000000004,0.8486507541410119,"terra",171660.0,46953.892640295926,0.2735284436694392
557,"hxllO3sKPgAI",NA,"X1jqaWyv3g3X",956,837.0470711297071,1089.0,1520,40.557952187621964,857,1085,817,1046,32.129822537047296,0.5181681773368138,143.3319984622144,1065.7834728033472,2025-12-09T04:00:00,NA,NA,NA,NA,NA,NA,NA,NA,NA,NA,NA,NA,"aqua",NaN,NaN,NaN
557,"hxllO3sKPgAI","X1jqaWyv3g3X","8crL6PKOiCi9",1098,682.9635701275046,1211.0,946,45.159689140657136,704,1061,663,1016,34.252846177043324,-0.3740041339763566,178.23759005323595,1036.235883424408,2025-12-09T09:58:00,21480000 milliseconds,39222.74955239796,2.3974785789974304,0.1382667964946446,0.10608695652173913,0.10736965884097449,0.06396319042670207,304.0,0.277,0.976,0.02400000000000002,3.114165181281491,"terra",21480.0,39222.74955239796,1.8260125489943184
557,"hxllO3sKPgAI","8crL6PKOiCi9","oxwmy8d87LyZ",1173,504.3512361466326,1243.0,784,45.267996272476466,528,1200,484,1164,34.414694517879454,1.0581306151510872,151.39696961967,1183.9616368286445,2025-12-11T09:38:00,171600000 milliseconds,57946.77734187631,0.44937400032474845,0.06605019815059446,0.026079869600651995,0.002395441867709247,0.004713969342667806,256.0,0.218,0.991,0.009000000000000008,0.7756134792863719,"terra",171600.0,57946.77734187631,0.33768518264496683
557,"hxllO3sKPgAI","oxwmy8d87LyZ","WSkanwU17V7x",1112,695.5548561151079,1240.0,723,49.60488637105683,713,1068,674,1017,31.909904878219916,0.41278490085449226,162.68124086713192,1042.7544964028777,2025-12-12T08:40:00,82920000 milliseconds,59423.41752009017,0.9516883010904895,0.053391684901531726,0.0024164317358034634,0.091425283552844,0.07553124066986368,287.0,0.258,0.988,0.01200000000000001,1.4444529419505323,"terra",82920.0,59423.41752009017,0.7166355224323464
558,"hyv1gn2LkcXN",NA,"MeGbKO0O9Nfz",384,158.609375,412.0,298,28.32465147580449,173,814,144,792,18.35817835527824,-1.1487738340458071,85.49747468305833,802.25,2025-12-09T04:00:00,NA,NA,NA,NA,NA,NA,NA,NA,NA,NA,NA,NA,"aqua",NaN,NaN,NaN
558,"hyv1gn2LkcXN","MeGbKO0O9Nfz","7dQ3mP0jUT5t",380,157.94736842105263,416.0,256,29.94201140384584,172,801,143,780,17.12638526384185,-1.1861116691565465,88.70458146424488,789.7368421052631,2025-12-10T03:01:00,82860000 milliseconds,3132.6643333708917,0.05020697705538732,0.010471204188481676,0.00966183574879227,0.055515790611932,0.069426982654095,49.0,0.129,0.998,0.0020000000000000018,0.3262827902586882,"aqua",82860.0,3132.6643333708917,0.037806714136747424
558,"hyv1gn2LkcXN","7dQ3mP0jUT5t","IAO0VpYtOF9g",369,12.154471544715447,386.0,4,29.920971632551158,26,692,1,670,16.03711436797896,0.971730346778336,80.18376618407356,681.319783197832,2025-12-12T02:40:00,171540000 milliseconds,45421.51709386456,0.3523642767453905,0.029372496662216287,0.07481296758104738,0.0007029309341931456,0.06569094986692675,80.0,0.217,0.989,0.01100000000000001,0.750943621789774,"aqua",171540.0,45421.51709386456,0.26478673833429267
559,"i5YKGpMjaKfK",NA,"55RrvsVvGeIG",568,761.5404929577464,603.0,1372,37.71489173446488,778,614,744,590,19.98971428570968,1.0739209522751705,105.74011537017762,601.5035211267606,2025-12-09T04:00:00,NA,NA,NA,NA,NA,NA,NA,NA,NA,NA,NA,NA,"aqua",NaN,NaN,NaN
559,"i5YKGpMjaKfK","55RrvsVvGeIG","UzWYPhiMfOvm",595,827.8470588235294,646.0,1166,40.67572044287789,846,619,805,598,20.37450359580727,1.5592299331029145,113.1543289325507,607.7697478991597,2025-12-09T09:58:00,21480000 milliseconds,16650.499757658457,1.0177567089033286,0.046431642304385214,0.0688550840672538,0.07554039000779175,0.01906586230542501,192.0,0.323,0.974,0.026000000000000023,1.5766496875881841,"terra",21480.0,16650.499757658457,0.7751629309896861
559,"i5YKGpMjaKfK","UzWYPhiMfOvm","NyqpskrxKwj1",628,825.3359872611464,692.0,1309,41.23329815660372,844,588,803,565,21.80236631664197,1.3499862713200868,118.22539674441619,575.5509554140127,2025-12-10T03:01:00,61380000 milliseconds,8079.124602920993,0.17455168203350963,0.05396565821749796,0.0687593423019432,0.013614562187645672,0.06770833036205189,82.0,0.131,0.987,0.013000000000000012,0.5225995751026484,"aqua",61380.0,8079.124602920993,0.1316247084216519
559,"i5YKGpMjaKfK","NyqpskrxKwj1","tb8PlaZH4W7t",637,818.8147566718995,694.0,1437,40.77888495030175,837,593,796,570,21.988064876891876,1.3835756863337458,115.15432893255071,580.4850863422292,2025-12-10T08:59:00,21480000 milliseconds,2044.3840211496508,0.12496234848103001,0.014229249011857707,0.002886002886002886,0.0110816024909282,0.008481239174339428,56.0,0.088,0.997,0.0030000000000000027,0.25264044204415825,"terra",21480.0,2044.3840211496508,0.0951761648579912
559,"i5YKGpMjaKfK","tb8PlaZH4W7t","AI4RMp8KiFyT",639,835.5946791862285,694.0,1283,41.24512495494964,854,591,814,566,21.659755551500318,1.2604067821854519,116.56854249492379,577.9733959311424,2025-12-11T09:38:00,88740000 milliseconds,4241.715368721938,0.06349398052124748,0.003134796238244514,0.0,0.011368378726825366,0.015043561037838134,47.0,0.074,0.997,0.0030000000000000027,0.17004071652415548,"terra",88740.0,4241.715368721938,0.04779936182918569
559,"i5YKGpMjaKfK","AI4RMp8KiFyT","x6GwRcr9Hiih",562,823.7366548042704,586.0,816,35.32181013327343,843,625,807,604,20.919163586997083,-1.4302929722416968,106.49747468305833,615.2419928825623,2025-12-12T08:40:00,82920000 milliseconds,9777.4007952347,0.15658873791215086,0.12822647793505412,0.16875,0.15472252650184207,0.03478679024680241,166.0,0.295,0.952,0.04800000000000004,0.9860745325958495,"terra",82920.0,9777.4007952347,0.11791366130287868
560,"iMTJzSCbhwor",NA,"io0OFBWcyTGM",6144,640.2770182291666,6811.0,1071,132.48385483032274,699,846,568,774,62.53690774296909,1.5248078221269687,414.09040379562157,808.0735677083334,2025-12-09T04:00:00,NA,NA,NA,NA,NA,NA,NA,NA,NA,NA,NA,NA,"aqua",NaN,NaN,NaN
560,"iMTJzSCbhwor","io0OFBWcyTGM","yBVV3O0dJ5UB",6077,645.7324337666612,6554.0,1026,131.9347761785557,705,840,574,770,61.72566659279149,1.522509394357749,386.1553749530772,803.3679447095607,2025-12-10T08:59:00,104340000 milliseconds,1801.1185152099863,0.022942723587159878,0.010964732836920055,0.038458660680882904,0.004153101085744678,0.01305688626706875,255.0,0.042,0.978,0.02200000000000002,0.15357610445777628,"terra",104340.0,1801.1185152099863,0.017262013755127335
560,"iMTJzSCbhwor","yBVV3O0dJ5UB","YLvAf7rkj77n",6307,650.7994292056445,6870.0,909,137.18106848382803,712,830,579,764,61.64663391893638,1.451099870079923,414.0904037956216,795.8474710638973,2025-12-11T09:38:00,88740000 milliseconds,2267.046076861303,0.03393527545634762,0.03714470284237726,0.04707985697258641,0.03898910011674721,0.0012812061301815027,667.0,0.106,0.992,0.008000000000000007,0.27243014151824,"terra",88740.0,2267.046076861303,0.025547059689669856
561,"iW88P7LZsSkq",NA,"Skx0U5DkqyCk",990,912.2171717171717,1008.0,1664,44.56060807398151,926,1089,895,1045,29.66137286500742,-0.26825409564214037,129.39696961967,1067.3636363636363,2025-12-09T04:00:00,NA,NA,NA,NA,NA,NA,NA,NA,NA,NA,NA,NA,"aqua",NaN,NaN,NaN
561,"iW88P7LZsSkq","Skx0U5DkqyCk","v2TE7NjQSaaP",961,930.1342351716961,1002.0,1364,45.24955681899917,944,1098,913,1052,28.488295861011036,-0.0661111925442314,131.88225099390854,1075.3673257023934,2025-12-09T09:58:00,21480000 milliseconds,4905.865149649881,0.2998695079248093,0.02972834443874936,0.005970149253731343,0.015342333372589119,0.04034681640315182,85.0,0.088,0.998,0.0020000000000000018,0.48125715139303094,"terra",21480.0,4905.865149649881,0.228392232292825
561,"iW88P7LZsSkq","v2TE7NjQSaaP","eewPXCvNjvyH",973,909.2127440904419,986.0,1497,44.316291852974054,925,1089,893,1046,29.264973146942964,-0.3948295121450246,126.8111831820431,1066.6372045220967,2025-12-10T03:01:00,61380000 milliseconds,5667.471906004829,0.1224472703036584,0.012409513960703205,0.01609657947686117,0.020839750415208184,0.026896392161799922,88.0,0.09,0.995,0.0050000000000000044,0.2936895063182309,"aqua",61380.0,5667.471906004829,0.09233417898346089
561,"iW88P7LZsSkq","eewPXCvNjvyH","Dy180u6cswRx",1021,900.6581782566111,1089.0,1127,45.46948725316659,923,1200,880,1161,29.491569511193315,0.8399328672081476,144.0893577750951,1180.5837414299706,2025-12-11T03:40:00,88740000 milliseconds,28566.800956161085,0.42761471381125793,0.048144433299899696,0.09927710843373494,0.02568770715525634,0.007713059822759113,182.0,0.178,0.972,0.028000000000000025,0.8144370225229081,"aqua",88740.0,28566.800956161085,0.3219157195871206
561,"iW88P7LZsSkq","Dy180u6cswRx","jASP94JlMJvZ",970,759.0,1049.0,814,46.687221781951344,780,1200,737,1171,27.913396044732725,1.2845286008581258,148.12489168102786,1184.978350515464,2025-12-12T02:40:00,82800000 milliseconds,35431.58200673175,0.5682691580871171,0.051230537418382724,0.037418147801683815,0.026427474277986942,0.054983865983616896,259.0,0.267,0.988,0.01200000000000001,1.0173291835687874,"aqua",82800.0,35431.58200673175,0.4279176570861322
562,"iatPaVmdhTWQ",NA,"tUipEOzpcaj2",348,150.1494252873563,377.0,286,22.991257040274583,161,1003,139,982,20.94677238724371,1.1494808073548644,81.6335136523794,991.5545977011494,2025-12-09T04:00:00,NA,NA,NA,NA,NA,NA,NA,NA,NA,NA,NA,NA,"aqua",NaN,NaN,NaN
562,"iatPaVmdhTWQ","tUipEOzpcaj2","FAVBJlRWKhfK",339,185.10324483775813,356.0,173,22.99625771863818,195,1001,175,979,19.410953986179305,-0.06656204557930112,73.94112549695429,989.5368731563422,2025-12-09T09:58:00,21480000 milliseconds,8753.002033233975,0.535024574158556,0.026200873362445413,0.0572987721691678,0.0002174798264186701,0.07611025392529518,134.0,0.395,0.976,0.02400000000000002,1.113851953441883,"terra",21480.0,8753.002033233975,0.4074954391635929
562,"iatPaVmdhTWQ","FAVBJlRWKhfK","5GFWipny8iTb",340,278.29117647058825,362.0,447,25.89585020496652,290,1021,264,1002,17.445490814946783,-1.4679879746383053,81.01219330881976,1011.4294117647058,2025-12-11T03:40:00,150120000 milliseconds,23931.24768049573,0.212081244952993,0.0029455081001472753,0.016713091922005572,0.11861188275453521,0.10665506029341548,89.0,0.262,0.977,0.02300000000000002,0.7420067880230965,"aqua",150120.0,23931.24768049573,0.15941411990737897
563,"iyMy5iuz2SEr",NA,"8v3rnIchL900",372,752.6129032258065,382.0,1357,29.220745952382302,767,1009,738,990,16.966437334094227,-1.353109290822815,80.08326112068522,998.3682795698925,2025-12-09T04:00:00,NA,NA,NA,NA,NA,NA,NA,NA,NA,NA,NA,NA,"aqua",NaN,NaN,NaN
563,"iyMy5iuz2SEr","8v3rnIchL900","5ZedgUVvOwv1",356,750.938202247191,364.0,986,28.754659271571295,765,1004,736,987,16.19086762937512,-1.3833449736327645,78.66904755831214,995.1179775280899,2025-12-11T03:40:00,171600000 milliseconds,914.0940436684222,0.007088747915226228,0.04395604395604396,0.04825737265415549,0.016078772679916836,0.04678122697689583,48.0,0.135,0.999,0.0010000000000000009,0.29816216418223834,"aqua",171600.0,914.0940436684222,0.005326888366366096
563,"iyMy5iuz2SEr","5ZedgUVvOwv1","kGok5V9wTYa8",360,744.2333333333333,372.0,1157,28.858820689434207,759,999,730,982,16.766620993098016,-1.4188745291761093,79.01219330881975,989.5833333333334,2025-12-11T09:38:00,21480000 milliseconds,2173.527569335266,0.13285620839457615,0.0111731843575419,0.021739130434782608,0.0036158696865181998,0.03493915269565168,46.0,0.128,0.992,0.008000000000000007,0.3403235455690705,"terra",21480.0,2173.527569335266,0.10118843432659524
564,"j03rcAjqUUXr",NA,"aPCMtpL81RXj",1593,538.3829252981795,1661.0,987,65.0181561486861,563,872,508,819,31.89573674356199,-0.7686200623750004,179.99494936611666,846.008160703076,2025-12-09T04:00:00,NA,NA,NA,NA,NA,NA,NA,NA,NA,NA,NA,NA,"aqua",NaN,NaN,NaN
564,"j03rcAjqUUXr","aPCMtpL81RXj","o2aWrYtNtFfi",1476,551.0819783197832,1535.0,755,62.40851480774831,575,880,523,830,30.838170188900726,-0.7375724318360777,176.2020561473032,856.8468834688347,2025-12-09T09:58:00,21480000 milliseconds,4173.905985693104,0.25512872773185236,0.07624633431085044,0.07884856070087609,0.04095910724733593,0.03371594744767947,144.0,0.098,0.99,0.010000000000000009,0.5928986774385943,"terra",21480.0,4173.905985693104,0.1943159211216529
564,"j03rcAjqUUXr","o2aWrYtNtFfi","buwe6Ppn4wZD",1548,543.2467700258397,1595.0,959,63.90693969063935,568,863,515,813,31.380720350737604,-0.7646969931236353,171.68124086713186,840.061369509044,2025-12-10T08:59:00,82860000 milliseconds,4631.03638443794,0.07422127389114416,0.047619047619047616,0.038338658146964855,0.02372512356213963,0.017440046170261788,144.0,0.093,0.994,0.006000000000000005,0.30034414938955806,"terra",82860.0,4631.03638443794,0.05588989119524427
564,"j03rcAjqUUXr","buwe6Ppn4wZD","TbcDLbOZqWV9",1546,556.1157826649418,1587.0,779,62.670773747784075,581,860,528,811,31.868011341051794,-0.8066504654455972,171.33809511662426,836.6403622250971,2025-12-11T03:40:00,67260000 milliseconds,3328.9898725268913,0.06566702579202863,0.001292824822236587,0.00502828409805154,0.01953212630052183,0.015408719741251253,93.0,0.06,0.995,0.0050000000000000044,0.17192898075408983,"aqua",67260.0,3328.9898725268913,0.04949434838725678
564,"j03rcAjqUUXr","TbcDLbOZqWV9","KAVWzqHaoSKd",1497,549.3947895791583,1556.0,838,63.335868504865516,575,854,522,804,30.823599520523448,-0.8358185452460334,175.44469683442247,829.8877755511022,2025-12-11T09:38:00,21480000 milliseconds,2381.8214517591628,0.14558810829823735,0.032205060795267824,0.019726376073814826,0.010556503136523437,0.03331902964925994,141.0,0.094,0.991,0.009000000000000008,0.3443950779531034,"terra",21480.0,2381.8214517591628,0.11088554244688839
565,"j3OruEKqCMTl",NA,"SMd6IiUbrkjA",1411,1180.5967399007795,1587.0,2009,54.68921648137521,1200,222,1161,170,35.35757064268085,-0.3545000638877426,195.95941546018392,194.01559177888024,2025-12-10T03:01:00,NA,NA,NA,NA,NA,NA,NA,NA,NA,NA,NA,NA,"aqua",NaN,NaN,NaN
565,"j3OruEKqCMTl","SMd6IiUbrkjA","qmYr7tVvz7Ov",1456,1176.044642857143,1647.0,1802,56.668699038858044,1200,221,1154,171,35.0901544452421,-0.603402949130353,224.27922061357856,194.50137362637363,2025-12-11T09:38:00,110220000 milliseconds,1144.486006304785,0.013803123756917144,0.03139169863969306,0.03710575139146568,0.03555171714979109,0.0075919044115334445,385.0,0.264,0.944,0.05600000000000005,0.4454441953494005,"terra",110220.0,1144.486006304785,0.010383650937259889
566,"j8uG28deuXnc",NA,"eeSfvCtKGOr0",658,733.3130699088146,672.0,1039,32.794165991359094,747,386,721,355,26.00869635418476,-0.42424714585250684,100.32590180780451,369.66869300911856,2025-12-09T09:58:00,NA,NA,NA,NA,NA,NA,NA,NA,NA,NA,NA,NA,"terra",NaN,NaN,NaN
566,"j8uG28deuXnc","eeSfvCtKGOr0","2yJb5hIkrrf4",638,714.4388714733542,655.0,1102,33.50219306374739,727,344,703,311,24.755527967304253,-0.354953434299159,100.91168824543142,326.858934169279,2025-12-10T03:01:00,61380000 milliseconds,11696.449296972445,0.25270496482602234,0.030864197530864196,0.02562170308967596,0.021359455707055507,0.04937210815806863,45.0,0.071,0.999,0.0010000000000000009,0.4519224293116867,"aqua",61380.0,11696.449296972445,0.1905579878946309
566,"j8uG28deuXnc","2yJb5hIkrrf4","GbOR4XFKEKas",629,715.1891891891892,638.0,1269,32.4397214635921,728,356,703,324,25.055360973197,-0.36217242464990546,98.9116882454314,339.52941176470586,2025-12-10T08:59:00,21480000 milliseconds,3173.168558110625,0.19395895831972035,0.014206787687450671,0.026295436968290797,0.03222446930062338,0.012038853843820998,67.0,0.107,0.995,0.0050000000000000044,0.39072450611990617,"terra",21480.0,3173.168558110625,0.14772665540552257
566,"j8uG28deuXnc","GbOR4XFKEKas","0Whs6jmUkPrZ",644,720.5450310559006,650.0,1123,32.70875149905703,734,343,708,312,25.50431730960519,-0.3603091426605427,98.66904755831213,326.5450310559006,2025-12-11T09:38:00,88740000 milliseconds,3511.4027155505546,0.05256197463588885,0.02356637863315004,0.018633540372670808,0.008258982082946738,0.017759461755155307,54.0,0.084,0.994,0.006000000000000005,0.21078033747981173,"terra",88740.0,3511.4027155505546,0.03956955956221044
566,"j8uG28deuXnc","0Whs6jmUkPrZ","YxVX4Vo1DFfe",640,730.6625,648.0,796,32.78747684242389,744,343,718,311,25.317705386893103,-0.42775989154186844,99.25483399593904,325.828125,2025-12-12T02:40:00,61320000 milliseconds,2535.7091233001656,0.054838000071370366,0.006230529595015576,0.0030816640986132513,0.002403965704907715,0.007343742449075993,47.0,0.073,0.999,0.0010000000000000009,0.1478979019189829,"aqua",61320.0,2535.7091233001656,0.041352073113179476
567,"jCDNjtrBN1nE",NA,"VnaG0qiS7srl",454,1131.0088105726873,460.0,1947,31.664601980450108,1142,517,1116,492,19.156250663481234,-0.7580325651878359,86.76955262170047,506.3193832599119,2025-12-10T03:01:00,NA,NA,NA,NA,NA,NA,NA,NA,NA,NA,NA,NA,"aqua",NaN,NaN,NaN
567,"jCDNjtrBN1nE","VnaG0qiS7srl","Hg90Qk1Pq2mT",425,1135.3317647058823,434.0,2041,29.93089379450795,1147,528,1122,504,18.914735493979663,-0.7781570387567125,85.59797974644667,517.3388235294118,2025-12-10T08:59:00,21480000 milliseconds,2959.265072306638,0.18088417312387764,0.06598407281001138,0.058165548098434,0.05629334301574067,0.01268762350954973,69.0,0.162,0.992,0.008000000000000007,0.5440147605576134,"terra",21480.0,2959.265072306638,0.13776839256548595
567,"jCDNjtrBN1nE","Hg90Qk1Pq2mT","9h5zZOECTXlp",455,1132.8307692307692,465.0,1759,30.394027518106565,1143,512,1119,486,19.864611299674934,-0.652671237341558,86.52691193458118,500.7802197802198,2025-12-11T09:38:00,88740000 milliseconds,4186.603161344615,0.06266900922602522,0.06818181818181818,0.06896551724137931,0.015354639957127336,0.04898874706423356,48.0,0.105,0.986,0.014000000000000012,0.3831597316705836,"terra",88740.0,4186.603161344615,0.047178309233092346
567,"jCDNjtrBN1nE","9h5zZOECTXlp","XkdcbumJ3xUi",446,1133.6704035874438,459.0,1379,31.40483061663572,1145,506,1120,479,19.001172145829972,-0.691108531454801,89.25483399593904,493.9013452914798,2025-12-12T02:40:00,61320000 milliseconds,1732.4819639166953,0.03746717049992853,0.01997780244173141,0.012987012987012988,0.03271267881116072,0.044431840930499705,40.0,0.09,0.993,0.007000000000000006,0.24457650567033337,"aqua",61320.0,1732.4819639166953,0.02825313052701721
567,"jCDNjtrBN1nE","XkdcbumJ3xUi","UURCztnlnIwb",406,1135.551724137931,423.0,1117,29.112988704785778,1146,514,1122,488,19.005143248157964,-0.6489014683482204,81.84062043356595,502.01477832512313,2025-12-12T08:40:00,21600000 milliseconds,2082.1737830495185,0.1265759138631926,0.09389671361502347,0.08163265306122448,0.07574106065116261,0.00020897065589365357,77.0,0.19,0.98,0.020000000000000018,0.5880553118464968,"terra",21600.0,2082.1737830495185,0.09639693440044067
568,"jDCeWqrEdEAB",NA,"U3FGDEmrNWAE",3658,652.7074904319301,3876.0,1133,95.37053874659951,699,772,604,714,49.61438035638798,-1.3329612581221204,275.3208511739212,742.2629852378349,2025-12-09T04:00:00,NA,NA,NA,NA,NA,NA,NA,NA,NA,NA,NA,NA,"aqua",NaN,NaN,NaN
568,"jDCeWqrEdEAB","U3FGDEmrNWAE","iiV2RorIUgyu",3642,657.7070291048874,3855.0,1095,95.43934677329062,705,767,609,708,49.461433120965864,-1.326770842575033,272.35028842544403,737.2273476112026,2025-12-10T08:59:00,104340000 milliseconds,1773.9967807388775,0.022597245789935386,0.004383561643835616,0.00543267365153279,0.0007212207743182483,0.0030874787711347566,214.0,0.059,0.997,0.0030000000000000027,0.0982221806307568,"terra",104340.0,1773.9967807388775,0.01700207763790375
568,"jDCeWqrEdEAB","iiV2RorIUgyu","39SqqIVdlt0L",3689,667.9281648143128,3945.0,969,95.49322928521583,714,760,618,701,50.165155120957074,-1.3415350819608942,275.49242404917493,730.304960693955,2025-12-11T09:38:00,88740000 milliseconds,3086.1693065855625,0.04619668148470268,0.012822261628700041,0.023076923076923078,0.0005644140254903239,0.014127192598071584,195.0,0.053,0.997,0.0030000000000000027,0.15278747281388771,"terra",88740.0,3086.1693065855625,0.034777657275023244
569,"jDKmUbWCrvMb",NA,"FjUemCkXELhq",633,1123.7014218009479,659.0,1929,40.59994234590615,1142,588,1105,559,20.790754421783426,-0.952295781682186,109.9827560572969,573.0252764612954,2025-12-10T03:01:00,NA,NA,NA,NA,NA,NA,NA,NA,NA,NA,NA,NA,"aqua",NaN,NaN,NaN
569,"jDKmUbWCrvMb","FjUemCkXELhq","t9o2gbkx8qsF",640,1122.703125,654.0,2012,40.36922250756111,1141,597,1104,570,21.040364274948335,-0.9972941326625099,107.39696961966999,583.0765625,2025-12-10T08:59:00,21480000 milliseconds,2525.1849874642876,0.15435116060295156,0.010997643362136685,0.007616146230007616,0.0056989556150808815,0.011934170585995385,49.0,0.077,0.99,0.010000000000000009,0.2775980763961721,"terra",21480.0,2525.1849874642876,0.1175598225076484
569,"jDKmUbWCrvMb","t9o2gbkx8qsF","ROz7YWRiWqJF",632,1129.3322784810127,666.0,1749,36.72790135104895,1147,584,1113,554,22.813498424238734,-0.9468337436024764,107.5685424949238,567.4098101265823,2025-12-11T09:38:00,88740000 milliseconds,4252.887297213595,0.06366121244238597,0.012578616352201259,0.01818181818181818,0.09446062250493426,0.08086558584146196,98.0,0.155,0.994,0.006000000000000005,0.4307478553228016,"terra",88740.0,4252.887297213595,0.0479252568989587
569,"jDKmUbWCrvMb","ROz7YWRiWqJF","tHdp6UHKId2C",621,1136.3059581320451,653.0,1382,40.320451003202244,1151,572,1122,538,20.45135704788998,-0.583512491193285,107.74011537017762,554.5281803542673,2025-12-12T02:40:00,61320000 milliseconds,3662.0400177549277,0.07919636716598027,0.017557861133280128,0.019711902956785442,0.09325441861846832,0.10919446514136387,113.0,0.182,0.996,0.0040000000000000036,0.5049150150158781,"aqua",61320.0,3662.0400177549277,0.05972015684531846
570,"jJJALBymELvQ",NA,"dfTp7MeDhDL3",621,53.67793880837359,743.0,51,38.525848788593336,67,506,40,471,23.669030452109986,0.17506346936892414,133.53910524340094,487.34943639291464,2025-12-09T09:58:00,NA,NA,NA,NA,NA,NA,NA,NA,NA,NA,NA,NA,"terra",NaN,NaN,NaN
570,"jJJALBymELvQ","dfTp7MeDhDL3","b9u56C9Cpr7m",604,10.37251655629139,621.0,11,34.60746892076134,23,431,1,398,22.82702097458934,-0.11368371872746934,99.35533905932738,414.59437086092714,2025-12-10T08:59:00,82860000 milliseconds,21166.98366116871,0.3392416645751857,0.027755102040816326,0.17888563049853373,0.10715717515795906,0.03621853691589558,181.0,0.3,0.943,0.05700000000000005,1.0462581091883905,"terra",82860.0,21166.98366116871,0.2554547871248939
570,"jJJALBymELvQ","b9u56C9Cpr7m","JsRDJhaFrlb7",630,12.523809523809524,655.0,6,32.24255433316191,25,448,1,417,25.276493759719127,-0.11407336496079863,103.29036790187178,432.8095238095238,2025-12-11T03:40:00,67260000 milliseconds,4585.437945093565,0.09045148328422063,0.04213938411669368,0.05329153605015674,0.07075284263152859,0.10184173853653018,115.0,0.183,0.998,0.0020000000000000018,0.5434769846191299,"aqua",67260.0,4585.437945093565,0.06817481333769797
571,"jUZMocWVRIi9",NA,"akiw4hFoeY9N",955,27.475392670157067,1039.0,26,43.29922964176645,46,822,6,789,29.515763251425938,1.1392347909760878,137.71067811865476,804.8586387434555,2025-12-09T04:00:00,NA,NA,NA,NA,NA,NA,NA,NA,NA,NA,NA,NA,"aqua",NaN,NaN,NaN
571,"jUZMocWVRIi9","akiw4hFoeY9N","d83dhIWSrsMO",860,152.6860465116279,976.0,138,40.40171000103009,170,776,131,740,29.839912163530684,-1.0760186982118682,142.1959594928933,759.8674418604651,2025-12-09T09:58:00,21480000 milliseconds,33262.136537259445,2.0331379301503327,0.1046831955922865,0.06253101736972705,0.06923505645460765,0.010922255027463355,259.0,0.301,0.996,0.0040000000000000036,2.5855094545944173,"terra",21480.0,33262.136537259445,1.5485165985688754
571,"jUZMocWVRIi9","d83dhIWSrsMO","qfgWpBZ81FIL",880,46.97159090909091,1026.0,62,39.709456206761345,64,664,26,629,31.729778114072303,-1.0422908356103529,156.61017305526642,645.8522727272727,2025-12-11T09:38:00,171600000 milliseconds,38870.78346571112,0.30144074033122237,0.022988505747126436,0.04995004995004995,0.017282329718511003,0.06138949025147491,263.0,0.299,0.964,0.03600000000000003,0.7880511159983846,"terra",171600.0,38870.78346571112,0.22651971716614874
572,"jYY49HGUzQAb",NA,"E2bmr5KxCjND",425,63.731764705882355,462.0,99,29.98578239182159,77,1036,48,1014,19.519309480245873,-1.1496472743659476,90.84062043356595,1025.8870588235295,2025-12-09T04:00:00,NA,NA,NA,NA,NA,NA,NA,NA,NA,NA,NA,NA,"aqua",NaN,NaN,NaN
572,"jYY49HGUzQAb","E2bmr5KxCjND","7h4v0AFzrLEW",378,45.835978835978835,385.0,81,27.58779464749734,56,1023,38,996,18.296002689753422,-0.01866982934064077,79.94112549695427,1010.8386243386243,2025-12-10T08:59:00,104340000 milliseconds,5845.481868224825,0.07445999450002962,0.11706102117061021,0.18181818181818182,0.08330167648560673,0.06469901848188148,91.0,0.241,0.968,0.03200000000000003,0.7943398924563099,"terra",104340.0,5845.481868224825,0.056023402992379005
572,"jYY49HGUzQAb","7h4v0AFzrLEW","oPMvqjxLde4R",383,82.96344647519582,431.0,40,27.666620917175944,95,943,71,917,19.477161951059472,-0.6303179236351724,96.91168824543142,930.3263707571801,2025-12-12T02:40:00,150060000 milliseconds,22165.107475015593,0.1965078901991719,0.013140604467805518,0.11274509803921569,0.00285321159849536,0.0625395977561191,107.0,0.279,0.95,0.050000000000000044,0.7167864020608077,"aqua",150060.0,22165.107475015593,0.1477082998468319
573,"jhLhQTL5tHso",NA,"kioGaRaRTxcS",364,301.8159340659341,403.0,579,35.41619420707038,309,758,294,724,14.300990517378544,-0.008862002632256602,100.32590180780451,740.1098901098901,2025-12-10T08:59:00,NA,NA,NA,NA,NA,NA,NA,NA,NA,NA,NA,NA,"terra",NaN,NaN,NaN
573,"jhLhQTL5tHso","kioGaRaRTxcS","qbas2PJCTdHy",332,329.4307228915663,350.0,520,31.778606898818616,339,734,321,704,13.703704014233175,-0.4233333736913458,80.42640687119285,719.1957831325301,2025-12-11T09:38:00,88740000 milliseconds,8660.168995697775,0.12963354532890914,0.09195402298850575,0.1407702523240372,0.1082699032777691,0.04265616984117802,83.0,0.25,0.932,0.06799999999999995,0.8312838937603991,"terra",88740.0,8660.168995697775,0.09759036506308064
573,"jhLhQTL5tHso","qbas2PJCTdHy","eM5UW8dJiURx",338,336.93195266272187,341.0,339,30.967684556407395,344,736,330,706,14.075733849109291,0.21861336636575138,77.11269837220809,721.6508875739645,2025-12-12T02:40:00,61320000 milliseconds,1973.195154724022,0.042672905595242686,0.01791044776119403,0.02604920405209841,0.02584765804015277,0.026784547384023485,58.0,0.172,0.999,0.0010000000000000009,0.3122647628327114,"aqua",61320.0,1973.195154724022,0.032178655491259325
574,"jom0Q264FVlo",NA,"Ql5z38GBICZK",4607,728.183850662036,4821.0,985,84.04481227218307,765,267,691,184,70.53930441367285,-0.4854240023788748,286.14927829866735,225.521814629911,2025-12-09T09:58:00,NA,NA,NA,NA,NA,NA,NA,NA,NA,NA,NA,NA,"terra",NaN,NaN,NaN
574,"jom0Q264FVlo","Ql5z38GBICZK","JHfCbjyJmJVZ",4610,698.7390455531454,4814.0,1030,84.83337215009489,734,221,663,138,69.85815386094814,-0.3865467464689287,282.83556979968256,179.6527114967462,2025-12-10T03:01:00,61380000 milliseconds,13626.653959569134,0.29440756097157034,0.0006509710317890853,0.0014530358069538142,0.009338800989712652,0.009703174987575183,224.0,0.049,0.999,0.0010000000000000009,0.365553543787601,"aqua",61380.0,13626.653959569134,0.22200478917512437
574,"jom0Q264FVlo","JHfCbjyJmJVZ","09kKpeG0v6M5",4599,707.5499021526418,4842.0,1207,84.10975529316167,744,236,671,153,70.36602084917665,-0.39345329677297824,284.350288425444,194.5514242226571,2025-12-10T08:59:00,21480000 milliseconds,4327.2597774609985,0.2645024313851466,0.0023889673145835594,0.00579950289975145,0.008566395897652157,0.007243643819311335,135.0,0.029,0.995,0.0050000000000000044,0.32250094131644513,"terra",21480.0,4327.2597774609985,0.20145529690228112
575,"jta5Rw7rsB1c",NA,"LV4ynEYwFtpi",719,1118.0904033379693,753.0,2041,33.39043546716074,1136,309,1103,277,28.710418476688396,-1.142110512982526,113.9827560572969,292.547983310153,2025-12-09T04:00:00,NA,NA,NA,NA,NA,NA,NA,NA,NA,NA,NA,NA,"aqua",NaN,NaN,NaN
575,"jta5Rw7rsB1c","LV4ynEYwFtpi","570z1pH1eux9",667,1124.1994002998501,716.0,1304,33.21578194523039,1139,254,1112,219,26.500062130462815,-0.0995989895138857,114.22539674441617,236.7001499250375,2025-12-11T03:40:00,171600000 milliseconds,14045.240158350553,0.10892004775766229,0.07503607503607504,0.05037440435670524,0.005244360923515247,0.08007017225418904,177.0,0.265,0.996,0.0040000000000000036,0.5886450603281468,"aqua",171600.0,14045.240158350553,0.08184871887150671
575,"jta5Rw7rsB1c","570z1pH1eux9","M7crav7OvXTW",657,1055.0730593607307,696.0,1013,31.999752139844205,1070,218,1039,185,27.143345580881768,0.47420755994445146,115.05382386916237,202.51445966514459,2025-12-12T08:40:00,104400000 milliseconds,19279.380874033406,0.2454408768177391,0.015105740181268883,0.028328611898016998,0.037292642694602696,0.02398369074091875,142.0,0.216,0.995,0.0050000000000000044,0.5711515623325465,"terra",104400.0,19279.380874033406,0.1846683991765652
576,"k6g5Ugq37FTp",NA,"qutkLQkZBMx9",588,1099.0238095238096,625.0,1320,33.90041508201383,1112,448,1087,415,23.452633252244073,-0.45703006037282706,103.35533905932736,432.15816326530614,2025-12-12T02:40:00,NA,NA,NA,NA,NA,NA,NA,NA,NA,NA,NA,NA,"aqua",NaN,NaN,NaN
576,"k6g5Ugq37FTp","qutkLQkZBMx9","AxA3yuAxASe2",580,1099.6879310344827,617.0,1065,34.24347899487467,1111,462,1088,427,23.370326497426294,-0.31872303117826206,106.42640687119284,445.55,2025-12-12T08:40:00,21600000 milliseconds,3352.073504840277,0.20377346533983448,0.0136986301369863,0.01288244766505636,0.010068808585366552,0.0035156579275558665,72.0,0.124,0.999,0.0010000000000000009,0.36893900965479953,"terra",21600.0,3352.073504840277,0.15518858818704986
577,"kZAXvUjSzWUP",NA,"J5qcS5l5rBWI",586,798.9044368600682,621.0,1265,32.71639115938547,813,851,782,826,24.008926602847126,1.1810687186370719,102.84062043356595,837.5494880546075,2025-12-10T03:01:00,NA,NA,NA,NA,NA,NA,NA,NA,NA,NA,NA,NA,"aqua",NaN,NaN,NaN
577,"kZAXvUjSzWUP","J5qcS5l5rBWI","lY8IY6H37lyn",608,797.3667763157895,635.0,1403,34.99343875460091,815,850,778,825,23.00916784074477,-1.4203540655135676,105.7401153701776,837.5657894736842,2025-12-10T08:59:00,21480000 milliseconds,384.43673778135945,0.023498578103995076,0.03685092127303183,0.022292993630573247,0.06725899616371893,0.042526553827134675,156.0,0.257,0.994,0.006000000000000005,0.45542804299845374,"terra",21480.0,384.43673778135945,0.01789742727101301
577,"kZAXvUjSzWUP","lY8IY6H37lyn","lVVJglIUrC6G",615,838.9707317073171,664.0,898,37.54944090921359,854,933,823,901,21.842917724665742,-0.7809993860699221,113.05382386916239,917.3073170731707,2025-12-12T02:40:00,150060000 milliseconds,22485.551372103222,0.19934883081788396,0.011447260834014717,0.044649730561970746,0.07046872598545743,0.0520042758938473,146.0,0.237,0.986,0.014000000000000012,0.6289188240931742,"aqua",150060.0,22485.551372103222,0.149843738318694
578,"kphy0OupbuWi",NA,"mjw4sm4uhc2N",787,544.4320203303685,856.0,764,42.85299976370238,558,777,531,737,24.840255363851004,-0.12952174391965796,129.63961030678928,757.8195679796696,2025-12-09T09:58:00,NA,NA,NA,NA,NA,NA,NA,NA,NA,NA,NA,NA,"terra",NaN,NaN,NaN
578,"kphy0OupbuWi","mjw4sm4uhc2N","PKQeMKTXLZTK",820,425.26463414634145,853.0,650,41.53914416928648,445,796,406,767,25.653004855917494,-1.2562510619473544,123.63961030678928,782.0719512195122,2025-12-11T03:40:00,150120000 milliseconds,30402.55337009668,0.2694306395790206,0.04107031736154325,0.003510825043885313,0.03113691709169418,0.032192395124777194,179.0,0.218,0.982,0.018000000000000016,0.6133410942009205,"aqua",150120.0,30402.55337009668,0.20252167179654063
578,"kphy0OupbuWi","PKQeMKTXLZTK","uFEa1fgOCsGr",858,415.04312354312356,938.0,641,43.32077417174641,436,790,394,760,26.64556400511708,-1.26859046894493,131.88225099390857,775.5407925407925,2025-12-11T09:38:00,21480000 milliseconds,3032.4836427661908,0.1853596358659041,0.04529201430274136,0.09491903964265773,0.0419899061250556,0.037957411486229,159.0,0.185,0.984,0.016000000000000014,0.6065180074225878,"terra",21480.0,3032.4836427661908,0.14117707834107032
579,"l0ecwAPu5Jza",NA,"TyxnKg4bvETh",402,255.46766169154228,410.0,524,34.73091551076671,264,758,246,723,15.109713594712968,0.215543539545747,87.25483399593904,739.8855721393035,2025-12-09T04:00:00,NA,NA,NA,NA,NA,NA,NA,NA,NA,NA,NA,NA,"aqua",NaN,NaN,NaN
579,"l0ecwAPu5Jza","TyxnKg4bvETh","hYLKbYoXyf5h",421,259.1852731591449,444.0,484,31.06133694060582,268,749,250,717,17.65768055547105,0.0491517279493035,88.32590180780451,732.9976247030879,2025-12-10T08:59:00,104340000 milliseconds,1956.7903392436885,0.024925677845279774,0.046172539489671933,0.07962529274004684,0.11155047694629687,0.15551843696083306,83.0,0.197,0.998,0.0020000000000000018,0.6167924239821285,"terra",104340.0,1956.7903392436885,0.018753980632966155
579,"l0ecwAPu5Jza","hYLKbYoXyf5h","XpE6TLobwdQm",468,273.1923076923077,482.0,446,36.06204195742808,282,743,264,706,16.817014738283767,0.06923115693447919,93.25483399593905,724.7200854700855,2025-12-11T03:40:00,67260000 milliseconds,4067.5136152746118,0.0802350057259022,0.10573678290213723,0.08207343412526998,0.14900039595499961,0.048770021607098674,77.0,0.165,0.978,0.02200000000000002,0.6528156403154077,"aqua",67260.0,4067.5136152746118,0.060474481345147366
579,"l0ecwAPu5Jza","XpE6TLobwdQm","4fY8DfwGCI4r",465,247.80645161290323,534.0,252,36.391339364994856,263,658,233,629,18.39982360231402,0.7018949130232379,105.88225099390856,643.047311827957,2025-12-12T08:40:00,104400000 milliseconds,21381.77325913738,0.2722058976338304,0.006430868167202572,0.10236220472440945,0.00908991137629255,0.08988932218856216,159.0,0.342,0.98,0.020000000000000018,0.8419782040902972,"terra",104400.0,21381.77325913738,0.20480625727143084
580,"l0n21CDTzptz",NA,"LEwlHiruz2cT",339,392.83185840707966,381.0,616,26.668315806746616,405,108,382,84,18.672924244080146,-0.6473849044292304,90.08326112068524,95.50737463126843,2025-12-11T09:38:00,NA,NA,NA,NA,NA,NA,NA,NA,NA,NA,NA,NA,"terra",NaN,NaN,NaN
580,"l0n21CDTzptz","LEwlHiruz2cT","Wmie6L35faaB",349,298.1948424068768,386.0,351,25.449942648224983,311,116,288,94,19.319371435242193,-0.8074791370839951,82.08326112068524,103.87392550143267,2025-12-12T08:40:00,82920000 milliseconds,23751.531491260863,0.38038967795100675,0.029069767441860465,0.01303780964797914,0.04675417769664218,0.03403043588723602,64.0,0.183,0.958,0.04200000000000004,0.7282818686247245,"terra",82920.0,23751.531491260863,0.2864391159100442
581,"lA7BHcM5QgNA",NA,"XM8t5uX7xMYN",384,454.1276041666667,403.0,728,26.642784310732562,464,837,445,811,19.00336741188853,-0.1403074131319226,83.39087296526012,823.2630208333334,2025-12-11T09:38:00,NA,NA,NA,NA,NA,NA,NA,NA,NA,NA,NA,NA,"terra",NaN,NaN,NaN
581,"lA7BHcM5QgNA","XM8t5uX7xMYN","dD6oTBsVuh9U",364,463.63461538461536,382.0,567,25.44531425934213,475,842,451,823,18.65541018207151,1.1597918359797772,79.76955262170048,832.489010989011,2025-12-12T08:40:00,82920000 milliseconds,3311.9306741957844,0.053041810925621144,0.053475935828877004,0.0535031847133758,0.0459786432702842,0.018479475545846044,76.0,0.209,0.99,0.010000000000000009,0.44347905028400414,"terra",82920.0,3311.9306741957844,0.03994127682339344
582,"lGOlC0AFDW1g",NA,"1STtRWMgAsEB",394,317.9543147208122,469.0,644,41.61523491255347,328,693,308,656,14.853142146169969,-0.3103414741141411,109.39696961966999,677.0253807106599,2025-12-09T04:00:00,NA,NA,NA,NA,NA,NA,NA,NA,NA,NA,NA,NA,"aqua",NaN,NaN,NaN
582,"lGOlC0AFDW1g","1STtRWMgAsEB","vzOcFA6x0t4d",381,387.8871391076116,423.0,607,36.67876318005882,398,648,377,615,14.788467822291368,-0.416471693237574,94.32590180780451,633.0419947506562,2025-12-11T03:40:00,171600000 milliseconds,20653.598607781365,0.16016749598899857,0.03354838709677419,0.1031390134529148,0.12610089796807664,0.004363752437699164,122.0,0.32,0.963,0.03700000000000003,0.7843195469444635,"aqua",171600.0,20653.598607781365,0.12035896624581215
583,"lMytYpIUgs6P",NA,"l9V6Mt3WdlS1",1424,1174.125,1479.0,2123,50.81112726463839,1199,715,1151,671,37.11759514385313,-0.8940002259159118,153.3380951166243,690.4185393258427,2025-12-09T04:00:00,NA,NA,NA,NA,NA,NA,NA,NA,NA,NA,NA,NA,"aqua",NaN,NaN,NaN
583,"lMytYpIUgs6P","l9V6Mt3WdlS1","tXgfeYBLg1dP",1484,1168.0471698113208,1702.0,1991,53.50485779377786,1193,721,1145,665,39.505481378951366,-0.5986291749768426,185.2731239591687,685.832884097035,2025-12-10T03:01:00,82860000 milliseconds,1903.4221431396804,0.030506004377589237,0.04126547455295736,0.1402074819239233,0.05164559444328693,0.06232812211312228,291.0,0.196,0.946,0.05400000000000005,0.5759526774108792,"aqua",82860.0,1903.4221431396804,0.022971544088096554
583,"lMytYpIUgs6P","tXgfeYBLg1dP","yvnIDqcbZ1Hw",1445,1170.2539792387543,1489.0,2077,51.208538072817184,1195,712,1147,667,37.085716199916654,-0.9048829151166542,154.8528137423857,686.7522491349481,2025-12-10T08:59:00,21480000 milliseconds,597.6641992972476,0.03653204152183665,0.026630249231819735,0.13350047007207771,0.043859139548605375,0.06318650851602144,294.0,0.203,0.955,0.04500000000000004,0.551708408890361,"terra",21480.0,597.6641992972476,0.027824217844378378
583,"lMytYpIUgs6P","yvnIDqcbZ1Hw","ouCJGv9zFNj0",1380,1167.1753623188406,1415.0,1785,50.15576582467465,1192,707,1144,665,35.89214214024911,-0.9383562711464174,161.92388155425118,683.6166666666667,2025-12-11T09:38:00,88740000 milliseconds,1098.571787452136,0.016444454568552296,0.04601769911504425,0.05096418732782369,0.020772051060641304,0.032710580628552574,112.0,0.081,0.992,0.008000000000000007,0.25590897270061413,"terra",88740.0,1098.571787452136,0.012379668553663918
583,"lMytYpIUgs6P","ouCJGv9zFNj0","TchfLDztZ4W2",1375,1166.1527272727274,1403.0,1412,50.119879670592645,1193,708,1144,666,36.05873308721345,-1.2055522943504084,151.1959594928933,685.2174545454545,2025-12-12T02:40:00,61320000 milliseconds,474.88842573895346,0.010270078411309547,0.003629764065335753,0.008516678495386799,0.0007157501485981649,0.004630685768246183,96.0,0.07,0.996,0.0040000000000000036,0.10176295688887646,"aqua",61320.0,474.88842573895346,0.007744429643492392
584,"lOLduaTs5Rcg",NA,"4WjFeDCBzYlk",371,238.0700808625337,419.0,409,36.0385981307519,256,1136,222,1119,14.622271995929998,1.4671492100379278,95.15432893255071,1127.9272237196765,2025-12-10T03:01:00,NA,NA,NA,NA,NA,NA,NA,NA,NA,NA,NA,NA,"aqua",NaN,NaN,NaN
584,"lOLduaTs5Rcg","4WjFeDCBzYlk","xzuTmdwBqOqX",383,213.78851174934726,389.0,385,29.806606919258517,227,1131,200,1115,16.501957376947797,-1.3299613679982425,78.2842712474619,1123.2819843342036,2025-12-10T08:59:00,21480000 milliseconds,6180.477568252706,0.37777980246043436,0.03183023872679045,0.07425742574257425,0.18929218025094136,0.12078598692347321,114.0,0.298,0.969,0.031000000000000028,1.1229456341042137,"terra",21480.0,6180.477568252706,0.2877317303655822
584,"lOLduaTs5Rcg","xzuTmdwBqOqX","3UdiZLuObM54",356,290.22752808988764,394.0,446,28.23482433620563,300,1073,280,1047,17.107392938826234,-0.505750599774416,85.08326112068524,1060.997191011236,2025-12-11T09:38:00,88740000 milliseconds,24650.454735149127,0.36899116436118745,0.07307171853856563,0.01277139208173691,0.054160710687330464,0.03602780513101946,80.0,0.225,0.989,0.01100000000000001,0.7810227907998398,"terra",88740.0,24650.454735149127,0.2777829021314979
585,"laBdN4oug6Ol",NA,"nGIDxGCnRXMP",357,795.5854341736695,373.0,1136,23.639933002425273,806,283,784,261,20.586922925884867,-0.8505584846553902,77.94112549695429,272.57703081232495,2025-12-09T09:58:00,NA,NA,NA,NA,NA,NA,NA,NA,NA,NA,NA,NA,"terra",NaN,NaN,NaN
585,"laBdN4oug6Ol","nGIDxGCnRXMP","M5sch8FKzK7j",357,769.0784313725491,380.0,1220,23.457398898259985,780,237,759,215,20.69285096481941,-0.9146308663347068,77.94112549695429,225.69467787114846,2025-12-10T03:01:00,61380000 milliseconds,13464.249456430083,0.290898767558174,0.0,0.01859229747675963,0.0077513564696276354,0.005132200540390893,66.0,0.185,0.999,0.0010000000000000009,0.5083746220449521,"aqua",61380.0,13464.249456430083,0.2193589028418065
586,"liGXEnpAJaKL",NA,"q3nEijnYJJtf",478,821.244769874477,515.0,1492,32.15362278924243,837,601,804,579,19.693048289122252,-1.4496086378083857,98.5685424949238,590.0439330543933,2025-12-09T04:00:00,NA,NA,NA,NA,NA,NA,NA,NA,NA,NA,NA,NA,"aqua",NaN,NaN,NaN
586,"liGXEnpAJaKL","q3nEijnYJJtf","aK1Z2Zp6KQhk",429,769.8298368298368,463.0,1094,29.82275683885402,781,607,759,578,19.213983610784286,-0.317566149037324,89.84062043356595,592.8811188811189,2025-12-09T09:58:00,21480000 milliseconds,12873.288632378008,0.7868758332749394,0.10804851157662625,0.10633946830265849,0.07521788024325737,0.024626123091086635,103.0,0.24,0.982,0.018000000000000016,1.3591078164885682,"terra",21480.0,12873.288632378008,0.5993151132391996
586,"liGXEnpAJaKL","aK1Z2Zp6KQhk","H1jmTAQjxXCt",470,807.2914893617021,512.0,1286,34.33440977264019,820,629,794,600,17.95290613904624,0.6400755617725796,96.32590180780453,614.8914893617022,2025-12-10T03:01:00,61380000 milliseconds,10862.296658369314,0.23468287044116484,0.09121245828698554,0.10051282051282051,0.14064377129079386,0.06786026381149068,122.0,0.26,0.986,0.014000000000000012,0.9089121843432555,"aqua",61380.0,10862.296658369314,0.1769680133328334
586,"liGXEnpAJaKL","H1jmTAQjxXCt","5bFZNbHdfLIs",444,816.5765765765766,489.0,1260,32.573782233221145,831,631,803,603,18.671566343008454,0.8275885617880563,101.7401153701776,617.3761261261261,2025-12-11T09:38:00,110220000 milliseconds,2402.9443454717225,0.02898081584118341,0.05689277899343545,0.04595404595404595,0.052628160667226274,0.0392448084714035,128.0,0.288,0.982,0.018000000000000016,0.5297006099272946,"terra",110220.0,2402.9443454717225,0.021801345903390695
587,"ls2hNUrUfcQV",NA,"OwxlVq18pWTJ",2742,772.1644784828592,3229.0,1193,95.25537165162763,795,757,747,666,40.171734443093484,0.18201801269995635,296.63455967290594,710.5787746170678,2025-12-10T03:01:00,NA,NA,NA,NA,NA,NA,NA,NA,NA,NA,NA,NA,"aqua",NaN,NaN,NaN
587,"ls2hNUrUfcQV","OwxlVq18pWTJ","DxNLdE40zQyp",3016,668.5404509283819,3350.0,863,93.1849271418976,712,764,623,708,42.80945177574095,-1.2830738352646855,264.0071426749364,735.4973474801061,2025-12-11T03:40:00,88740000 milliseconds,26644.505015271927,0.3988399822658772,0.09517193469954846,0.03678370573035416,0.021974540721765863,0.06357386421764069,926.0,0.307,0.961,0.039000000000000035,0.9623440276351864,"aqua",88740.0,26644.505015271927,0.30025360621221464
588,"lvUFcBkJkHMU",NA,"uYWuqCtwLm9w",460,1004.4956521739131,480.0,1816,28.959937103450127,1015,263,994,235,20.52662988553154,0.4157797896599814,87.87615433949868,249.90217391304347,2025-12-10T08:59:00,NA,NA,NA,NA,NA,NA,NA,NA,NA,NA,NA,NA,"terra",NaN,NaN,NaN
588,"lvUFcBkJkHMU","uYWuqCtwLm9w","Jeud8RUmspoT",479,1007.1858037578288,502.0,1210,27.127081133437034,1020,287,994,260,24.023137681940202,-0.14349374784165875,102.5685424949238,272.0417536534447,2025-12-11T03:40:00,67260000 milliseconds,5575.604824960856,0.10998332823672662,0.04046858359957402,0.04480651731160896,0.06535758282859347,0.15697086594730766,134.0,0.28,0.974,0.026000000000000023,0.7235868779238108,"aqua",67260.0,5575.604824960856,0.08289629534583491
588,"lvUFcBkJkHMU","Jeud8RUmspoT","0FBDDzL3hh6h",499,1087.25250501002,527.0,1048,27.35429886787684,1101,313,1075,285,24.76728112382599,0.8031297484896558,94.91168824543142,299.73547094188376,2025-12-12T08:40:00,104400000 milliseconds,21180.206896209183,0.2696398077174944,0.0408997955010225,0.04859086491739553,0.00834111523732787,0.030503671011647103,109.0,0.218,0.989,0.01100000000000001,0.6269752543848874,"terra",104400.0,21180.206896209183,0.20287554498284657
589,"m2h20KG6KSYk",NA,"tWDTr0D6KOEs",3962,766.2849570923776,4229.0,1343,88.32359731225002,800,770,734,679,58.401820583131034,-0.007472715926423919,279.1787155501902,723.5080767289248,2025-12-09T04:00:00,NA,NA,NA,NA,NA,NA,NA,NA,NA,NA,NA,NA,"aqua",NaN,NaN,NaN
589,"m2h20KG6KSYk","tWDTr0D6KOEs","U2dvW26rMP9i",3889,763.6029827719208,4146.0,1319,86.75845728259272,794,762,730,674,58.179730093163656,0.21366824569194706,272.9360748630709,716.4232450501414,2025-12-10T08:59:00,104340000 milliseconds,1893.868827497741,0.024124180975705255,0.018596357151955165,0.019820895522388058,0.0178789314904853,0.00381004522034613,228.0,0.059,0.993,0.007000000000000006,0.15023041036087992,"terra",104340.0,1893.868827497741,0.018150937583838806
589,"m2h20KG6KSYk","U2dvW26rMP9i","1zPKWBZtRDJB",3904,770.8050717213115,4200.0,1168,88.48734642594881,801,756,736,665,57.22278194171607,0.23026295778620265,293.8061325481598,710.4136782786885,2025-12-11T09:38:00,88740000 milliseconds,2345.007702752365,0.03510227831378437,0.003849608623123316,0.012940330697340043,0.019731019023217073,0.016584528959964963,200.0,0.051,0.985,0.015000000000000013,0.15420776561742977,"terra",88740.0,2345.007702752365,0.02642559953518554
590,"m2i8cVOPAY8u",NA,"LlzmplQT0IqH",1288,392.50155279503105,1303.0,781,42.57167479428855,411,668,373,624,38.84155200413417,-0.2110051237028683,140.22539674441617,646.776397515528,2025-12-09T04:00:00,NA,NA,NA,NA,NA,NA,NA,NA,NA,NA,NA,NA,"aqua",NaN,NaN,NaN
590,"m2i8cVOPAY8u","LlzmplQT0IqH","GfEw9aU479Y1",1293,405.33101314771847,1303.0,512,43.23661858664887,424,678,386,634,38.35802533490273,-0.28996685681796464,138.71067811865473,656.30781129157,2025-12-09T09:58:00,21480000 milliseconds,3995.6452976279634,0.244232597654521,0.0038744672607516468,0.0,0.015498357237065042,0.01252666623051429,76.0,0.059,0.992,0.008000000000000007,0.343132088382852,"terra",21480.0,3995.6452976279634,0.18601700640726088
590,"m2i8cVOPAY8u","GfEw9aU479Y1","1Wo1bh6FRbpu",1304,396.25383435582825,1323.0,734,43.22927655444206,415,661,377,617,38.6792098002382,-0.20759976269060693,141.88225099390857,639.7101226993865,2025-12-10T08:59:00,82860000 milliseconds,4729.418842621161,0.07579804219282252,0.008471313053523296,0.015232292460015232,0.00016982492796342722,0.008338421408090239,73.0,0.056,0.992,0.008000000000000007,0.1720098940424147,"terra",82860.0,4729.418842621161,0.0570772247480227
590,"m2i8cVOPAY8u","1Wo1bh6FRbpu","56e8tlI95erl",1336,417.15494011976045,1371.0,635,44.483885181872736,436,655,398,609,38.55884801854421,-0.2245156866284674,146.46803743153544,632.4505988023952,2025-12-11T03:40:00,67260000 milliseconds,5531.483240088431,0.10911299418263005,0.024242424242424242,0.035634743875278395,0.028607077948057762,0.0031166444391023456,86.0,0.064,0.989,0.01100000000000001,0.2757138846874928,"aqua",67260.0,5531.483240088431,0.08224030984371737
590,"m2i8cVOPAY8u","56e8tlI95erl","XDRlKWWPA15O",1224,435.86683006535947,1263.0,462,41.35400473343043,455,653,417,609,38.55567223146683,-0.1505877013667643,142.12489168102783,631.2745098039215,2025-12-12T02:40:00,82800000 milliseconds,4687.203395072989,0.07517567594343207,0.0875,0.08200455580865604,0.07292538182219022,8.236547584256514e-5,156.0,0.127,0.988,0.01200000000000001,0.4566879790501209,"aqua",82800.0,4687.203395072989,0.056608736655470886
591,"m2w2v8EkCzuW",NA,"m3ah2JvNbrkH",335,841.2805970149253,384.0,1544,28.693298993523833,852,1110,826,1087,17.111845118139453,0.9316369959022729,82.66904755831214,1097.5880597014925,2025-12-09T04:00:00,NA,NA,NA,NA,NA,NA,NA,NA,NA,NA,NA,NA,"aqua",NaN,NaN,NaN
591,"m2w2v8EkCzuW","m3ah2JvNbrkH","ERvKq4ub0DK7",314,826.7993630573249,330.0,1339,26.90088140539154,836,1104,815,1080,15.657269138474035,0.604713962556646,73.59797974644665,1091.4936305732483,2025-12-10T03:01:00,82860000 milliseconds,3927.8509020037936,0.06295137273826097,0.06471494607087827,0.15126050420168066,0.06448220210355908,0.0887772533779642,76.0,0.242,0.973,0.027000000000000024,0.7011862784923433,"aqua",82860.0,3927.8509020037936,0.04740346249099437
591,"m2w2v8EkCzuW","ERvKq4ub0DK7","31b0PVvJE3Ee",338,829.2603550295858,371.0,1288,28.552629328860668,839,1106,816,1082,16.36773381113149,0.6599158857103604,79.97665940288701,1093.0650887573966,2025-12-11T09:38:00,110220000 milliseconds,729.9812631182341,0.008803971092302167,0.0736196319018405,0.11697574893009986,0.05957234813805522,0.0443693743776037,40.0,0.118,0.966,0.03400000000000003,0.45534107443990146,"terra",110220.0,729.9812631182341,0.006622947406262331
592,"m6R7iLGrTDlN",NA,"gGwZ3e8nxkdl",375,600.328,383.0,1049,28.02280040628322,612,931,586,912,17.72495234441652,1.2631809700639385,77.01219330881976,920.3066666666666,2025-12-10T08:59:00,NA,NA,NA,NA,NA,NA,NA,NA,NA,NA,NA,NA,"terra",NaN,NaN,NaN
592,"m6R7iLGrTDlN","gGwZ3e8nxkdl","OANBGeykfoFx",357,604.6022408963586,363.0,835,27.483725961663538,616,929,591,910,17.113498973024846,1.098660875476987,74.52691193458118,918.4761904761905,2025-12-11T03:40:00,67260000 milliseconds,1162.4268343643298,0.022929812296367095,0.04918032786885246,0.05361930294906166,0.019423822022160656,0.03510221311620455,38.0,0.106,0.999,0.0010000000000000009,0.2872554782526464,"aqua",67260.0,1162.4268343643298,0.017282587486832143
592,"m6R7iLGrTDlN","OANBGeykfoFx","btcEVFesWH8X",344,596.5029069767442,351.0,917,27.19289750049701,608,921,583,903,16.522006333790806,1.1881389583082296,73.11269837220809,911.046511627907,2025-12-11T09:38:00,21480000 milliseconds,2747.718800774201,0.1679534719299634,0.037089871611982884,0.03361344537815126,0.010638128060991077,0.03517073008647114,27.0,0.078,0.994,0.006000000000000005,0.36846564706755974,"terra",21480.0,2747.718800774201,0.12791986968222538
593,"mALblW74sEYJ",NA,"LEGMews66lQb",322,1078.329192546584,329.0,1965,25.116335680722973,1089,448,1067,426,16.863741032161265,-0.7165863828966453,74.42640687119285,436.8975155279503,2025-12-09T04:00:00,NA,NA,NA,NA,NA,NA,NA,NA,NA,NA,NA,NA,"aqua",NaN,NaN,NaN
593,"mALblW74sEYJ","LEGMews66lQb","uBRicPIvmOdI",304,1050.4276315789473,318.0,1789,24.08426282764977,1064,500,1038,482,16.77053196823049,-1.4997914644655717,73.84062043356595,490.8519736842105,2025-12-10T03:01:00,82860000 milliseconds,15185.479617397628,0.24337654647644247,0.05750798722044728,0.03400309119010819,0.041953670661041616,0.005542505047139836,73.0,0.24,0.996,0.0040000000000000036,0.6263838005951794,"aqua",82860.0,15185.479617397628,0.1832667103234085
594,"mAQhaReV1CQq",NA,"108ogi8rFJIt",712,1082.8005617977528,803.0,1578,42.27122199541586,1102,181,1064,144,23.197686301530787,-0.8280764659102399,125.78174593052023,162.86657303370785,2025-12-09T09:58:00,NA,NA,NA,NA,NA,NA,NA,NA,NA,NA,NA,NA,"terra",NaN,NaN,NaN
594,"mAQhaReV1CQq","108ogi8rFJIt","F7aVa1Y0INfy",688,1067.6918604651162,709.0,1811,38.096230280141775,1088,191,1049,167,23.369685909597916,1.421406906203703,109.1543289325507,179.20058139534885,2025-12-10T03:01:00,61380000 milliseconds,5562.557219463986,0.12018055999706138,0.03428571428571429,0.12433862433862433,0.10389757537564329,0.00738712965323923,200.0,0.291,0.97,0.030000000000000027,0.7110896036502825,"aqua",61380.0,5562.557219463986,0.09062491396976191
594,"mAQhaReV1CQq","F7aVa1Y0INfy","rWk1Dohyxds8",648,1123.6851851851852,683.0,1738,39.928736146385326,1141,244,1106,215,21.115322124255705,1.0121890276943106,112.22539674441619,229.570987654321,2025-12-11T09:38:00,110220000 milliseconds,18828.88445962246,0.22708658818817415,0.059880239520958084,0.03735632183908046,0.04697229489920118,0.1013538666162143,116.0,0.179,0.997,0.0030000000000000027,0.6546493110636282,"terra",110220.0,18828.88445962246,0.17083001687191487
595,"mEqB2oc4Gw9m",NA,"ORseECglIhpg",1646,434.8766707168894,1796.0,856,59.86583613585759,460,617,414,559,37.972076795927016,-0.36501170089108304,197.89444430272832,588.0078979343864,2025-12-09T04:00:00,NA,NA,NA,NA,NA,NA,NA,NA,NA,NA,NA,NA,"aqua",NaN,NaN,NaN
595,"mEqB2oc4Gw9m","ORseECglIhpg","5EZns52u5kXK",1670,446.7431137724551,1800.0,605,59.17269756908555,473,628,428,569,38.098136944839574,-0.328295787516937,183.58073580374355,598.385628742515,2025-12-09T09:58:00,21480000 milliseconds,3941.048143553984,0.2408953632979208,0.014475271411338963,0.002224694104560623,0.011645616678883183,0.0033143103644258888,400.0,0.24,0.982,0.018000000000000016,0.5305552558571294,"terra",21480.0,3941.048143553984,0.1834752394578205
595,"mEqB2oc4Gw9m","5EZns52u5kXK","KcTOipaOGfaU",1768,435.7528280542986,1888.0,806,58.016272308662344,462,610,414,553,40.2816736564037,-0.3561661488462557,199.48023074035524,581.981334841629,2025-12-10T08:59:00,82860000 milliseconds,4936.390625708737,0.07911516348599627,0.05700988947062245,0.04772234273318872,0.019736076895796487,0.05571681520571289,285.0,0.161,0.98,0.020000000000000018,0.4403002877913168,"terra",82860.0,4936.390625708737,0.059575073928418265
596,"mKfqR7h2lgoa",NA,"xbE1940ky7eY",1129,803.9486271036316,1180.0,1127,53.19686086059543,830,1200,778,1173,28.299613508068788,1.56536587249456,152.5685424949238,1188.4738706820194,2025-12-09T09:58:00,NA,NA,NA,NA,NA,NA,NA,NA,NA,NA,NA,NA,"terra",NaN,NaN,NaN
596,"mKfqR7h2lgoa","xbE1940ky7eY","3HdfJvLAMBLs",1109,647.200180342651,1247.0,987,53.817784599503106,667,1192,628,1143,28.253382574469665,-0.5692926945395602,177.095454429505,1169.0081154192967,2025-12-11T09:38:00,171600000 milliseconds,39488.124156137244,0.3062281826765199,0.017873100983020553,0.055212196126905644,0.011604462851567268,0.0016349596591363389,226.0,0.204,0.975,0.025000000000000022,0.6215529022971497,"terra",171600.0,39488.124156137244,0.23011727363716342
596,"mKfqR7h2lgoa","3HdfJvLAMBLs","2nUyRIdJAfFD",1080,790.4694444444444,1177.0,792,53.3224408358243,819,1200,762,1172,28.733432254061974,1.5511444607773717,164.53300858899107,1189.325925925926,2025-12-12T08:40:00,82920000 milliseconds,36175.69579501264,0.5793673253525407,0.026496116948378255,0.057755775577557754,0.009246644043656714,0.016847745607005287,316.0,0.293,0.98,0.020000000000000018,1.0027136075291387,"terra",82920.0,36175.69579501264,0.4362722599495012
597,"mMN0749rCZvL",NA,"3STD5ASExad8",460,825.7565217391304,485.0,1505,29.499122132842135,840,1122,810,1098,20.465620981610353,1.1237172119161871,96.7401153701776,1110.408695652174,2025-12-09T04:00:00,NA,NA,NA,NA,NA,NA,NA,NA,NA,NA,NA,NA,"aqua",NaN,NaN,NaN
597,"mMN0749rCZvL","3STD5ASExad8","uK1F8lA4XvT0",461,823.4381778741865,486.0,1181,32.612639024709075,834,1159,813,1129,18.649410561553943,0.2935314591597451,92.18376618407356,1144.416485900217,2025-12-09T09:58:00,21480000 milliseconds,8521.680130082217,0.5208850935258079,0.002171552660152009,0.0020597322348094747,0.10025530861922485,0.09286508783980824,108.0,0.234,0.994,0.006000000000000005,0.9582367748798024,"terra",21480.0,8521.680130082217,0.3967262630392094
597,"mMN0749rCZvL","uK1F8lA4XvT0","GxlLryb6IieC",426,802.8943661971831,458.0,1429,33.3515530219864,814,1143,792,1113,17.021628817074003,0.344641609875923,91.01219330881976,1127.1220657276995,2025-12-10T08:59:00,82860000 milliseconds,6713.536546242601,0.10759734828500041,0.07891770011273957,0.059322033898305086,0.022403488145636696,0.09126629180618795,76.0,0.178,0.991,0.009000000000000008,0.5465068622478697,"terra",82860.0,6713.536546242601,0.08102264719095584
597,"mMN0749rCZvL","GxlLryb6IieC","VSZVLMrncrX9",445,797.1752808988764,473.0,1047,32.60261425975925,808,1147,786,1118,17.961756612493886,0.29647064426844727,89.59797974644667,1131.9640449438202,2025-12-11T03:40:00,67260000 milliseconds,1873.3776210806607,0.03695389330467819,0.04362801377726751,0.0322234156820623,0.022710885243317575,0.05374710216726418,44.0,0.099,0.994,0.006000000000000005,0.29426331017458973,"aqua",67260.0,1873.3776210806607,0.027852774622073456
598,"mO1aoFwLpKai",NA,"DIuMo7ZPDokD",823,960.3329283110571,871.0,1589,34.273239008834146,976,305,945,273,31.89335193811575,0.14932801491059927,120.32590180780451,287.8845686512758,2025-12-10T03:01:00,NA,NA,NA,NA,NA,NA,NA,NA,NA,NA,NA,NA,"aqua",NaN,NaN,NaN
598,"mO1aoFwLpKai","DIuMo7ZPDokD","NvighoX5mJ9n",793,965.0870113493064,829.0,1178,33.78463757109021,981,297,950,265,30.945216951335997,0.24863522102120644,117.1543289325507,279.67087011349304,2025-12-11T03:40:00,88740000 milliseconds,2372.5796773257202,0.03551500153170751,0.03712871287128713,0.04941176470588235,0.014358409703545327,0.030176848503591848,86.0,0.108,0.992,0.008000000000000007,0.28259073731601414,"aqua",88740.0,2372.5796773257202,0.02673630468025378
598,"mO1aoFwLpKai","NvighoX5mJ9n","qHPMpHKKSsrl",770,974.077922077922,822.0,1094,32.54044437148262,990,285,958,255,31.7865977287285,-1.4751138248138669,123.8111831820431,269.21558441558443,2025-12-12T02:40:00,82800000 milliseconds,3447.3674263380667,0.055290576204299384,0.02943058221369162,0.008479709267110842,0.037518029775971136,0.02682469116136962,129.0,0.168,0.985,0.015000000000000013,0.3405435886224426,"aqua",82800.0,3447.3674263380667,0.04163487229876892
599,"mQDd8bupK1ax",NA,"SfO0BQrUZx8d",315,94.38095238095238,317.0,155,24.108383965574948,106,126,84,109,16.7272848482972,-1.094717480108466,67.698484809835,117.27619047619048,2025-12-10T03:01:00,NA,NA,NA,NA,NA,NA,NA,NA,NA,NA,NA,NA,"aqua",NaN,NaN,NaN
599,"mQDd8bupK1ax","SfO0BQrUZx8d","oo0D4eJTzHyu",317,96.02839116719242,329.0,144,23.300827358269032,107,133,84,114,17.900597039281188,-1.2493464721150878,71.59797974644665,123.37854889589906,2025-12-11T09:38:00,110220000 milliseconds,1580.2063321959783,0.01905814788875328,0.006329113924050633,0.03715170278637771,0.03406749805600598,0.06776690499252719,61.0,0.192,0.998,0.0020000000000000018,0.35837336764771477,"terra",110220.0,1580.2063321959783,0.014336838434004521
599,"mQDd8bupK1ax","oo0D4eJTzHyu","Sy0m8EvnPnix",318,138.18867924528303,327.0,92,23.331131353826272,149,222,126,204,18.266058566804702,-1.5656281369231804,72.18376618407356,212.71069182389937,2025-12-12T08:40:00,82920000 milliseconds,24695.295162915474,0.39550440683721133,0.0031496062992125984,0.006097560975609756,0.0012997093149930234,0.02020986023723006,75.0,0.236,0.989,0.01100000000000001,0.6732611436642567,"terra",82920.0,24695.295162915474,0.29782073278962223
600,"mT1gq0JiZNcy",NA,"cxr3cEmkiosu",680,770.3367647058824,731.0,1369,34.00885645183777,785,910,755,876,27.957070423142003,-0.3375464211587942,142.12489168102783,891.1235294117647,2025-12-10T08:59:00,NA,NA,NA,NA,NA,NA,NA,NA,NA,NA,NA,NA,"terra",NaN,NaN,NaN
600,"mT1gq0JiZNcy","cxr3cEmkiosu","Ryd24WSsxUe9",671,625.1385991058122,751.0,686,32.075815546082396,640,1049,611,1016,28.236853177657608,-0.007232549289393074,130.95331880577402,1032.1207153502235,2025-12-12T02:40:00,150060000 milliseconds,50598.118626208394,0.44858476551450327,0.013323464100666173,0.02699055330634278,0.058501944469550024,0.009957758297967415,201.0,0.3,0.958,0.04200000000000004,0.8993584856890295,"aqua",150060.0,50598.118626208394,0.3371859164747994
601,"mWsxNwyOxKQ3",NA,"QWD5mdIo8uBL",363,227.7603305785124,373.0,385,29.37235734906913,236,556,219,529,16.109140951451298,-0.11189604226073682,81.35533905932738,542.3030303030303,2025-12-11T03:40:00,NA,NA,NA,NA,NA,NA,NA,NA,NA,NA,NA,NA,"aqua",NaN,NaN,NaN
601,"mWsxNwyOxKQ3","QWD5mdIo8uBL","UrVxCyJnLgus",359,221.57381615598885,383.0,336,29.865574103610307,231,546,213,518,15.999358823025528,-0.2492428789043808,86.08326112068522,530.9860724233984,2025-12-11T09:38:00,21480000 milliseconds,3224.3845958323427,0.19708952297263707,0.0110803324099723,0.026455026455026454,0.016652058653843067,0.006838197312042387,65.0,0.181,0.996,0.0040000000000000036,0.4431151378035213,"terra",21480.0,3224.3845958323427,0.15011101470355412
602,"mXG528Za35s2",NA,"wwhIrNg7rcln",996,534.7530120481928,1050.0,999,41.060626237842314,553,765,518,724,32.11795467748922,0.08424591645170104,129.84671708797583,746.425702811245,2025-12-09T04:00:00,NA,NA,NA,NA,NA,NA,NA,NA,NA,NA,NA,NA,"aqua",NaN,NaN,NaN
602,"mXG528Za35s2","wwhIrNg7rcln","torjiRSTknXa",1032,538.4990310077519,1133.0,962,39.57273526657015,558,760,517,719,35.060688577698905,0.249978700731373,150.0243866176395,740.7374031007752,2025-12-10T08:59:00,104340000 milliseconds,1702.7443224378087,0.021689628971884704,0.03550295857988166,0.076042143838754,0.03690509594321561,0.08760920904672834,207.0,0.201,0.972,0.028000000000000025,0.48674903638046435,"terra",104340.0,1702.7443224378087,0.01631919036263953
602,"mXG528Za35s2","torjiRSTknXa","Dp8AkA4xw4KV",991,393.1533804238143,1094.0,598,39.80305562231484,410,836,369,796,34.08511266458634,-0.8310932264918934,163.71677477306463,815.4429868819375,2025-12-11T03:40:00,67260000 milliseconds,40855.14226489147,0.8059008238463649,0.040533860603064756,0.03502469690166143,0.005803289722608349,0.028217936464259616,282.0,0.285,0.988,0.01200000000000001,1.212480607537959,"aqua",67260.0,40855.14226489147,0.6074210863052553
602,"mXG528Za35s2","Dp8AkA4xw4KV","UFlXFInUGfUv",864,349.20023148148147,931.0,541,37.79847679299091,365,1036,331,998,30.903430599903214,-0.5700093896600847,126.81118318204308,1015.5057870370371,2025-12-11T09:38:00,21480000 milliseconds,51208.521817568486,3.1301052455726457,0.13692722371967656,0.16098765432098766,0.051663382588783835,0.09791516796227782,262.0,0.303,0.959,0.041000000000000036,3.9215986741643714,"terra",21480.0,51208.521817568486,2.384009395603747
603,"mZD9L69cYA8x",NA,"9eZWR4fziR3K",601,530.8352745424293,612.0,767,29.855949372262497,547,793,517,764,26.420775066037027,-0.8814369919764272,97.1543289325507,778.7371048252912,2025-12-11T03:40:00,NA,NA,NA,NA,NA,NA,NA,NA,NA,NA,NA,NA,"aqua",NaN,NaN,NaN
603,"mZD9L69cYA8x","9eZWR4fziR3K","scrGCGSOqps6",528,523.7045454545455,537.0,830,26.80608813882713,538,788,511,760,25.806944355840415,-0.29637043565484233,91.1543289325507,773.7272727272727,2025-12-11T09:38:00,21480000 milliseconds,2178.670967802502,0.13317059705394269,0.12931798051372898,0.13054830287206268,0.10765095529219064,0.023505935813061287,128.0,0.242,0.983,0.017000000000000015,0.7831937715449862,"terra",21480.0,2178.670967802502,0.10142788490700662
604,"mZGijnjN6fd9",NA,"M1XPcSrHJ1kD",766,1179.3211488250652,885.0,2141,38.647650182076795,1192,413,1163,375,28.20467622768507,-0.1892016791390406,144.12489168102783,393.7597911227154,2025-12-09T04:00:00,NA,NA,NA,NA,NA,NA,NA,NA,NA,NA,NA,NA,"aqua",NaN,NaN,NaN
604,"mZGijnjN6fd9","M1XPcSrHJ1kD","DTAZ12kWrY2W",813,1159.3763837638376,839.0,1990,39.130607680116235,1176,428,1145,394,27.29019464434904,-0.6136599990627132,119.1543289325507,410.02829028290284,2025-12-10T03:01:00,82860000 milliseconds,6434.563496620151,0.10312626807629059,0.059531348955034834,0.05336426914153132,0.012418830437039114,0.03295733710038673,249.0,0.306,0.943,0.05700000000000005,0.6243980537102827,"aqua",82860.0,6434.563496620151,0.07765584717137523
604,"mZGijnjN6fd9","DTAZ12kWrY2W","HlKhL5JktnKM",936,1166.0811965811965,1052.0,2083,44.53352308955667,1185,439,1151,397,29.29644678647053,-0.629877716541288,147.78174593052023,418.77564102564105,2025-12-10T08:59:00,21480000 milliseconds,2755.3432174175664,0.1684195120670884,0.14065180102915953,0.22527763088313063,0.12915727109660988,0.0709090375888185,201.0,0.215,0.95,0.050000000000000044,0.9994152526648069,"terra",21480.0,2755.3432174175664,0.12827482390212133
605,"mcKBEPzK9SFR",NA,"4qhGqAsr9Tt7",490,739.1265306122449,520.0,1044,27.491861483303953,753,116,726,89,23.679126020100263,-0.6156618609837708,94.08326112068524,102.66122448979591,2025-12-09T09:58:00,NA,NA,NA,NA,NA,NA,NA,NA,NA,NA,NA,NA,"terra",NaN,NaN,NaN
605,"mcKBEPzK9SFR","4qhGqAsr9Tt7","4T7xWo2aqtaq",456,695.0219298245614,479.0,1065,27.31643968197654,708,67,684,42,22.00692123671912,-0.436689303980174,85.59797974644665,54.84649122807018,2025-12-10T03:01:00,61380000 milliseconds,16262.427031986399,0.3513541543045565,0.07188160676532769,0.08208208208208208,0.006401285848959613,0.07320417868418416,70.0,0.154,0.981,0.019000000000000017,0.7579233076851101,"aqua",61380.0,16262.427031986399,0.2649466769629586
605,"mcKBEPzK9SFR","4T7xWo2aqtaq","kJP0JaxGF2dI",478,710.2426778242677,511.0,1257,28.627090804561398,724,84,698,58,22.58098429749377,-0.46454499245886577,91.25483399593904,70.91213389121339,2025-12-10T08:59:00,21480000 milliseconds,5532.72109731262,0.3381858861438032,0.047109207708779445,0.06464646464646465,0.04685621773192339,0.02574972086698109,48.0,0.1,0.988,0.01200000000000001,0.6345474970979518,"terra",21480.0,5532.72109731262,0.2575754700797309
606,"mi5UwPn4CovO",NA,"eyzGnydp4Kxa",698,493.9412607449857,826.0,723,40.95077807857909,514,357,477,323,25.084191173342067,1.0092388607667602,140.61017305526642,341.63037249283667,2025-12-11T03:40:00,NA,NA,NA,NA,NA,NA,NA,NA,NA,NA,NA,NA,"aqua",NaN,NaN,NaN
606,"mi5UwPn4CovO","eyzGnydp4Kxa","ViSyHamtXqJt",712,360.3061797752809,785.0,443,37.47245205528558,379,489,341,460,26.226798763361657,-1.2877149896476463,122.63961030678928,476.34129213483146,2025-12-12T08:40:00,104400000 milliseconds,47437.700418925466,0.6039172554923675,0.019858156028368795,0.05090006207324643,0.08870652273200624,0.04453656386006545,196.0,0.275,0.961,0.039000000000000035,1.1219185601860546,"terra",104400.0,47437.700418925466,0.4543841036295543
607,"mkhgP0218SN4",NA,"VcdHYlXlENtF",702,531.2150997150998,751.0,799,34.87972225578275,548,248,514,218,26.450313741014067,1.2059570682367216,113.9827560572969,232.24928774928776,2025-12-10T03:01:00,NA,NA,NA,NA,NA,NA,NA,NA,NA,NA,NA,NA,"aqua",NaN,NaN,NaN
607,"mkhgP0218SN4","VcdHYlXlENtF","3gLlRHd9jWxn",701,732.2639087018545,748.0,798,36.59997322685215,745,302,719,267,25.079151969186178,0.05939421353876854,113.5685424949238,284.63908701854496,2025-12-12T02:40:00,171540000 milliseconds,51940.66004975392,0.4029375125073032,0.0014255167498218105,0.004002668445630421,0.04813257693542668,0.05321855186852707,150.0,0.214,0.996,0.0040000000000000036,0.7277168265067091,"aqua",171540.0,51940.66004975392,0.3027903698831405
608,"mnKWQdrHJyR0",NA,"bRKqjLpJDhaj",693,531.020202020202,701.0,746,40.403758829153766,543,349,520,308,22.114878731234576,0.10353445031604222,107.15432893255071,327.7994227994228,2025-12-09T09:58:00,NA,NA,NA,NA,NA,NA,NA,NA,NA,NA,NA,NA,"terra",NaN,NaN,NaN
608,"mnKWQdrHJyR0","bRKqjLpJDhaj","5IraZA8cd3Xq",631,504.6164817749604,643.0,925,39.09989036996462,516,328,494,288,20.87281703771454,0.14509881519200435,103.74011537017762,306.9413629160063,2025-12-10T08:59:00,82860000 milliseconds,8412.101048820861,0.13482011457361745,0.09365558912386707,0.08630952380952381,0.03280021665228432,0.057786846738466124,77.0,0.122,0.989,0.01100000000000001,0.5383722908977588,"terra",82860.0,8412.101048820861,0.10152185673208859
608,"mnKWQdrHJyR0","5IraZA8cd3Xq","VEJmxi54E0gu",624,507.1041666666667,638.0,803,38.9668505617743,518,324,496,286,20.63334761875643,0.27742657039667223,103.49747468305833,304.47596153846155,2025-12-11T09:38:00,88740000 milliseconds,875.5990832289979,0.013106789659890695,0.011155378486055778,0.0078064012490242,0.003408360759075303,0.011538980820805596,53.0,0.085,0.995,0.0050000000000000044,0.13701591097485158,"terra",88740.0,875.5990832289979,0.009867016939700223
608,"mnKWQdrHJyR0","VEJmxi54E0gu","xx6vZeFhasVY",659,500.8088012139605,726.0,562,39.07882235884389,518,409,486,377,23.02444391207276,-0.831947908362919,115.9827560572969,391.52655538694995,2025-12-12T02:40:00,61320000 milliseconds,21819.483145169845,0.4718746354924274,0.05455962587685113,0.12903225806451613,0.002869391546754288,0.10953812409992572,140.0,0.212,0.972,0.028000000000000025,1.0078740350804747,"aqua",61320.0,21819.483145169845,0.35582979688796224
609,"mqX98zX9PCy0",NA,"bkKOoJTIA8Si",353,553.7337110481586,375.0,1035,34.38864920336938,561,469,546,435,13.431511534339549,-0.04979224269132659,88.42640687119285,452.328611898017,2025-12-09T04:00:00,NA,NA,NA,NA,NA,NA,NA,NA,NA,NA,NA,NA,"aqua",NaN,NaN,NaN
609,"mqX98zX9PCy0","bkKOoJTIA8Si","UmIwjK9b46M5",363,627.8126721763085,370.0,879,37.65188348381308,634,597,622,561,12.64715607474957,0.051079048596300324,88.52691193458118,578.396694214876,2025-12-09T09:58:00,21480000 milliseconds,36555.48339585687,2.2344427503579993,0.027932960893854747,0.013422818791946308,0.0905943962023006,0.060153031692202645,86.0,0.237,0.986,0.014000000000000012,2.677545957938304,"terra",21480.0,36555.48339585687,1.701838146920711
609,"mqX98zX9PCy0","UmIwjK9b46M5","E0lWov4K16qe",377,618.5384615384615,400.0,1080,32.81298145540266,634,647,603,627,15.402780362947995,-1.19443846585573,87.49747468305831,636.9893899204244,2025-12-10T08:59:00,82860000 milliseconds,14830.532216086653,0.23768783101348911,0.03783783783783784,0.07792207792207792,0.1373422636255543,0.19647989536938967,117.0,0.31,0.974,0.026000000000000023,1.0232699057683488,"terra",82860.0,14830.532216086653,0.17898301009035303
609,"mqX98zX9PCy0","E0lWov4K16qe","BesA1bhINxrp",351,635.8062678062678,366.0,976,28.846671412787494,648,633,624,610,16.282940414055055,-0.9049740446929949,80.42640687119285,621.8347578347579,2025-12-11T09:38:00,88740000 milliseconds,5743.692230146924,0.08597698121618029,0.07142857142857142,0.08877284595300261,0.12865171495836814,0.05555562755232414,98.0,0.279,0.977,0.02300000000000002,0.7323857411084467,"terra",88740.0,5743.692230146924,0.06472495188355785
610,"mw8FU8TQXn41",NA,"eBlX433lWExY",405,951.1703703703704,445.0,1733,25.97075064126802,965,719,939,696,21.639236300015295,1.5008081971290639,88.66904755831214,707.679012345679,2025-12-09T04:00:00,NA,NA,NA,NA,NA,NA,NA,NA,NA,NA,NA,NA,"aqua",NaN,NaN,NaN
610,"mw8FU8TQXn41","eBlX433lWExY","6eGhQbFAQMFA",433,966.4064665127021,495.0,1425,28.97902093522676,981,740,953,717,20.903865940967474,1.516434541382559,99.1543289325507,729.3441108545035,2025-12-09T09:58:00,21480000 milliseconds,6621.532673102597,0.4047391609475915,0.06682577565632458,0.10638297872340426,0.10949163964297728,0.03457060347326627,75.0,0.173,0.975,0.025000000000000022,0.9200101584435638,"terra",21480.0,6621.532673102597,0.30826502202526057
610,"mw8FU8TQXn41","6eGhQbFAQMFA","iB7iCbmcOE1J",426,960.3028169014085,493.0,1593,30.236913993947176,974,678,945,656,20.442914907546108,-1.48005095071659,105.5685424949238,667.2300469483569,2025-12-10T03:01:00,61380000 milliseconds,15603.307889503569,0.3371137061575795,0.01629802095459837,0.004048582995951417,0.04248495139779308,0.022296828142930884,153.0,0.359,0.978,0.02200000000000002,0.8032420896488532,"aqua",61380.0,15603.307889503569,0.25420833967910667
611,"n4sYQUFFs6Hp",NA,"SvIpIU8ZxMRN",974,1001.058521560575,1043.0,1826,39.43816836748732,1021,608,982,573,33.00968015537287,-1.1518632603812888,129.63961030678928,590.3788501026694,2025-12-09T04:00:00,NA,NA,NA,NA,NA,NA,NA,NA,NA,NA,NA,NA,"aqua",NaN,NaN,NaN
611,"n4sYQUFFs6Hp","SvIpIU8ZxMRN","jblvvrgwidRF",946,996.7209302325581,1018.0,1667,38.965718737269725,1016,587,978,553,32.61426902028797,-1.06111436910534,130.8111831820431,569.6173361522199,2025-12-10T03:01:00,82860000 milliseconds,5302.447312583577,0.08498192663808922,0.029166666666666667,0.024260067928190198,0.01205168895736883,0.01205081803371725,78.0,0.082,0.996,0.0040000000000000036,0.24851116822403213,"aqua",82860.0,5302.447312583577,0.06399284712265962
611,"n4sYQUFFs6Hp","jblvvrgwidRF","Bip8zTzZfEL9",994,996.17907444668,1075.0,1786,41.30137289878007,1018,597,977,562,32.496108217615834,-1.0513089039067909,138.12489168102786,578.9034205231388,2025-12-10T08:59:00,21480000 milliseconds,2325.46998793409,0.1421436422942598,0.049484536082474224,0.05446727185857621,0.05819705470582547,0.003629553619091901,85.0,0.086,0.992,0.008000000000000007,0.40192205856022756,"terra",21480.0,2325.46998793409,0.10826210372132636
611,"n4sYQUFFs6Hp","Bip8zTzZfEL9","7EVApjYSPgdo",929,1001.2314316469322,987.0,1578,38.82749063293187,1020,582,983,550,31.85256033223705,-1.0932543149960452,123.98275605729688,565.9806243272336,2025-12-11T09:38:00,88740000 milliseconds,3468.834231408315,0.051924769574258144,0.06760270410816432,0.08535402521823472,0.061747593983262614,0.02000190213353699,110.0,0.118,0.98,0.020000000000000018,0.4246309950174568,"terra",88740.0,3468.834231408315,0.03908986061988185
612,"nDl481k9lgAd",NA,"SSgk0JPpWiAJ",880,527.3215909090909,917.0,940,45.72370253189396,547,26,505,1,26.043466724041863,1.4609155459053116,127.35533905932736,11.4375,2025-12-10T08:59:00,NA,NA,NA,NA,NA,NA,NA,NA,NA,NA,NA,NA,"terra",NaN,NaN,NaN
612,"nDl481k9lgAd","SSgk0JPpWiAJ","rq4fcVufAW0U",804,734.1480099502487,841.0,1126,45.34417007859211,757,25,712,1,24.266485228141995,1.5465529770855806,131.7401153701776,10.17039800995025,2025-12-11T09:38:00,88740000 milliseconds,51707.57509836071,0.774007560786778,0.09026128266033254,0.08646188850967008,0.008335155800227935,0.07064135134093415,214.0,0.266,0.925,0.07499999999999996,1.3707072390979427,"terra",88740.0,51707.57509836071,0.5826862192738417
613,"nE2exSj0gqjg",NA,"aGDyAa8rJGsS",377,580.3236074270557,389.0,1072,27.34854290472628,591,71,569,46,17.804887584721115,-0.6463224331612449,78.66904755831214,59.43236074270557,2025-12-09T04:00:00,NA,NA,NA,NA,NA,NA,NA,NA,NA,NA,NA,NA,"aqua",NaN,NaN,NaN
613,"nE2exSj0gqjg","aGDyAa8rJGsS","lQaz4spXBRH9",371,524.6469002695418,384.0,955,25.35321400463877,538,132,512,113,19.117340780575116,-1.5538615010117216,78.18376618407356,122.15363881401618,2025-12-10T08:59:00,104340000 milliseconds,20967.01940370016,0.26707877719508516,0.016042780748663103,0.0129366106080207,0.07572153252951395,0.07109284861514999,58.0,0.156,0.991,0.009000000000000008,0.6078725496964329,"terra",104340.0,20967.01940370016,0.20094900712766112
614,"nGsozjp80wuf",NA,"Hx0M1HNJABbb",326,11.291411042944786,340.0,15,24.556965046583024,22,606,1,587,17.32427331980007,0.8760152832767095,71.94112549695429,596.2484662576687,2025-12-10T08:59:00,NA,NA,NA,NA,NA,NA,NA,NA,NA,NA,NA,NA,"terra",NaN,NaN,NaN
614,"nGsozjp80wuf","Hx0M1HNJABbb","029q16iAaiZ2",331,20.027190332326285,345.0,23,26.08655755158868,32,625,7,605,16.996984728517063,1.0035032187528539,77.84062043356595,614.8429003021148,2025-12-11T03:40:00,67260000 milliseconds,5136.066206410079,0.10131307242154214,0.015220700152207,0.014598540145985401,0.06040624453168968,0.019072062616251072,52.0,0.157,0.981,0.019000000000000017,0.3866106198676753,"aqua",67260.0,5136.066206410079,0.07636137684225511
614,"nGsozjp80wuf","029q16iAaiZ2","AGK5zsasQCRm",338,18.943786982248522,347.0,30,24.870528324078634,31,609,7,589,17.68698764404872,1.068154188392183,74.01219330881976,599.4408284023668,2025-12-11T09:38:00,21480000 milliseconds,3860.0322345153872,0.23594329061829997,0.02092675635276532,0.005780346820809248,0.04772758122303518,0.03978799822118609,85.0,0.251,0.982,0.018000000000000016,0.6191659732360958,"terra",21480.0,3860.0322345153872,0.17970354909289513
615,"nM3sJLpD5cHI",NA,"AvGml6IKeINj",338,869.4408284023668,343.0,1432,24.84385743404088,882,903,859,884,17.69024751005195,-1.2052321827175518,72.18376618407356,892.7781065088758,2025-12-10T03:01:00,NA,NA,NA,NA,NA,NA,NA,NA,NA,NA,NA,NA,"aqua",NaN,NaN,NaN
615,"nM3sJLpD5cHI","AvGml6IKeINj","guuBkrJoNyQS",329,801.9118541033434,367.0,1054,26.773795773364196,812,854,793,827,17.183098384601273,0.45893680434607736,84.08326112068524,841.2006079027356,2025-12-11T03:40:00,88740000 milliseconds,21243.235294359827,0.3179887028569692,0.026986506746626688,0.0676056338028169,0.07477822874157498,0.029085200312163533,87.0,0.264,0.967,0.03300000000000003,0.8134442724601513,"aqua",88740.0,21243.235294359827,0.23938737090781864
616,"nPVM0oA0qhAl",NA,"PcrD7cUplgqg",584,296.3253424657534,613.0,598,30.830212539913397,312,982,283,954,25.056571624437453,0.8415206389641526,106.94722215136416,968.0017123287671,2025-12-09T04:00:00,NA,NA,NA,NA,NA,NA,NA,NA,NA,NA,NA,NA,"aqua",NaN,NaN,NaN
616,"nPVM0oA0qhAl","PcrD7cUplgqg","1xJhHJSFOPa0",682,305.5205278592375,748.0,325,34.692796806195915,324,989,287,959,26.449380191419955,1.4393949200214025,124.46803743153546,973.8123167155425,2025-12-09T09:58:00,21480000 milliseconds,2719.3123873526906,0.16621713859124027,0.15481832543443919,0.19838354151359294,0.11790008746024952,0.054083402708954155,196.0,0.287,0.966,0.03400000000000003,1.012402495708476,"terra",21480.0,2719.3123873526906,0.12659741095682917
616,"nPVM0oA0qhAl","1xJhHJSFOPa0","L8nquRemQD4Z",785,297.50063694267516,817.0,550,39.19513405707828,316,975,277,944,26.323847405931097,1.1481715076946108,128.12489168102786,959.7859872611465,2025-12-10T08:59:00,82860000 milliseconds,4039.3112676916808,0.06473773968573894,0.14042263122017723,0.08817891373801917,0.12186935534069036,0.004757442029001797,177.0,0.225,0.983,0.017000000000000015,0.6619660820136275,"terra",82860.0,4039.3112676916808,0.048748627416023184
616,"nPVM0oA0qhAl","L8nquRemQD4Z","GNkjoYviSOxb",770,233.6038961038961,865.0,224,39.572182976007944,250,814,217,776,27.12016463117682,0.7711160235769058,135.88225099390854,793.648051948052,2025-12-12T08:40:00,171660000 milliseconds,44500.42629003407,0.344977916121044,0.01929260450160772,0.057074910820451845,0.009573740305799357,0.0298000541086928,189.0,0.245,0.958,0.04200000000000004,0.7477192258575959,"terra",171660.0,44500.42629003407,0.25923585162550433
617,"nQFRmQfqxr1d",NA,"dCI0q74FmdcI",604,321.182119205298,650.0,638,31.542712252588963,335,531,305,501,26.24533606449028,-0.6095035214275917,117.22539674441617,515.8476821192053,2025-12-09T04:00:00,NA,NA,NA,NA,NA,NA,NA,NA,NA,NA,NA,NA,"aqua",NaN,NaN,NaN
617,"nQFRmQfqxr1d","dCI0q74FmdcI","1Wz9DWSkpCjV",598,324.0200668896321,620.0,607,32.83920230775434,337,522,310,491,23.45113888872485,-0.504164090343101,100.29036790187178,506.8444816053512,2025-12-10T08:59:00,104340000 milliseconds,2359.973073888767,0.03006143651854999,0.009983361064891847,0.047244094488188976,0.040274976723477705,0.11245051800538869,141.0,0.236,0.956,0.04400000000000004,0.5200143868004973,"terra",104340.0,2359.973073888767,0.02261810498264105
617,"nQFRmQfqxr1d","1Wz9DWSkpCjV","vTqUYWWEiqhs",591,332.52622673434854,607.0,519,33.29795901627312,344,522,319,490,22.864490147854738,-0.41552835796052434,98.84062043356595,506.81895093062604,2025-12-11T03:40:00,67260000 milliseconds,2126.5495397359373,0.04194791477928666,0.011774600504625737,0.021189894050529748,0.013872887778511655,0.025332647016702788,56.0,0.095,0.998,0.0020000000000000018,0.2111179441296566,"aqua",67260.0,2126.5495397359373,0.031616853103418635
618,"nRRxFVuTepou",NA,"Ixkj7RSEop6L",375,823.04,407.0,1456,27.555171532558685,836,1200,809,1180,18.4432832709165,1.2274265328156502,86.66904755831214,1189.792,2025-12-10T08:59:00,NA,NA,NA,NA,NA,NA,NA,NA,NA,NA,NA,NA,"terra",NaN,NaN,NaN
618,"nRRxFVuTepou","Ixkj7RSEop6L","118pWZE0Udk1",367,900.1144414168938,408.0,989,26.901968074786918,914,1200,888,1180,19.242853097634246,1.5514313330477856,90.66904755831213,1188.4059945504086,2025-12-12T02:40:00,150060000 milliseconds,19271.725614926934,0.17085620475133592,0.0215633423180593,0.00245398773006135,0.023989635242746297,0.042433101599929,133.0,0.362,0.983,0.017000000000000015,0.6402962716421319,"aqua",150060.0,19271.725614926934,0.1284268000461611
619,"nUgLVaalfDue",NA,"fNUcK00mix05",513,614.6471734892788,520.0,918,30.938224580289234,630,278,601,252,21.921930567125496,-0.8986797247876533,92.08326112068524,263.7056530214425,2025-12-10T03:01:00,NA,NA,NA,NA,NA,NA,NA,NA,NA,NA,NA,NA,"aqua",NaN,NaN,NaN
619,"nUgLVaalfDue","fNUcK00mix05","WsVqYHRev24l",523,618.0994263862333,533.0,1084,31.27313805111304,634,291,604,265,22.082065202695713,-0.8893918557316012,90.91168824543142,276.9827915869981,2025-12-10T08:59:00,21480000 milliseconds,3429.654306135438,0.20963657127967225,0.019305019305019305,0.024691358024691357,0.010766954995284203,0.007278186117817949,47.0,0.09,0.994,0.006000000000000005,0.36767808972248506,"terra",21480.0,3429.654306135438,0.15966733268786956
619,"nUgLVaalfDue","WsVqYHRev24l","xd7pKzSYeb9K",516,616.4980620155038,533.0,847,28.496785750466916,631,281,603,258,24.015978561981548,-1.348100166741832,91.01219330881976,268.4108527131783,2025-12-11T03:40:00,67260000 milliseconds,2180.0588281102673,0.043003428900488555,0.013474494706448507,0.0,0.092901316383232,0.08390435694660438,109.0,0.211,0.987,0.013000000000000012,0.45728359693677345,"aqua",67260.0,2180.0588281102673,0.03241241195525226
619,"nUgLVaalfDue","xd7pKzSYeb9K","621Zto7dXwHC",502,618.4163346613545,507.0,953,29.28008734944162,632,279,605,253,22.27192594745816,-0.8572013216858886,87.84062043356595,266.1115537848606,2025-12-11T09:38:00,21480000 milliseconds,748.6047649453543,0.04575823746609745,0.0275049115913556,0.05,0.027114710677409178,0.07535673230434158,93.0,0.185,0.987,0.013000000000000012,0.42373459203920383,"terra",21480.0,748.6047649453543,0.03485124604028651
619,"nUgLVaalfDue","621Zto7dXwHC","C0E3iP0ZjXyU",487,655.4948665297741,549.0,723,28.149023920686286,669,324,642,296,24.22636567581099,-0.9462739597833875,109.9827560572969,312.29979466119096,2025-12-12T02:40:00,61320000 milliseconds,14807.454036665367,0.3202304073673306,0.030333670374115267,0.07954545454545454,0.03938989838916982,0.08406501228852747,154.0,0.316,0.951,0.049000000000000044,0.9185644429645978,"aqua",61320.0,14807.454036665367,0.24147837633179006
620,"nXD101gvLMZd",NA,"fCTzeWEaXnLh",1005,877.6587064676617,1060.0,1608,38.474149806133745,902,372,861,335,35.319427150875924,-1.1599061477294716,132.46803743153546,352.4358208955224,2025-12-09T04:00:00,NA,NA,NA,NA,NA,NA,NA,NA,NA,NA,NA,NA,"aqua",NaN,NaN,NaN
620,"nXD101gvLMZd","fCTzeWEaXnLh","VyFtYiKxoV8r",1025,911.6253658536585,1109.0,1132,38.11567422878548,932,498,894,459,36.126793491095704,-0.6193016944311699,152.26702730475878,478.7053658536585,2025-12-11T03:40:00,171600000 milliseconds,32689.573962674905,0.2535058081634347,0.019704433497536946,0.045182111572153065,0.009360919204745202,0.022600673148706372,288.0,0.281,0.968,0.03200000000000003,0.6633539455865763,"aqua",171600.0,32689.573962674905,0.19049868276617077
621,"nZ3vY5GrZe1u",NA,"UBGWbKnBmrpb",868,414.3675115207373,951.0,653,35.80413588514371,437,997,397,963,33.79631002063053,-0.6133598598644979,137.29646455628165,981.6658986175115,2025-12-10T03:01:00,NA,NA,NA,NA,NA,NA,NA,NA,NA,NA,NA,NA,"aqua",NaN,NaN,NaN
621,"nZ3vY5GrZe1u","UBGWbKnBmrpb","mkEkfWw8R9P9",893,485.2172452407615,999.0,759,39.33078581539871,508,952,466,919,32.684619170753976,1.2138698792898297,141.46803743153546,938.2150055991042,2025-12-11T09:38:00,110220000 milliseconds,20778.090733233,0.2505950760807212,0.028392958546280524,0.04923076923076923,0.09387512092741143,0.0334439022859091,246.0,0.275,0.986,0.014000000000000012,0.7445378270710915,"terra",110220.0,20778.090733233,0.18851470452942296
622,"ncy7eeF20JyG",NA,"7wCnw5TJhraG",470,338.17659574468087,475.0,695,34.14012529625308,347,626,330,593,17.581701219609165,0.001460407551499903,86.76955262170047,609.4127659574468,2025-12-09T04:00:00,NA,NA,NA,NA,NA,NA,NA,NA,NA,NA,NA,NA,"aqua",NaN,NaN,NaN
622,"ncy7eeF20JyG","7wCnw5TJhraG","dybHFiLOTJZV",516,352.5717054263566,522.0,437,35.41699755546287,362,631,344,597,18.697654178459736,0.14215417239180209,90.76955262170047,614.6027131782946,2025-12-09T09:58:00,21480000 milliseconds,3825.5288433648234,0.23383428137926793,0.09330628803245436,0.09428284854563691,0.036714349497516306,0.061519999272642595,50.0,0.097,0.989,0.01100000000000001,0.627657766727518,"terra",21480.0,3825.5288433648234,0.178097245966705
622,"ncy7eeF20JyG","dybHFiLOTJZV","DvfZJjlwy763",495,283.8949494949495,556.0,489,35.31173630601999,298,612,267,584,19.377954313000437,0.9243364485566897,101.98275605729688,597.8,2025-12-10T03:01:00,61380000 milliseconds,17675.59754190451,0.38188608711039235,0.04154302670623145,0.06307977736549165,0.002976477697141573,0.03573417006287807,103.0,0.208,0.983,0.017000000000000015,0.7502195389421351,"aqua",61380.0,17675.59754190451,0.2879699827615593
622,"ncy7eeF20JyG","DvfZJjlwy763","am44CNk6UDTn",541,355.7116451016636,544.0,563,36.251762274162736,365,617,347,581,19.06574179416349,0.08470496475298152,93.59797974644665,598.992606284658,2025-12-11T03:40:00,88740000 milliseconds,17956.649321382367,0.2687919964281471,0.0888030888030888,0.02181818181818182,0.02627110151942905,0.01624258593485068,109.0,0.201,0.987,0.013000000000000012,0.6359269545036974,"aqua",88740.0,17956.649321382367,0.20235124319790812
623,"ngEZKFcB3d9T",NA,"Da1jyVZfJ1QR",553,1006.3526220614829,609.0,1487,31.58573222244881,1022,823,992,797,23.561219932339455,1.1632034250139,102.63351365237939,810.4810126582279,2025-12-09T09:58:00,NA,NA,NA,NA,NA,NA,NA,NA,NA,NA,NA,NA,"terra",NaN,NaN,NaN
623,"ngEZKFcB3d9T","Da1jyVZfJ1QR","6t7kIrpmKa5F",552,1001.588768115942,618.0,1585,32.0173835950189,1014,818,987,784,24.166114590046913,0.49464728772201005,116.36143571373724,799.0199275362319,2025-12-11T09:38:00,171600000 milliseconds,3102.929831104019,0.024063046383125387,0.0018099547511312218,0.014669926650366748,0.013573277567371634,0.0253479337893355,188.0,0.341,0.966,0.03400000000000003,0.45446413914133055,"terra",171600.0,3102.929831104019,0.01808234167310034
624,"nmgtwordFlou",NA,"8v7XbL5RVj6l",865,163.52832369942197,895.0,304,40.27954080852806,180,127,147,88,27.822878535504877,0.5062352374898804,121.3319984622144,108.60809248554914,2025-12-09T04:00:00,NA,NA,NA,NA,NA,NA,NA,NA,NA,NA,NA,NA,"aqua",NaN,NaN,NaN
624,"nmgtwordFlou","8v7XbL5RVj6l","tA0c0O07cIiv",855,142.36140350877193,902.0,224,42.8219888814485,158,125,129,83,26.05694894066078,0.3791837689589195,122.12489168102785,104.8374269005848,2025-12-10T03:01:00,82860000 milliseconds,5375.037379585043,0.08614532221468135,0.011627906976744186,0.0077907623817473565,0.06118895963541086,0.06555067740798814,142.0,0.166,0.994,0.006000000000000005,0.4043036286165719,"aqua",82860.0,5375.037379585043,0.06486890392933917
624,"nmgtwordFlou","tA0c0O07cIiv","HhPWeNjyGkTg",750,102.71466666666667,808.0,146,38.941756109318725,116,255,86,217,27.680688575453207,-0.2797067436033922,126.22539674441619,238.264,2025-12-11T09:38:00,110220000 milliseconds,34798.090959922585,0.4196839047207693,0.1308411214953271,0.10994152046783626,0.09491328393942644,0.06043211833812099,213.0,0.284,0.982,0.018000000000000016,1.11781194896148,"terra",110220.0,34798.090959922585,0.315714851750341
625,"oFzqGE3rMiid",NA,"WVBgijvIRvkI",695,987.1553956834532,722.0,1653,36.76344656075067,1002,98,972,63,24.66806788831486,-0.6503189209838952,111.39696961966999,79.68057553956835,2025-12-10T03:01:00,NA,NA,NA,NA,NA,NA,NA,NA,NA,NA,NA,NA,"aqua",NaN,NaN,NaN
625,"oFzqGE3rMiid","WVBgijvIRvkI","40vVk1uhDQ6s",722,985.8296398891966,803.0,1190,40.669429538857955,1003,89,970,49,24.515579183736552,-0.7045098564175671,135.36753236814712,69.05817174515235,2025-12-11T03:40:00,88740000 milliseconds,2676.204060764382,0.04005993654313872,0.038108680310515175,0.1062295081967213,0.10088694040197287,0.006200788825396334,118.0,0.163,0.948,0.052000000000000046,0.5064858542777444,"aqua",88740.0,2676.204060764382,0.030157810015375052
626,"oISIkkTnXJ0c",NA,"msxJ9KvNhyFj",425,107.96705882352941,469.0,182,27.311834599097697,121,610,93,584,21.486950369008852,-0.9286367696172101,92.49747468305833,595.6211764705882,2025-12-09T04:00:00,NA,NA,NA,NA,NA,NA,NA,NA,NA,NA,NA,NA,"aqua",NaN,NaN,NaN
626,"oISIkkTnXJ0c","msxJ9KvNhyFj","AXN0dU29k2Nl",443,100.82392776523702,449.0,161,27.89704809949529,111,637,92,611,20.420897573208364,-0.07895358752869487,79.69848480983498,624.1873589164785,2025-12-11T03:40:00,171600000 milliseconds,7361.432863443734,0.05708749797164586,0.041474654377880185,0.04357298474945534,0.021199976228191534,0.050876045807475845,97.0,0.219,0.978,0.02200000000000002,0.4552111591346488,"aqua",171600.0,7361.432863443734,0.04289879291051127
626,"oISIkkTnXJ0c","AXN0dU29k2Nl","vvu9jxSJ1eqw",486,93.24897119341564,512.0,50,29.037650294396613,109,634,80,608,22.57822932973467,1.0470776458750213,94.66904755831213,619.7037037037037,2025-12-12T02:40:00,82800000 milliseconds,2200.6125728422544,0.035294507984639206,0.09257265877287406,0.13111342351716962,0.04006703212899393,0.10034304935520202,119.0,0.245,0.972,0.028000000000000025,0.6723906717588789,"aqua",82800.0,2200.6125728422544,0.026577446531911283
627,"oIjYK33mAktf",NA,"Uhkjk9PsyaRY",677,594.8892171344165,760.0,1087,35.6042199904689,608,35,579,1,26.892963324897032,0.22080192019999811,122.29036790187178,14.302806499261447,2025-12-09T04:00:00,NA,NA,NA,NA,NA,NA,NA,NA,NA,NA,NA,NA,"aqua",NaN,NaN,NaN
627,"oIjYK33mAktf","Uhkjk9PsyaRY","q35MlhunI7LN",670,547.9089552238806,735.0,828,36.63294007041296,561,67,535,28,25.14374249090422,0.17507667802469062,117.88225099390854,46.24328358208955,2025-12-10T03:01:00,82860000 milliseconds,14202.418556053262,0.22762110034543254,0.010393466963622866,0.033444816053511704,0.028481742058437728,0.0672302678107518,193.0,0.288,0.963,0.03700000000000003,0.6921713932317566,"aqua",82860.0,14202.418556053262,0.17140258938031935
627,"oIjYK33mAktf","q35MlhunI7LN","O84GXbQGEUw4",655,562.6625954198473,678.0,996,35.831328637843896,576,80,550,44,23.96296595248104,0.33193798720664247,106.56854249492379,62.422900763358776,2025-12-10T08:59:00,21480000 milliseconds,5474.086174676018,0.3346018444178495,0.022641509433962263,0.08067940552016985,0.02212432270023646,0.0480902335282557,127.0,0.194,0.977,0.02300000000000002,0.7251373156004739,"terra",21480.0,5474.086174676018,0.25484572507802694
627,"oIjYK33mAktf","O84GXbQGEUw4","WptGWTCG9H4j",703,545.628733997155,768.0,855,37.955187614961176,560,78,532,38,25.429071167850882,0.3652457437170388,131.46803743153546,60.766714082503555,2025-12-11T09:38:00,88740000 milliseconds,4278.5466960853655,0.06404530643043732,0.07069219440353461,0.12448132780082988,0.05756767184509918,0.05936605577931632,183.0,0.26,0.956,0.04400000000000004,0.6801525562592174,"terra",88740.0,4278.5466960853655,0.04821440946681728
628,"oLxGexPOLnW6",NA,"wBBs529c03bf",386,940.7461139896373,395.0,1721,23.460682416135928,951,1029,931,1006,21.29494066914879,-0.3820583226640857,75.94112549695427,1017.6839378238342,2025-12-09T04:00:00,NA,NA,NA,NA,NA,NA,NA,NA,NA,NA,NA,NA,"aqua",NaN,NaN,NaN
628,"oLxGexPOLnW6","wBBs529c03bf","DG6g2CijxZGj",370,935.0027027027027,384.0,1383,24.341435087672796,945,1043,923,1018,20.542771257740505,0.333340725914522,79.49747468305833,1029.918918918919,2025-12-09T09:58:00,21480000 milliseconds,3378.993337593032,0.20653993506069876,0.042328042328042326,0.028241335044929396,0.03684994379032236,0.03595652710275787,82.0,0.222,0.997,0.0030000000000000027,0.5749157833267508,"terra",21480.0,3378.993337593032,0.15730881459930315
628,"oLxGexPOLnW6","DG6g2CijxZGj","cm5I1SBzI28z",341,939.6510263929619,354.0,1558,22.222011486868364,950,1020,929,999,20.059811373190044,-1.1231679931937422,73.35533905932738,1009.7038123167156,2025-12-10T03:01:00,61380000 milliseconds,5185.662012148687,0.1120376366457532,0.08157524613220815,0.08130081300813008,0.09103379396160244,0.02378961402236259,80.0,0.235,0.99,0.010000000000000009,0.6347371037700564,"aqua",61380.0,5185.662012148687,0.08448455542764234
628,"oLxGexPOLnW6","cm5I1SBzI28z","qgJPbBmzb7Vs",334,883.9760479041917,340.0,1122,21.69861074327989,895,1056,873,1035,20.005369020398113,0.735304742800839,72.76955262170047,1045.2934131736527,2025-12-11T03:40:00,88740000 milliseconds,16519.539413375605,0.24727998523127917,0.02074074074074074,0.040345821325648415,0.023833940277339653,0.0027176891384042465,68.0,0.204,0.991,0.009000000000000008,0.5479181767134123,"aqua",88740.0,16519.539413375605,0.1861566307569935
629,"oMSt6qKxTjwV",NA,"wficNl5IVsVN",421,448.90736342042754,433.0,623,23.870814642504158,461,825,437,802,22.89132076359163,0.7693879569744874,79.84062043356595,812.6484560570071,2025-12-09T09:58:00,NA,NA,NA,NA,NA,NA,NA,NA,NA,NA,NA,NA,"terra",NaN,NaN,NaN
629,"oMSt6qKxTjwV","wficNl5IVsVN","7RQPWyEApBOC",434,442.1774193548387,438.0,836,24.719113645780237,454,809,430,785,22.668985800477955,0.48843975261437905,79.84062043356595,796.4677419354839,2025-12-10T08:59:00,82860000 milliseconds,4381.121835560612,0.07021591210129999,0.0304093567251462,0.011481056257175661,0.034916660022345156,0.009760029283429587,47.0,0.108,0.998,0.0020000000000000018,0.2667830143893966,"terra",82860.0,4381.121835560612,0.05287378512624442
629,"oMSt6qKxTjwV","7RQPWyEApBOC","lrirdmdLZKsu",464,460.0064655172414,486.0,696,28.545076124524087,471,803,448,776,21.25327426762912,0.4346968083545031,90.08326112068522,788.5625,2025-12-11T03:40:00,67260000 milliseconds,4875.754666713265,0.09617821613005749,0.066815144766147,0.1038961038961039,0.14365983957487657,0.06446442103177721,85.0,0.183,0.971,0.029000000000000026,0.6870137253989621,"aqua",67260.0,4875.754666713265,0.07249114877658734
629,"oMSt6qKxTjwV","lrirdmdLZKsu","TwNarL4546Lq",465,443.8516129032258,480.0,705,25.324186635326857,456,770,431,745,24.077855340463845,0.959491444935808,92.32590180780451,757.5075268817204,2025-12-11T09:38:00,21480000 milliseconds,8751.39495436882,0.5349263419540843,0.002152852529601722,0.012422360248447204,0.11958171781767085,0.12461992883276629,106.0,0.228,0.99,0.010000000000000009,1.0317032013825704,"terra",21480.0,8751.39495436882,0.40742062171177
629,"oMSt6qKxTjwV","TwNarL4546Lq","GQRLeZpj2Ewt",455,409.76703296703295,525.0,507,27.87661161106333,424,825,398,799,22.7037008416861,-1.0535087233902396,106.1543289325507,811.6307692307693,2025-12-12T08:40:00,82920000 milliseconds,15990.395460636275,0.25609217585900507,0.021739130434782608,0.08955223880597014,0.0959543863953079,0.058747703621799145,148.0,0.325,0.954,0.04600000000000004,0.8930856351168648,"terra",82920.0,15990.395460636275,0.19284123806845482
630,"oNfbojBRXKFa",NA,"a89yS8U1SIAb",2028,718.4694280078895,2439.0,1263,77.49844600951357,767,1200,687,1148,39.23402155761379,0.8914609835702038,238.6162697096763,1178.913708086785,2025-12-09T04:00:00,NA,NA,NA,NA,NA,NA,NA,NA,NA,NA,NA,NA,"aqua",NaN,NaN,NaN
630,"oNfbojBRXKFa","a89yS8U1SIAb","IBefTHkoXfYg",2212,721.2816455696203,2767.0,1241,88.15907791029937,774,1200,687,1144,39.893635412253,0.882675415815234,263.1370849898476,1177.2947558770343,2025-12-10T08:59:00,104340000 milliseconds,811.2326220004505,0.010333515342977525,0.08679245283018867,0.1260084517864003,0.12870688452335088,0.016672144226143427,406.0,0.184,0.975,0.025000000000000022,0.5775134487090609,"terra",104340.0,811.2326220004505,0.007774895744685169
631,"oSVqJhbmPBTv",NA,"uznsjLREpELx",709,171.32722143864598,725.0,339,38.3772475299208,184,693,160,653,23.925609307615677,0.05970781521101798,109.98275605729691,673.0535966149506,2025-12-09T04:00:00,NA,NA,NA,NA,NA,NA,NA,NA,NA,NA,NA,NA,"aqua",NaN,NaN,NaN
631,"oSVqJhbmPBTv","uznsjLREpELx","ukbe2H9WZkyN",655,172.19236641221374,659.0,295,38.31681596445829,184,683,162,644,22.021115785930704,-0.006975941298949375,102.08326112068522,663.4030534351145,2025-12-10T03:01:00,82860000 milliseconds,2422.3111315844876,0.03882219940034438,0.07917888563049853,0.0953757225433526,0.0015759124685559868,0.08290007689590377,59.0,0.09,0.984,0.016000000000000014,0.4038527969386553,"aqua",82860.0,2422.3111315844876,0.02923378145769355
631,"oSVqJhbmPBTv","ukbe2H9WZkyN","Jl9rYtb1Jf3Y",653,177.80857580398163,665.0,316,37.53584284966871,190,687,167,648,22.520253598218957,0.0456163420596423,103.49747468305833,667.6202143950995,2025-12-10T08:59:00,21480000 milliseconds,1755.8163075654318,0.1073237351812611,0.0030581039755351682,0.00906344410876133,0.020591845480415278,0.022412324505940096,59.0,0.09,0.994,0.006000000000000005,0.25844945325191304,"terra",21480.0,1755.8163075654318,0.08174191376002941
632,"oT7ev4NwIjxU",NA,"IHwqfe2r7fu7",345,403.2028985507246,365.0,527,26.690009097380177,412,780,394,753,17.0707022532572,0.042380874620322556,78.66904755831214,766.5826086956522,2025-12-09T09:58:00,NA,NA,NA,NA,NA,NA,NA,NA,NA,NA,NA,NA,"terra",NaN,NaN,NaN
632,"oT7ev4NwIjxU","IHwqfe2r7fu7","eaE1Fdzn1I36",338,352.5887573964497,348.0,560,26.71405645367534,361,831,342,807,16.930209903276246,0.3837936493307556,75.1126983722081,817.9852071005918,2025-12-11T09:38:00,171600000 milliseconds,18034.72069295149,0.13985824500156255,0.020497803806734993,0.047685834502103785,0.000900581483713958,0.008264034172621832,77.0,0.228,0.997,0.0030000000000000027,0.44820649896673714,"terra",171600.0,18034.72069295149,0.10509743993561475
633,"oekiaIHZ25E9",NA,"wa0tikPKstTL",403,1184.6129032258063,443.0,1457,28.781118897732405,1199,70,1173,47,19.221665866139457,-1.1074826026290612,90.15432893255071,56.712158808933005,2025-12-12T02:40:00,NA,NA,NA,NA,NA,NA,NA,NA,NA,NA,NA,NA,"aqua",NaN,NaN,NaN
633,"oekiaIHZ25E9","wa0tikPKstTL","8kP8cBtUZ0lX",425,1186.8964705882354,499.0,1172,29.032957920297356,1200,82,1175,60,20.60023198554935,-1.2209034340528984,96.66904755831214,69.6329411764706,2025-12-12T08:40:00,21600000 milliseconds,3280.2562484509253,0.1994076746778678,0.05314009661835749,0.11889596602972399,0.008712031270779134,0.06923658558636121,77.0,0.181,0.968,0.03200000000000003,0.6623923541830896,"terra",21600.0,3280.2562484509253,0.15186371520606134
634,"oyxUUw8gIw0q",NA,"R5u1rkwKPYb8",357,764.9271708683474,388.0,1210,26.27099418348748,776,651,756,625,19.008939071141818,0.24210439431850642,82.76955262170047,639.6806722689075,2025-12-10T03:01:00,NA,NA,NA,NA,NA,NA,NA,NA,NA,NA,NA,NA,"aqua",NaN,NaN,NaN
634,"oyxUUw8gIw0q","R5u1rkwKPYb8","AIzr0QgfZzzP",361,762.1191135734072,403.0,1365,25.62689358007005,774,660,753,634,19.920504358877682,0.3171912882027122,85.25483399593904,647.9113573407202,2025-12-10T08:59:00,21480000 milliseconds,2174.128597321048,0.13289294604651883,0.011142061281337047,0.03792667509481669,0.02482184270588816,0.04683166299947321,37.0,0.102,0.999,0.0010000000000000009,0.35661518812803394,"terra",21480.0,2174.128597321048,0.10121641514530018
634,"oyxUUw8gIw0q","AIzr0QgfZzzP","zkDd9DwJ2Jyk",367,771.149863760218,401.0,1202,26.206675756381365,783,650,762,624,19.760263320644608,0.10621893012572463,85.84062043356595,638.7901907356949,2025-12-11T09:38:00,88740000 milliseconds,3208.8756712166005,0.04803346562707283,0.016483516483516484,0.004975124378109453,0.022370914591968483,0.008076508979223644,58.0,0.158,0.993,0.007000000000000006,0.2649395300598909,"terra",88740.0,3208.8756712166005,0.03616042000469462
635,"pF2pYdtIo9om",NA,"PCC1sJBJDM33",641,1085.9188767550702,649.0,1862,29.373433887509698,1101,323,1073,293,28.171223493748876,-0.5835700119523783,98.08326112068522,308.0499219968799,2025-12-10T03:01:00,NA,NA,NA,NA,NA,NA,NA,NA,NA,NA,NA,NA,"aqua",NaN,NaN,NaN
635,"pF2pYdtIo9om","PCC1sJBJDM33","B46nWnAOKzZ6",557,1073.4685816876122,594.0,1928,29.657821647477235,1088,370,1059,341,25.464789748860532,-1.0748714582056307,113.39696961966997,355.5421903052065,2025-12-10T08:59:00,21480000 milliseconds,12274.27542753759,0.7502613342015642,0.14023372287145242,0.08849557522123894,0.00963515877784386,0.10091852773048032,133.0,0.239,0.965,0.03500000000000003,1.3635443188025795,"terra",21480.0,12274.27542753759,0.571428092529683
636,"pRqbAgiEBkvV",NA,"2lzgJteqWRLt",960,461.8875,984.0,633,38.2817346469873,480,420,445,380,32.659534309394864,0.18516287202854598,121.88225099390856,399.4583333333333,2025-12-09T09:58:00,NA,NA,NA,NA,NA,NA,NA,NA,NA,NA,NA,NA,"terra",NaN,NaN,NaN
636,"pRqbAgiEBkvV","2lzgJteqWRLt","PzZuzwYEsH8R",1008,443.2371031746032,1019.0,829,38.64844765647371,462,401,427,361,33.83183229907616,0.21080408814352125,124.22539674441617,380.6934523809524,2025-12-10T08:59:00,82860000 milliseconds,6614.180121629772,0.10600497029617392,0.04878048780487805,0.034947578632051925,0.009533657623216252,0.03526166025686547,75.0,0.074,0.99,0.010000000000000009,0.3185283546131856,"terra",82860.0,6614.180121629772,0.07982355927624633
636,"pRqbAgiEBkvV","PzZuzwYEsH8R","u8DqRurkctLd",864,451.1388888888889,903.0,683,34.61794236034213,470,403,435,366,33.08630378234256,1.0267219667578316,123.29646455628165,384.79976851851853,2025-12-11T03:40:00,67260000 milliseconds,2226.2643836723146,0.04391487096700492,0.15384615384615385,0.12070759625390219,0.11002330796444353,0.022281807605236403,266.0,0.308,0.995,0.0050000000000000044,0.763773736636741,"aqua",67260.0,2226.2643836723146,0.033099381261854216
636,"pRqbAgiEBkvV","u8DqRurkctLd","sMlR88kvZ04R",988,447.6811740890688,1000.0,703,38.073663700374794,466,396,431,357,33.73794876542045,0.3572917246694382,123.63961030678928,376.1761133603239,2025-12-11T09:38:00,21480000 milliseconds,2322.757250612301,0.14197782705454162,0.13390928725701945,0.10194429847609038,0.09507896515991726,0.019503247944662603,250.0,0.253,0.995,0.0050000000000000044,0.7504136258922314,"terra",21480.0,2322.757250612301,0.1081358124121183
636,"pRqbAgiEBkvV","sMlR88kvZ04R","2HUzzvz466uc",928,454.4148706896552,959.0,553,36.33280513897645,473,409,438,371,33.37155717454576,0.45254605306241663,123.88225099390857,389.4030172413793,2025-12-12T08:40:00,82920000 milliseconds,3710.57320527627,0.05942622045605814,0.06263048016701461,0.04185809086268504,0.04679320463808013,0.010919215861980941,82.0,0.088,0.995,0.0050000000000000044,0.3146272119858189,"terra",82920.0,3710.57320527627,0.044748832673375184
637,"pjt7mRvreZ15",NA,"8aDitAH6zwv9",593,513.052276559865,658.0,579,33.40138265784442,532,37,500,8,25.366677061955087,-1.0051225619096649,110.5685424949238,21.315345699831365,2025-12-12T02:40:00,NA,NA,NA,NA,NA,NA,NA,NA,NA,NA,NA,NA,"aqua",NaN,NaN,NaN
637,"pjt7mRvreZ15","8aDitAH6zwv9","w2reF34EmhtH",629,522.6963434022258,672.0,624,36.65327114593182,535,44,511,8,22.528518547351165,-0.2841421018677137,112.46803743153548,24.538950715421304,2025-12-12T08:40:00,21600000 milliseconds,2542.140517315806,0.15453741746600644,0.058919803600654665,0.021052631578947368,0.09283861418246293,0.11851537418306127,202.0,0.321,0.996,0.0040000000000000036,0.7708638410111326,"terra",21600.0,2542.140517315806,0.1176916906164725
638,"plC3jmQmbQgE",NA,"5xhUNReynKiD",476,441.83193277310926,478.0,690,29.05030790487031,456,21,428,1,21.403700125931174,-1.4996023660974103,84.8700576850888,9.682773109243698,2025-12-10T03:01:00,NA,NA,NA,NA,NA,NA,NA,NA,NA,NA,NA,NA,"aqua",NaN,NaN,NaN
638,"plC3jmQmbQgE","5xhUNReynKiD","0IHVjrTYKX0j",427,486.9976580796253,467.0,716,27.96568257444773,498,22,471,1,21.34502091826323,-1.2290150051284978,94.35533905932738,11.721311475409836,2025-12-11T03:40:00,88740000 milliseconds,11302.926560005362,0.16919282329175006,0.10852713178294573,0.02328042328042328,0.03804635581367356,0.002745308221374827,116.0,0.272,0.972,0.028000000000000025,0.6417920423901675,"aqua",88740.0,11302.926560005362,0.12737127067844672
639,"pnI66r1yMPuy",NA,"xj4Tsw105Khd",790,1022.3848101265822,822.0,1875,38.53968862576114,1038,850,1009,811,26.5511960300808,0.07342025874379608,115.9827560572969,830.073417721519,2025-12-09T04:00:00,NA,NA,NA,NA,NA,NA,NA,NA,NA,NA,NA,NA,"aqua",NaN,NaN,NaN
639,"pnI66r1yMPuy","xj4Tsw105Khd","FEroaP7SjudM",818,1038.7310513447433,863.0,1522,38.86892916046683,1054,871,1025,832,27.331212346312817,0.23543037968356603,121.63961030678927,851.7518337408313,2025-12-09T09:58:00,21480000 milliseconds,6787.641909514131,0.414892537256365,0.03482587064676617,0.0486646884272997,0.008506560228601995,0.02895254090289515,76.0,0.093,0.992,0.008000000000000007,0.6368421974619279,"terra",21480.0,6787.641909514131,0.315998226699913
639,"pnI66r1yMPuy","FEroaP7SjudM","LkgRKq8BBXsa",775,1028.0077419354839,816.0,1750,38.06573780289076,1044,831,1015,792,26.465310004179173,-0.05031471613585205,117.63961030678927,811.72,2025-12-10T03:01:00,61380000 milliseconds,10360.794725008644,0.2238477849197071,0.05398618957940992,0.05598570577724836,0.020879829322160114,0.032191759032012046,80.0,0.103,0.991,0.009000000000000008,0.4988912686305375,"aqua",61380.0,10360.794725008644,0.16879756801903947
639,"pnI66r1yMPuy","LkgRKq8BBXsa","MtRx3Uv6Aqgi",737,1022.2428765264586,770.0,1840,36.830378220375586,1037,836,1009,799,26.028254034662357,0.05293610784577833,114.32590180780451,817.5386702849389,2025-12-10T08:59:00,21480000 milliseconds,2047.7212497830108,0.12516633556130874,0.05026455026455026,0.058007566204287514,0.03298861538110763,0.016651792558547773,100.0,0.136,0.998,0.0020000000000000018,0.42107885996980193,"terra",21480.0,2047.7212497830108,0.09533152931950702
639,"pnI66r1yMPuy","MtRx3Uv6Aqgi","2gKyRYJsxew1",710,1045.8281690140846,760.0,1240,39.09164684308119,1062,933,1029,895,24.450174689656077,0.6573971027395662,118.12489168102783,913.6338028169014,2025-12-11T03:40:00,67260000 milliseconds,24736.790058107646,0.48795325097361963,0.03731859018659295,0.013071895424836602,0.05956818514299651,0.06252489964078563,148.0,0.208,0.993,0.007000000000000006,0.8754368213688314,"aqua",67260.0,24736.790058107646,0.3677786211434381
639,"pnI66r1yMPuy","2gKyRYJsxew1","CElzSKDkRJ81",724,823.0897790055249,796.0,817,43.75241283005405,839,857,807,818,22.17959545009508,0.645526660316278,128.02438661763952,837.2237569060774,2025-12-12T08:40:00,104400000 milliseconds,58870.029248601684,0.7494593157046682,0.019525801952580194,0.04627249357326478,0.11251901476972774,0.09738753730743203,201.0,0.278,0.982,0.018000000000000016,1.321164163307673,"terra",104400.0,58870.029248601684,0.5638891690479089
640,"pnKtVyD8wLW8",NA,"62fpCd5IiOig",2337,401.97689345314507,2556.0,727,74.22885379344065,423,456,374,384,41.708282223998616,-0.12856987391870897,247.9655121145938,419.62130937098846,2025-12-10T08:59:00,NA,NA,NA,NA,NA,NA,NA,NA,NA,NA,NA,NA,"terra",NaN,NaN,NaN
640,"pnKtVyD8wLW8","62fpCd5IiOig","guh1FAEQ1U9s",2225,413.6350561797753,2391.0,625,76.8856991086765,433,462,394,389,38.16977010387322,-0.13530271765025756,224.40916292848976,426.5415730337079,2025-12-11T03:40:00,67260000 milliseconds,3389.3473498055755,0.06685762599478401,0.04910127137220517,0.0667070952092177,0.03516332827264888,0.08859785678301282,323.0,0.145,0.991,0.009000000000000008,0.4604271776318686,"aqua",67260.0,3389.3473498055755,0.05039172390433505
640,"pnKtVyD8wLW8","guh1FAEQ1U9s","htgaBW8XRMog",2186,407.8494967978042,2416.0,624,73.38347549671094,427,452,385,380,39.76487481479848,-0.11198151608093831,239.37972567696687,417.3641354071363,2025-12-11T09:38:00,21480000 milliseconds,2712.218404184176,0.16578352103815258,0.0176830650646112,0.01040149781568546,0.04661266851518329,0.040934419155686824,286.0,0.131,0.981,0.019000000000000017,0.43141517158931936,"terra",21480.0,2712.218404184176,0.12626715103278288
640,"pnKtVyD8wLW8","htgaBW8XRMog","dzTUzPXFJgrc",2247,585.4931019136627,2706.0,653,74.11493262055582,619,607,554,546,43.171943987793234,1.0400233794533285,257.8355697996826,578.3195371606587,2025-12-12T08:40:00,82920000 milliseconds,59929.068380981065,0.9597864891252573,0.02752086623054365,0.11323701679031628,0.009918169737307816,0.08216059458717229,601.0,0.267,0.981,0.019000000000000017,1.4786231364705973,"terra",82920.0,59929.068380981065,0.722733579124229
641,"pnkfPiP1KQtG",NA,"aO7U6zVUrM45",374,1189.5213903743315,396.0,2166,29.212090634209183,1198,461,1178,432,17.323809302396647,-0.26209146595164756,82.08326112068522,446.6524064171123,2025-12-09T04:00:00,NA,NA,NA,NA,NA,NA,NA,NA,NA,NA,NA,NA,"aqua",NaN,NaN,NaN
641,"pnkfPiP1KQtG","aO7U6zVUrM45","f7w9oWRS1uw8",358,1176.3715083798882,372.0,2017,27.884590265902784,1185,443,1165,415,17.516920315396195,-0.2231898299546758,79.84062043356595,428.8072625698324,2025-12-10T03:01:00,82860000 milliseconds,5541.70864556849,0.08881655013331982,0.04371584699453552,0.0625,0.046500088880080455,0.011085359871506714,44.0,0.123,0.999,0.0010000000000000009,0.37661784587944247,"aqua",82860.0,5541.70864556849,0.06688038432981523
641,"pnkfPiP1KQtG","f7w9oWRS1uw8","lRmTAgH90D6w",368,1179.983695652174,388.0,1452,29.222214969490334,1189,433,1169,405,17.088692165111574,-0.3223897412714315,81.84062043356595,419.3641304347826,2025-12-12T02:40:00,171540000 milliseconds,2527.6056037541935,0.019608282097313474,0.027548209366391185,0.042105263157894736,0.04684642042481236,0.024749057715757996,58.0,0.158,0.993,0.007000000000000006,0.32585723276216977,"aqua",171540.0,2527.6056037541935,0.01473478840943333
642,"q8tMh2Fv1YsU",NA,"QL950u1NuTdQ",496,712.1229838709677,514.0,1273,36.84447635733629,731,719,694,700,17.727341183303054,-1.4133128554140348,95.84062043356595,710.2520161290323,2025-12-09T04:00:00,NA,NA,NA,NA,NA,NA,NA,NA,NA,NA,NA,NA,"aqua",NaN,NaN,NaN
642,"q8tMh2Fv1YsU","QL950u1NuTdQ","C7wNCyIXlHQO",466,710.3862660944206,484.0,1248,35.93949586461744,729,714,693,695,17.00042436294725,-1.2833700374455121,93.25483399593905,704.431330472103,2025-12-10T08:59:00,104340000 milliseconds,1518.5636748288857,0.019343528117048415,0.062370062370062374,0.06012024048096192,0.02486757633834887,0.04186372540368017,79.0,0.17,0.987,0.013000000000000012,0.39156513271010174,"terra",104340.0,1518.5636748288857,0.014553993433284318
642,"q8tMh2Fv1YsU","C7wNCyIXlHQO","8weUFpi4Ws4p",443,720.3927765237021,456.0,1111,34.108256235725975,737,707,704,688,16.846430800026827,-1.2237499740003959,88.42640687119285,697.3115124153499,2025-12-11T09:38:00,88740000 milliseconds,3070.240830665675,0.0459582490931169,0.050605060506050605,0.059574468085106386,0.05228546452906057,0.0090994310803138,51.0,0.115,0.988,0.01200000000000001,0.3445226732936483,"terra",88740.0,3070.240830665675,0.034598161265107896
642,"q8tMh2Fv1YsU","8weUFpi4Ws4p","csoiisQR7nRo",421,711.8717339667459,491.0,752,35.016956246320746,725,637,702,605,17.77483135253445,0.4724430474339082,97.49747468305833,623.1520190023753,2025-12-12T08:40:00,82920000 milliseconds,18661.857205149896,0.29887663685377797,0.05092592592592592,0.07391763463569166,0.02629142039399241,0.05363181436982585,142.0,0.337,0.969,0.031000000000000028,0.8716434321792139,"terra",82920.0,18661.857205149896,0.2250585770037373
643,"qK27SyWfS2pZ",NA,"w2atXrmszxVB",8839,550.3245842289851,9557.0,732,135.6438823432144,599,684,508,552,85.27360287613502,-0.25669580230376804,454.2031021678297,617.7568729494286,2025-12-09T09:58:00,NA,NA,NA,NA,NA,NA,NA,NA,NA,NA,NA,NA,"terra",NaN,NaN,NaN
643,"qK27SyWfS2pZ","w2atXrmszxVB","GuyD2lhsaiyW",9071,539.9394774556279,9711.0,928,134.7840257052174,592,665,496,532,88.16305560285085,-0.24338224123065125,437.78888860545663,597.4287289163268,2025-12-10T08:59:00,82860000 milliseconds,5706.815456783691,0.09146270465235501,0.025907314349525406,0.015985052937512977,0.006359230038069809,0.03331997689595624,520.0,0.057,0.987,0.013000000000000012,0.24303427887341944,"terra",82860.0,5706.815456783691,0.06887298403069866
644,"qWcL7Jr2PMoQ",NA,"KYrK8KrvBp8c",867,403.9746251441753,1024.0,624,42.96747328386888,421,522,391,479,29.087860663951727,-0.17630921232297972,151.19595949289334,501.0484429065744,2025-12-11T03:40:00,NA,NA,NA,NA,NA,NA,NA,NA,NA,NA,NA,NA,"aqua",NaN,NaN,NaN
644,"qWcL7Jr2PMoQ","KYrK8KrvBp8c","VcRjiOiqLgBR",898,419.32405345211583,904.0,445,41.40807482895799,435,524,406,483,28.268009098957403,0.2207818818567658,119.32590180780451,505.6982182628062,2025-12-12T02:40:00,82800000 milliseconds,4009.5616986463306,0.06430732475775991,0.03512747875354107,0.12448132780082988,0.03696327881214256,0.02858823581207392,265.0,0.295,0.947,0.05300000000000005,0.6374676459363473,"aqua",82800.0,4009.5616986463306,0.04842465819621172
645,"qXz9KKYCERKD",NA,"mf5I39U70eBU",702,1003.7706552706553,728.0,1842,33.95424228883637,1020,990,990,956,27.5912917513884,0.09571892186226444,109.49747468305833,972.5441595441596,2025-12-09T04:00:00,NA,NA,NA,NA,NA,NA,NA,NA,NA,NA,NA,NA,"aqua",NaN,NaN,NaN
645,"qXz9KKYCERKD","mf5I39U70eBU","xNQxeP3v2NTY",703,1001.5860597439545,719.0,1694,33.72382754395223,1018,984,989,949,27.606079473126886,-0.026945979589407216,106.91168824543144,966.0,2025-12-10T03:01:00,82860000 milliseconds,1724.7913235138085,0.027643101586886907,0.0014234875444839859,0.01243953006219765,0.006809140551833681,0.0005358125363737674,76.0,0.108,0.991,0.009000000000000008,0.165851072281776,"aqua",82860.0,1724.7913235138085,0.020815729224158926
645,"qXz9KKYCERKD","xNQxeP3v2NTY","NO81ixwQXJAI",691,1002.7250361794501,708.0,1809,33.69358683372376,1019,984,990,949,27.333145952672137,0.004491324946546164,106.5685424949238,966.4225759768451,2025-12-10T08:59:00,21480000 milliseconds,303.71015961159554,0.018564190685305352,0.01721664275466284,0.015416958654519973,0.0008971186601451663,0.009935834309254103,40.0,0.058,0.994,0.006000000000000005,0.12603074506388745,"terra",21480.0,303.71015961159554,0.01413920668582847
645,"qXz9KKYCERKD","NO81ixwQXJAI","G99VhMqIMHPm",693,1002.8398268398269,715.0,1597,33.868727949800885,1018,980,990,945,27.089503507607578,-0.012336306511792388,105.49747468305833,962.4704184704185,2025-12-11T09:38:00,88740000 milliseconds,988.4560514798405,0.01479613878422035,0.002890173410404624,0.009838369641602248,0.005184580091380684,0.008953714950698273,28.0,0.04,0.995,0.0050000000000000044,0.08666297687830618,"terra",88740.0,988.4560514798405,0.0111387880491305
645,"qXz9KKYCERKD","G99VhMqIMHPm","KBFA66NeMPra",626,1012.4153354632588,698.0,1162,35.05849024263348,1028,978,999,942,25.898579372748674,0.13357202437963686,116.46803743153546,958.9984025559105,2025-12-12T02:40:00,61320000 milliseconds,2546.3854272774556,0.05506888899821487,0.10159211523881728,0.024062278839348902,0.03452227796313964,0.04495064060150789,121.0,0.193,0.985,0.015000000000000013,0.46819620164102865,"aqua",61320.0,2546.3854272774556,0.04152618113629249
646,"qa4Wdhzp53LM",NA,"PXwNePsOi8kG",334,522.9940119760479,358.0,990,31.267438896997,536,471,510,449,14.23166091573773,0.9635334478605256,83.84062043356595,460.10179640718565,2025-12-09T04:00:00,NA,NA,NA,NA,NA,NA,NA,NA,NA,NA,NA,NA,"aqua",NaN,NaN,NaN
646,"qa4Wdhzp53LM","PXwNePsOi8kG","Zp57Z0ao4uX6",306,553.718954248366,340.0,837,32.15097258626328,565,600,539,577,13.248639990875741,0.8735163071409471,87.9827560572969,587.4771241830065,2025-12-10T03:01:00,82860000 milliseconds,32757.15208511253,0.5249964273597649,0.0875,0.05157593123209169,0.027863633560089855,0.07154367983106134,100.0,0.327,0.997,0.0030000000000000027,1.0934796719830078,"aqua",82860.0,32757.15208511253,0.39533130684422557
646,"qa4Wdhzp53LM","Zp57Z0ao4uX6","P1Novd7AsmqY",331,519.7885196374623,344.0,597,31.880068999465607,529,606,512,577,13.722705155163334,-0.2752642096241432,79.94112549695429,590.2054380664653,2025-12-12T02:40:00,171540000 milliseconds,8509.98710902184,0.06601750986402266,0.07849293563579278,0.011695906432748537,0.008461632985775163,0.035153245914930756,110.0,0.332,0.992,0.008000000000000007,0.5398212308332699,"aqua",171540.0,8509.98710902184,0.04960934539478746
647,"qe9WWPSMaIe3",NA,"nbZ8MUGOJGLY",349,1039.1146131805158,370.0,1530,22.77363229360394,1049,975,1030,952,20.337124084372775,0.2997695748713844,78.35533905932738,963.3896848137535,2025-12-09T09:58:00,NA,NA,NA,NA,NA,NA,NA,NA,NA,NA,NA,NA,"terra",NaN,NaN,NaN
647,"qe9WWPSMaIe3","nbZ8MUGOJGLY","RNO8aKTUzHFt",344,1017.6773255813954,373.0,1736,22.67301229551134,1028,951,1008,928,20.360815947525207,0.34160421483528414,81.84062043356595,939.9302325581396,2025-12-10T03:01:00,61380000 milliseconds,7944.743544243711,0.17164834275129548,0.01443001443001443,0.008075370121130552,0.00442804959540164,0.0011642782476883832,51.0,0.148,0.993,0.007000000000000006,0.3547460551455305,"aqua",61380.0,7944.743544243711,0.1294353786940976
648,"qgxdpXvLMZup",NA,"PTnVCAhnrGTh",350,1083.5085714285715,356.0,1291,22.960448041368466,1095,132,1073,113,19.661572518567393,-1.2813084130740027,71.11269837220809,122.82285714285715,2025-12-12T02:40:00,NA,NA,NA,NA,NA,NA,NA,NA,NA,NA,NA,NA,"aqua",NaN,NaN,NaN
648,"qgxdpXvLMZup","PTnVCAhnrGTh","jZCWe4Q0dEQ9",351,1083.905982905983,351.0,1043,23.64789164414783,1096,142,1073,123,19.197593918528923,-1.3618067052764409,71.69848480983501,132.45584045584044,2025-12-12T08:40:00,21600000 milliseconds,2410.2943724599413,0.14652245425288396,0.0028530670470756064,0.014144271570014143,0.029498738097851175,0.02388000786324327,45.0,0.128,0.991,0.009000000000000008,0.35389853883106814,"terra",21600.0,2410.2943724599413,0.11158770242870099
649,"qjTmgSok0bCZ",NA,"jV8mUUQDtBry",352,980.59375,366.0,1804,23.23335965282693,991,1005,970,983,20.083606171345313,0.3396590440828554,75.35533905932738,993.1392045454545,2025-12-09T04:00:00,NA,NA,NA,NA,NA,NA,NA,NA,NA,NA,NA,NA,"aqua",NaN,NaN,NaN
649,"qjTmgSok0bCZ","jV8mUUQDtBry","a4BQIQdPHvCi",373,1001.5067024128687,382.0,1485,24.19363641744842,1012,1024,991,1001,20.32063388427324,0.18830995521008861,75.69848480983498,1011.7667560321715,2025-12-09T09:58:00,21480000 milliseconds,7001.5054319285655,0.42796487970223507,0.057931034482758624,0.0427807486631016,0.040494943563306934,0.011732813813681181,45.0,0.121,0.994,0.006000000000000005,0.7079044202250834,"terra",21480.0,7001.5054319285655,0.3259546290469537
649,"qjTmgSok0bCZ","a4BQIQdPHvCi","B8iywxU7029S",344,978.9011627906976,362.0,1645,23.493773603752004,989,998,968,976,19.56080120194538,0.32455027204627673,74.52691193458118,985.921511627907,2025-12-10T03:01:00,61380000 milliseconds,8584.095321893688,0.18546171161053665,0.08089260808926081,0.053763440860215055,0.02935209999390942,0.03810458077474873,44.0,0.128,0.993,0.007000000000000006,0.5225744413286706,"aqua",61380.0,8584.095321893688,0.13985166702335758
649,"qjTmgSok0bCZ","B8iywxU7029S","gEoHiX7k5S0q",330,979.7666666666667,346.0,1766,23.22578122579264,990,998,969,976,19.028907523283408,0.302561400450979,75.59797974644667,986.2121212121212,2025-12-10T08:59:00,21480000 milliseconds,228.2475204896237,0.013951559932128588,0.04154302670623145,0.04519774011299435,0.011472385768106212,0.027566607586972377,43.0,0.13,0.992,0.008000000000000007,0.277731320106433,"terra",21480.0,228.2475204896237,0.010626048439926615
649,"qjTmgSok0bCZ","gEoHiX7k5S0q","a5JCrDUFZhBc",342,981.1988304093567,353.0,1553,23.2499696299511,992,995,971,973,19.593112554362882,0.3523464071762654,75.35533905932738,983.2251461988304,2025-12-11T09:38:00,88740000 milliseconds,828.1422249491466,0.012396410821782,0.03571428571428571,0.020028612303290415,0.001040904287207186,0.029216754066472346,32.0,0.094,0.99,0.010000000000000009,0.20239696719303765,"terra",88740.0,828.1422249491466,0.009332231518471339
650,"qveRvRPMn5X8",NA,"U8xkPPC8TZbR",391,616.309462915601,421.0,1128,31.540693238884685,632,653,601,631,17.045269203370182,-1.1088136579813825,88.66904755831213,642.9590792838875,2025-12-09T04:00:00,NA,NA,NA,NA,NA,NA,NA,NA,NA,NA,NA,NA,"aqua",NaN,NaN,NaN
650,"qveRvRPMn5X8","U8xkPPC8TZbR","aS4x4qMpOHpc",357,625.3921568627451,363.0,872,25.863987826724887,636,642,616,616,18.148403457628184,0.10929633907282611,76.18376618407356,628.6246498599439,2025-12-09T09:58:00,21480000 milliseconds,4242.428522140259,0.25931714683008916,0.09090909090909091,0.14795918367346939,0.19777848449925947,0.06268935128674397,121.0,0.339,0.963,0.03700000000000003,1.134653257198653,"terra",21480.0,4242.428522140259,0.19750598333986308
650,"qveRvRPMn5X8","aS4x4qMpOHpc","R3usshLRu8CH",363,654.6694214876034,369.0,883,28.028870219639227,666,680,644,656,17.06010561566632,0.727061577658457,76.18376618407356,668.5261707988981,2025-12-11T03:40:00,150120000 milliseconds,12372.574502593867,0.10964706223496869,0.016666666666666666,0.01639344262295082,0.08034023324767404,0.06182016055813811,81.0,0.223,0.998,0.0020000000000000018,0.5098675653303983,"aqua",150120.0,12372.574502593867,0.08241789570073187
651,"r5EdDBwEtMet",NA,"Gp5b30H4th4b",395,227.7620253164557,430.0,461,28.117300786085828,240,1029,213,1007,19.990941273219608,1.145651597564562,92.08326112068524,1017.7063291139241,2025-12-09T04:00:00,NA,NA,NA,NA,NA,NA,NA,NA,NA,NA,NA,NA,"aqua",NaN,NaN,NaN
651,"r5EdDBwEtMet","Gp5b30H4th4b","TddXj0OiQzd0",492,223.02642276422765,510.0,210,27.9800691155897,236,994,212,966,23.100110483582412,-0.400657289679797,90.66904755831214,979.9065040650406,2025-12-09T09:58:00,21480000 milliseconds,9523.827701018072,0.582141057519442,0.21871476888387825,0.1702127659574468,0.004892624047674968,0.144306953931428,119.0,0.242,0.995,0.0050000000000000044,1.36726817033987,"terra",21480.0,9523.827701018072,0.4433811778872473
651,"r5EdDBwEtMet","TddXj0OiQzd0","xGlw69VCWWkM",489,311.55419222903885,515.0,487,30.573848798869008,324,800,300,769,20.859251666259382,0.26979313730672777,96.5685424949238,784.6462167689161,2025-12-11T09:38:00,171600000 milliseconds,53597.8927765471,0.4156486450294463,0.0061162079510703364,0.00975609756097561,0.08859457319554792,0.1019513799897615,97.0,0.198,0.991,0.009000000000000008,0.8290669037268017,"terra",171600.0,53597.8927765471,0.31234203249736076
651,"r5EdDBwEtMet","xGlw69VCWWkM","WGnPmr0lxHxg",496,366.3991935483871,553.0,455,31.503196039823205,382,720,351,697,21.03881081982707,1.3186307977710103,111.15432893255071,708.2923387096774,2025-12-12T08:40:00,82920000 milliseconds,23502.51165355046,0.37640153192745773,0.014213197969543147,0.07116104868913857,0.029941735898321657,0.008571238998333914,99.0,0.2,0.956,0.04400000000000004,0.7442887534827951,"terra",82920.0,23502.51165355046,0.28343598231488737
652,"r6eKUvROO8OK",NA,"pQy8w9EplIHv",459,804.0087145969499,541.0,1466,30.619906179122534,818,643,792,616,21.41787765201493,0.7938230232414382,103.49747468305833,631.8562091503268,2025-12-09T04:00:00,NA,NA,NA,NA,NA,NA,NA,NA,NA,NA,NA,NA,"aqua",NaN,NaN,NaN
652,"r6eKUvROO8OK","pQy8w9EplIHv","Ay8JilzxyaKl",443,825.3250564334086,484.0,1179,29.929799700446203,836,694,813,665,20.30654220327261,0.36350220118474935,95.49747468305831,681.1241534988714,2025-12-09T09:58:00,21480000 milliseconds,13420.40603339753,0.820318217200338,0.03547671840354767,0.11121951219512195,0.02279470952506123,0.05327026487590508,142.0,0.321,0.97,0.030000000000000027,1.394079422199974,"terra",21480.0,13420.40603339753,0.6247861281842426
652,"r6eKUvROO8OK","Ay8JilzxyaKl","6McCQikwwfTQ",446,814.6165919282511,453.0,1063,25.874766345594193,825,665,804,639,22.069089652365868,0.014475828393613806,81.84062043356595,651.4304932735427,2025-12-11T03:40:00,150120000 milliseconds,7891.390362427768,0.06993433500910819,0.006749156355455568,0.06616862326574173,0.14532980514556784,0.08318683979027135,98.0,0.22,0.96,0.040000000000000036,0.6313687595661448,"aqua",150120.0,7891.390362427768,0.05256721531060331
653,"r884D5WdElcF",NA,"AFdazL1EoYRo",4019,734.1356058721075,4421.0,1271,86.0473538588056,779,1087,693,1021,62.08870416959073,-1.3822581446798703,324.2558800164656,1050.8509579497388,2025-12-09T04:00:00,NA,NA,NA,NA,NA,NA,NA,NA,NA,NA,NA,NA,"aqua",NaN,NaN,NaN
653,"r884D5WdElcF","AFdazL1EoYRo","vrQBdtUMTJJH",3988,752.7153961885657,4434.0,1025,85.66446187737004,798,1098,713,1032,62.07266203350721,-1.3647754889202157,318.7766952966369,1061.979438314945,2025-12-09T09:58:00,21480000 milliseconds,5414.400263662244,0.3309535613485479,0.007743224678406394,0.0029361942405420668,0.004459704532201069,0.0002584078538130624,215.0,0.054,0.989,0.01100000000000001,0.4113510926535105,"terra",21480.0,5414.400263662244,0.25206705138092383
654,"rAoyIY33Yr36",NA,"ukppHu36Q8xd",327,1194.467889908257,330.0,2177,29.95348336104926,1200,846,1185,816,15.708916440146181,0.13478719535600006,77.698484809835,829.4434250764526,2025-12-09T04:00:00,NA,NA,NA,NA,NA,NA,NA,NA,NA,NA,NA,NA,"aqua",NaN,NaN,NaN
654,"rAoyIY33Yr36","ukppHu36Q8xd","UDkk940s5Wfc",304,1129.470394736842,309.0,1640,27.46167079976836,1144,875,1117,860,14.762471455618373,1.3160481466056244,73.698484809835,867.2828947368421,2025-12-09T09:58:00,21480000 milliseconds,18802.426443709377,1.149292569908886,0.07290015847860538,0.06572769953051644,0.0867998213259666,0.06212024130737817,61.0,0.201,0.983,0.017000000000000015,1.654840490551353,"terra",21480.0,18802.426443709377,0.8753457376028574
654,"rAoyIY33Yr36","UDkk940s5Wfc","E799Gf8dxJDu",308,1190.5584415584415,310.0,2035,24.543889483202108,1200,976,1178,960,16.74661860476025,-1.3864236977620354,68.97056274847714,968.9415584415584,2025-12-10T03:01:00,61380000 milliseconds,29650.28812118287,0.6406025304349762,0.013071895424836602,0.0032310177705977385,0.11221035984191471,0.12594125348207758,83.0,0.269,0.988,0.01200000000000001,1.1760570569544027,"aqua",61380.0,29650.28812118287,0.4830610642095613
655,"rG05JVsMYetJ",NA,"4Wmkkpv3TWCE",379,394.75725593667545,409.0,629,30.13375540191906,409,1198,380,1178,17.09535568512954,1.2607764699399278,89.46194077712558,1186.8575197889181,2025-12-10T03:01:00,NA,NA,NA,NA,NA,NA,NA,NA,NA,NA,NA,NA,"aqua",NaN,NaN,NaN
655,"rG05JVsMYetJ","4Wmkkpv3TWCE","y7q8uUYFs7MC",401,451.1645885286783,422.0,497,29.877512258058722,467,1129,436,1111,17.415480555574845,-1.5386089070674007,85.25483399593905,1119.8653366583542,2025-12-12T02:40:00,171540000 milliseconds,21894.26261995343,0.16984804794192182,0.05641025641025641,0.031287605294825514,0.008539834396173899,0.01855213639058264,102.0,0.254,0.982,0.018000000000000016,0.5566378804337603,"aqua",171540.0,21894.26261995343,0.12763357012914442
656,"rID683W1OXT1",NA,"rUGP9J10LAGx",609,327.7717569786535,635.0,657,37.22151410010458,342,580,312,546,21.371921101891154,-0.734953379777317,105.81118318204308,562.9704433497537,2025-12-09T04:00:00,NA,NA,NA,NA,NA,NA,NA,NA,NA,NA,NA,NA,"aqua",NaN,NaN,NaN
656,"rID683W1OXT1","rUGP9J10LAGx","StzFxnhT9V1e",590,339.83389830508474,604.0,402,36.50594363436658,354,585,325,553,21.061480926531036,-0.7249114099547305,102.8111831820431,568.8169491525424,2025-12-09T09:58:00,21480000 milliseconds,3351.0901535996627,0.20483436146697204,0.0316930775646372,0.05004035512510089,0.019411233961575573,0.014631877743490014,48.0,0.081,0.987,0.013000000000000012,0.41461090586177574,"terra",21480.0,3351.0901535996627,0.15600978368713514
656,"rID683W1OXT1","StzFxnhT9V1e","M0at8VNCiC7v",612,331.16830065359477,624.0,626,37.19608952272551,344,570,316,537,21.267457326286472,-0.6189190694859269,99.74011537017759,553.7467320261438,2025-12-10T08:59:00,82860000 milliseconds,4346.004105024994,0.06965308285960403,0.036605657237936774,0.03257328990228013,0.018728001353447515,0.009732178894977378,57.0,0.093,0.999,0.0010000000000000009,0.2612922102482458,"terra",82860.0,4346.004105024994,0.05244996506185124
656,"rID683W1OXT1","M0at8VNCiC7v","WPWdRpa2dJUw",626,341.4952076677316,653.0,536,38.06994142579288,354,570,327,536,21.339685805105233,-0.5729227614820069,102.94722215136416,553.314696485623,2025-12-11T03:40:00,67260000 milliseconds,2583.9850907428577,0.05097120210558946,0.022617124394184167,0.04541895066562255,0.02322035298141546,0.00339043988919997,58.0,0.093,0.835,0.16500000000000004,0.4036180700360116,"aqua",67260.0,2583.9850907428577,0.038417857430015724
656,"rID683W1OXT1","WPWdRpa2dJUw","WXOy3fyusEwD",612,335.4166666666667,625.0,518,36.45353024254861,348,561,320,527,21.703340810811437,-0.6075826334044175,100.8111831820431,544.2091503267974,2025-12-11T09:38:00,21480000 milliseconds,2737.0105904084903,0.16729893584403974,0.022617124394184167,0.04381846635367762,0.043379921709442826,0.016897278574352338,55.0,0.09,0.834,0.16600000000000004,0.5500117268756968,"terra",21480.0,2737.0105904084903,0.12742134964657775
656,"rID683W1OXT1","WXOy3fyusEwD","uko6xKmj5iR6",646,355.89164086687305,665.0,348,37.6911170721758,369,569,341,535,22.17864865952028,-0.5824018992959189,104.8111831820431,552.2910216718266,2025-12-12T02:40:00,61320000 milliseconds,5503.074214341017,0.11901112055235763,0.05405405405405406,0.06201550387596899,0.03338303908504579,0.02166300363524751,70.0,0.108,0.986,0.014000000000000012,0.412126721202674,"aqua",61320.0,5503.074214341017,0.08974354556981437
657,"rQW4w6OPbTNU",NA,"ppRd1uYTx7my",701,268.9015691868759,708.0,545,37.029458789380925,283,298,257,263,24.68832453584199,0.3464605880022637,105.01219330881975,281.6861626248217,2025-12-09T04:00:00,NA,NA,NA,NA,NA,NA,NA,NA,NA,NA,NA,NA,"aqua",NaN,NaN,NaN
657,"rQW4w6OPbTNU","ppRd1uYTx7my","JQLaKYWcBurH",616,289.7288961038961,663.0,545,34.04065421254978,302,307,276,273,23.627589746514243,0.1789642500812826,107.53300858899107,290.0584415584416,2025-12-10T08:59:00,104340000 milliseconds,5611.776685299677,0.07148304802623626,0.12908124525436598,0.06564551422319474,0.08410862036338533,0.04390829833536236,142.0,0.231,0.997,0.0030000000000000027,0.6282267262025447,"terra",104340.0,5611.776685299677,0.053783560334480326
657,"rQW4w6OPbTNU","JQLaKYWcBurH","dSobzfzJf7it",629,286.2352941176471,656.0,432,34.32917397703498,299,303,274,269,23.782696230348726,0.1636308590305986,104.32590180780451,286.1589825119237,2025-12-11T09:38:00,88740000 milliseconds,1308.888738916371,0.019592676280463604,0.020883534136546186,0.01061410159211524,0.008439973366180069,0.006543157487393271,71.0,0.113,0.988,0.01200000000000001,0.1910734428626984,"terra",88740.0,1308.888738916371,0.014749704067121602
658,"rbFs6ZMADy42",NA,"zuEvsmlG1gpt",849,594.3286219081272,908.0,1075,50.606809254765814,621,1199,570,1174,23.19267672404017,-1.5644265802874504,136.46803743153546,1187.2179034157832,2025-12-09T04:00:00,NA,NA,NA,NA,NA,NA,NA,NA,NA,NA,NA,NA,"aqua",NaN,NaN,NaN
658,"rbFs6ZMADy42","zuEvsmlG1gpt","ITw002oFa725",792,591.1414141414141,851.0,1019,47.319631601762666,617,1193,567,1168,22.77384400214689,-1.4539416852345302,132.22539674441617,1180.8977272727273,2025-12-10T08:59:00,104340000 milliseconds,1769.5854003736624,0.0225410534408466,0.06946983546617916,0.0648095508811825,0.06713565047910146,0.018223381507953433,129.0,0.163,0.99,0.010000000000000009,0.41517947177526315,"terra",104340.0,1769.5854003736624,0.01695979873848632
658,"rbFs6ZMADy42","ITw002oFa725","5NJ3FSj4Kxtl",708,575.1016949152543,744.0,887,43.381695417954994,599,1182,555,1158,22.201568304082254,-1.529147108705196,119.7401153701776,1170.6257062146892,2025-12-11T09:38:00,88740000 milliseconds,4761.742127827392,0.07127822959100955,0.112,0.1341692789968652,0.08683304452539266,0.02544838029135203,127.0,0.179,0.976,0.02400000000000002,0.6327289334046194,"terra",88740.0,4761.742127827392,0.05365947856465396
659,"rehOdZb548aV",NA,"HtMYxUQN5b1r",362,859.3259668508288,369.0,1584,24.43605089787905,873,440,847,420,19.2067153391756,1.5629573611259875,74.42640687119285,429.4281767955801,2025-12-09T04:00:00,NA,NA,NA,NA,NA,NA,NA,NA,NA,NA,NA,NA,"aqua",NaN,NaN,NaN
659,"rehOdZb548aV","HtMYxUQN5b1r","Av6tnUQk18r5",410,869.5560975609756,418.0,1267,25.086095153183305,883,460,857,439,21.126864777606897,1.4843941230735365,77.59797974644667,449.1048780487805,2025-12-09T09:58:00,21480000 milliseconds,5544.2996996599295,0.3388936246735898,0.12435233160621761,0.12452350698856417,0.026252669043623184,0.09521343916764477,54.0,0.132,0.986,0.014000000000000012,0.8552355714796396,"terra",21480.0,5544.2996996599295,0.2581145111573524
659,"rehOdZb548aV","Av6tnUQk18r5","AruwFcq9M4dx",404,861.5816831683169,408.0,1409,25.58936652090796,875,423,849,401,20.402229809263357,1.455448918095001,77.25483399593904,411.76732673267327,2025-12-10T03:01:00,61380000 milliseconds,9544.907094849008,0.2062203110046237,0.014742014742014743,0.024213075060532687,0.019862527191615523,0.034897701264724384,37.0,0.092,0.993,0.007000000000000006,0.398935629263511,"aqua",61380.0,9544.907094849008,0.1555051660939884
659,"rehOdZb548aV","AruwFcq9M4dx","yifIILU7t7mq",385,858.8753246753247,397.0,1531,24.782468766946632,873,432,846,411,20.313815839697227,1.44001276140609,78.42640687119284,421.22857142857146,2025-12-10T08:59:00,21480000 milliseconds,2460.176918031666,0.15037756222687446,0.048162230671736375,0.02732919254658385,0.032037655541047226,0.004342954634072463,44.0,0.114,0.993,0.007000000000000006,0.38324959562031435,"terra",21480.0,2460.176918031666,0.11453337607223771
659,"rehOdZb548aV","yifIILU7t7mq","emOr9d9X9nk3",369,817.4417344173442,396.0,1066,27.448059258895785,830,424,806,401,17.906905353328593,0.6680745314166113,87.7401153701776,412.38482384823845,2025-12-11T03:40:00,67260000 milliseconds,10591.725169120426,0.20893037122241692,0.042440318302387266,0.0025220680958385876,0.10207021038080576,0.12594793668141593,93.0,0.252,0.986,0.014000000000000012,0.7479109046828645,"aqua",67260.0,10591.725169120426,0.15747435577044938
659,"rehOdZb548aV","emOr9d9X9nk3","lxjMl4vicCSC",391,801.8363171355498,407.0,868,30.164665927537303,814,425,790,401,16.889654013210627,-0.9159357805844144,87.59797974644664,412.0818414322251,2025-12-12T02:40:00,82800000 milliseconds,3902.0895594807407,0.06258363367250587,0.05789473684210526,0.0273972602739726,0.0943057860863432,0.0584685014056974,87.0,0.223,0.981,0.019000000000000017,0.5426499182806244,"aqua",82800.0,3902.0895594807407,0.04712668550097513
660,"rhynuQlS2srP",NA,"sDlLvC5ZFVvQ",320,651.934375,325.0,1175,21.19703056885382,663,945,641,924,19.517078772528354,-0.6848032636052003,70.42640687119285,934.94375,2025-12-09T04:00:00,NA,NA,NA,NA,NA,NA,NA,NA,NA,NA,NA,NA,"aqua",NaN,NaN,NaN
660,"rhynuQlS2srP","sDlLvC5ZFVvQ","Y1FBFdjodiFY",312,564.4615384615385,316.0,796,21.0955937248216,575,974,556,954,19.6306021502623,-0.4872204353109563,68.2842712474619,964.0576923076923,2025-12-09T09:58:00,21480000 milliseconds,23047.666325438535,1.4087815602346292,0.02531645569620253,0.028081123244929798,0.00479690469562028,0.005799749822107819,64.0,0.205,0.991,0.009000000000000008,1.6867757936934895,"terra",21480.0,23047.666325438535,1.072982603605146
660,"rhynuQlS2srP","Y1FBFdjodiFY","kOIOnXmrrLPO",325,653.1938461538462,325.0,1150,21.3041065964578,664,937,643,916,19.572799341929237,-0.6051157213143368,68.18376618407356,926.6276923076923,2025-12-10T08:59:00,82860000 milliseconds,24075.95705315051,0.38586356363731883,0.04081632653061224,0.028081123244929798,0.00983558232988505,0.0029488669928079874,63.0,0.194,0.991,0.009000000000000008,0.6705454627355539,"terra",82860.0,24075.95705315051,0.2905618760940201
660,"rhynuQlS2srP","kOIOnXmrrLPO","a01DvLBWFKwK",323,654.7739938080496,328.0,884,21.23715614420703,666,937,644,917,19.682093228642955,-1.1334813667475898,68.76955262170047,927.1393188854489,2025-12-11T03:40:00,67260000 milliseconds,415.2279768506308,0.008190708686273416,0.006172839506172839,0.009188361408882083,0.003147553595618651,0.005568421134625738,51.0,0.158,1.0,0.0,0.1902678843315727,"aqua",67260.0,415.2279768506308,0.006173475718861594
660,"rhynuQlS2srP","a01DvLBWFKwK","05xhTr9KNU4t",339,649.4188790560472,356.0,1005,23.399352381988614,663,930,638,910,19.568771992244162,1.409208452618504,78.42640687119285,920.4454277286136,2025-12-11T09:38:00,21480000 milliseconds,2143.091120710213,0.1309957897744629,0.04833836858006042,0.08187134502923976,0.09688016868580407,0.0057742032314992,63.0,0.186,0.968,0.03200000000000003,0.5818598753010664,"terra",21480.0,2143.091120710213,0.09977146744460955
660,"rhynuQlS2srP","05xhTr9KNU4t","gNH2vP7IVflg",333,647.7927927927927,342.0,714,23.727688350501477,659,891,635,871,18.426023828191447,-1.132207828705267,74.42640687119285,881.7207207207207,2025-12-12T02:40:00,61320000 milliseconds,9689.708101197806,0.2095525108390529,0.017857142857142856,0.04011461318051576,0.01393407960311431,0.06015287827592878,68.0,0.204,0.984,0.016000000000000014,0.5616112247557546,"aqua",61320.0,9689.708101197806,0.15801872311151022
661,"rthKdsqeboZX",NA,"xwNpDMFIlL3U",769,485.90117035110535,793.0,931,33.90094233067656,502,147,471,112,29.535572983157035,0.4063292187450808,112.46803743153546,129.01560468140443,2025-12-09T04:00:00,NA,NA,NA,NA,NA,NA,NA,NA,NA,NA,NA,NA,"aqua",NaN,NaN,NaN
661,"rthKdsqeboZX","xwNpDMFIlL3U","bYL0K31wbk67",783,618.9974457215836,811.0,1072,34.39117517519008,633,178,601,144,29.840031273279763,-0.48967625613400817,112.32590180780451,161.58365261813537,2025-12-10T08:59:00,104340000 milliseconds,34255.74428463001,0.4363511150198078,0.01804123711340206,0.022443890274314215,0.014356937884417121,0.010255332772961959,144.0,0.184,0.988,0.01200000000000001,0.6974485130649031,"terra",104340.0,34255.74428463001,0.3283088392239794
662,"sAWjUppQ6tUw",NA,"uhsWSeYXFtRN",570,314.859649122807,619.0,616,42.18435882489547,336,160,293,140,17.676144597453767,1.5636989243309658,114.39696961966999,149.34912280701755,2025-12-09T04:00:00,NA,NA,NA,NA,NA,NA,NA,NA,NA,NA,NA,NA,"aqua",NaN,NaN,NaN
662,"sAWjUppQ6tUw","uhsWSeYXFtRN","WZVr0uKK3Arm",507,240.8007889546351,538.0,429,39.200508580612656,255,230,224,201,17.011427068927127,-0.8558450219858763,100.5685424949238,215.87179487179486,2025-12-10T08:59:00,104340000 milliseconds,24887.22145505443,0.3170144762123996,0.116991643454039,0.14001728608470182,0.07332690558836903,0.03832597651514956,109.0,0.215,0.964,0.03600000000000003,0.9366762878546591,"terra",104340.0,24887.22145505443,0.23852042797636985
662,"sAWjUppQ6tUw","WZVr0uKK3Arm","Lsl4RzFq9wvN",495,235.15757575757576,534.0,343,38.94728907390188,250,225,217,198,17.118942407447346,-0.9283224168212124,104.08326112068522,211.37171717171717,2025-12-11T09:38:00,88740000 milliseconds,1804.448573910484,0.02701068144465959,0.023952095808383235,0.007462686567164179,0.0064805282889798645,0.006300273930210036,77.0,0.156,0.979,0.02100000000000002,0.2482062660393969,"terra",88740.0,1804.448573910484,0.020334106084183953
663,"sGEgVdzESXYH",NA,"j8w2mB4L8uxu",13571,389.64718885859554,14603.0,380,153.95333448162475,458,322,318,175,114.6442683055409,-0.6743717620817592,610.8549057834388,246.46776213985706,2025-12-09T09:58:00,NA,NA,NA,NA,NA,NA,NA,NA,NA,NA,NA,NA,"terra",NaN,NaN,NaN
663,"sGEgVdzESXYH","j8w2mB4L8uxu","HBz2xR5JtGsO",13168,366.818727217497,13914.0,576,145.5928318687755,433,296,293,151,117.29764381603955,-0.7512817432374682,500.9015869776647,224.64322600243014,2025-12-10T08:59:00,82860000 milliseconds,7895.604150858889,0.1265422574061846,0.030143236471072216,0.048322053511940244,0.055821129108154746,0.022879655394992076,1603.0,0.122,0.961,0.039000000000000035,0.44470833189234393,"terra",82860.0,7895.604150858889,0.09528848842455816
663,"sGEgVdzESXYH","HBz2xR5JtGsO","p0EPsKDdO6IQ",12952,361.34566090179123,13950.0,468,147.49167747051268,428,291,288,148,115.48430745395902,-0.7733938239210847,639.7483040656406,219.8846510191476,2025-12-11T09:38:00,88740000 milliseconds,1813.1204242899043,0.027140489847914142,0.01653905053598775,0.002583979328165375,0.012957666073978597,0.015579698960228113,644.0,0.05,0.987,0.013000000000000012,0.137800884746274,"terra",88740.0,1813.1204242899043,0.020431828085304308
663,"sGEgVdzESXYH","p0EPsKDdO6IQ","1VMV8LekVpLp",12863,372.67130529425486,13616.0,286,142.47654062429874,441,306,298,170,117.1376054059954,-0.8685073882201078,497.48737341529164,237.3170333514732,2025-12-12T02:40:00,61320000 milliseconds,5197.103608531154,0.11239410918103708,0.006895215959713345,0.02423275048973373,0.0345909415808745,0.014214464421773704,854.0,0.066,0.988,0.01200000000000001,0.27032748163313236,"aqua",61320.0,5197.103608531154,0.08475380966293468
663,"sGEgVdzESXYH","1VMV8LekVpLp","w9PMh2a9bvQx",11962,358.5430530011704,12928.0,352,131.0322007845387,429,303,288,165,120.10260651614611,-1.0975237657394121,512.842712474619,237.43069720782478,2025-12-12T08:40:00,21600000 milliseconds,3532.1773767154527,0.21472202897966278,0.07258811681772406,0.05183845690174804,0.08368536801281373,0.024995771889832704,2511.0,0.21,0.995,0.0050000000000000044,0.6628297426017813,"terra",21600.0,3532.1773767154527,0.1635267304034932
664,"sP82ePscH4jO",NA,"kDKa0sZAfCYO",459,130.6557734204793,466.0,239,27.831376488405315,144,769,117,746,21.25834569865937,-1.0613902078246942,83.01219330881976,757.4183006535948,2025-12-09T04:00:00,NA,NA,NA,NA,NA,NA,NA,NA,NA,NA,NA,NA,"aqua",NaN,NaN,NaN
664,"sP82ePscH4jO","kDKa0sZAfCYO","9f5DjXb2GJSD",454,137.9713656387665,475.0,135,30.526477494022018,148,802,128,771,19.327531893250523,0.3731200250539849,89.42640687119285,786.420704845815,2025-12-09T09:58:00,21480000 milliseconds,7477.7057746392675,0.4570724801124247,0.01095290251916758,0.019128586609989374,0.09236463720644181,0.09514707676513177,94.0,0.207,0.979,0.02100000000000002,0.9026656832131552,"terra",21480.0,7477.7057746392675,0.3481241049645841
664,"sP82ePscH4jO","9f5DjXb2GJSD","FjUsqag4TXCR",416,146.0528846153846,479.0,225,29.761324434160212,158,765,134,733,20.65713551435403,0.15047272398122383,105.63961030678927,750.0985576923077,2025-12-11T03:40:00,150120000 milliseconds,9302.584730904333,0.08244048857589802,0.08735632183908046,0.008385744234800839,0.02538334573130709,0.06650567366483262,140.0,0.337,0.971,0.029000000000000026,0.6360715740459191,"aqua",150120.0,9302.584730904333,0.06196765741343147
665,"sSlFG5HkMz36",NA,"nTQ8YYMOrykK",389,99.55784061696659,395.0,153,28.475395613234987,111,870,86,848,17.60129861506117,-0.9296549838851415,78.76955262170047,859.5578406169666,2025-12-11T03:40:00,NA,NA,NA,NA,NA,NA,NA,NA,NA,NA,NA,NA,"aqua",NaN,NaN,NaN
665,"sSlFG5HkMz36","nTQ8YYMOrykK","QAsERtbimrku",349,47.53581661891118,379.0,34,27.557094801558343,59,835,35,814,16.938043331148446,0.9706303420034235,83.25483399593904,824.1146131805158,2025-12-12T08:40:00,104400000 milliseconds,15737.12440371142,0.20034531386010718,0.10840108401084012,0.041343669250646,0.03277744054846438,0.03840578578165482,70.0,0.201,0.99,0.010000000000000009,0.6322732934517125,"terra",104400.0,15737.12440371142,0.15073873949915154
666,"sh4DGwosJDC8",NA,"VNLot9vmX4eh",306,876.8006535947712,353.0,1575,31.15979040856263,887,700,867,673,14.54540796155156,-0.41141654290689245,87.01219330881975,687.8333333333334,2025-12-10T08:59:00,NA,NA,NA,NA,NA,NA,NA,NA,NA,NA,NA,NA,"terra",NaN,NaN,NaN
666,"sh4DGwosJDC8","VNLot9vmX4eh","MJpkuoTrGpY3",317,812.2429022082019,356.0,813,32.35573008435283,825,669,802,641,13.749389408411956,0.5744921760579532,84.91168824543142,655.9716088328075,2025-12-12T08:40:00,171660000 milliseconds,17998.042866235308,0.13952512009175014,0.03531300160513644,0.00846262341325811,0.03765818705440965,0.05626607200832059,115.0,0.363,0.974,0.026000000000000023,0.6662250041728749,"terra",171660.0,17998.042866235308,0.10484703988253122
667,"slQOXrAA9Huw",NA,"VXrcDN1KCtaz",403,273.06451612903226,436.0,516,25.045257512918162,286,1054,261,1028,22.39739607408288,-0.8383189959147896,91.91168824543142,1039.9305210918114,2025-12-10T08:59:00,NA,NA,NA,NA,NA,NA,NA,NA,NA,NA,NA,NA,"terra",NaN,NaN,NaN
667,"slQOXrAA9Huw","VXrcDN1KCtaz","gdm8Us9MS2Da",361,282.2354570637119,413.0,431,24.543813401273756,293,1022,271,999,20.817442136508266,0.39956758158968025,87.59797974644665,1009.7673130193906,2025-12-11T09:38:00,88740000 milliseconds,7881.645128269292,0.11797986869649416,0.1099476439790576,0.05418138987043581,0.020223976872327257,0.07312090027389703,134.0,0.371,0.985,0.015000000000000013,0.7614537796922118,"terra",88740.0,7881.645128269292,0.08881727663138711
668,"smesFRZkEhOP",NA,"bBQs33ExCICN",978,288.19836400817996,1056.0,294,42.217517213553556,304,577,268,535,31.64729658883362,0.513781873690455,140.02438661763952,554.2832310838446,2025-12-09T09:58:00,NA,NA,NA,NA,NA,NA,NA,NA,NA,NA,NA,NA,"terra",NaN,NaN,NaN
668,"smesFRZkEhOP","bBQs33ExCICN","TyKdeHvxrm2H",890,288.8134831460674,919.0,458,37.498388134999644,305,558,271,520,30.817299664414072,0.5000055270516914,126.29646455628165,537.7887640449438,2025-12-11T03:40:00,150120000 milliseconds,4126.4831761681435,0.036569329813613466,0.09421841541755889,0.13873417721518988,0.11839868236883949,0.0265749552291837,222.0,0.249,0.977,0.02300000000000002,0.6864955600443854,"aqua",150120.0,4126.4831761681435,0.027487897523102475
668,"smesFRZkEhOP","TyKdeHvxrm2H","GpHiqEC5S4ZI",893,227.5733482642777,1023.0,211,40.07400609751077,246,520,210,484,30.43090669086587,0.4931409857573894,158.4386001800126,501.989921612542,2025-12-12T08:40:00,104400000 milliseconds,17733.991442706385,0.22576691843038046,0.0033651149747616375,0.10710607621009269,0.0664055296473417,0.012617282906437037,210.0,0.235,0.951,0.049000000000000044,0.6992609221690136,"terra",104400.0,17733.991442706385,0.16986581841672782
669,"t3nnKZBHRpoX",NA,"lKrr1Mo8d7Pj",762,657.9199475065617,826.0,1171,36.93276053325682,676,999,638,968,28.04067787278861,-1.031188945256286,122.22539674441619,984.6627296587926,2025-12-09T04:00:00,NA,NA,NA,NA,NA,NA,NA,NA,NA,NA,NA,NA,"aqua",NaN,NaN,NaN
669,"t3nnKZBHRpoX","lKrr1Mo8d7Pj","yKZAHwKwRSBT",747,675.524765729585,845.0,931,36.3653575936687,693,1013,655,979,28.602151814315818,-0.951625648412027,126.39696961966999,996.9129852744311,2025-12-09T09:58:00,21480000 milliseconds,5361.893248390543,0.3277440860874415,0.019880715705765408,0.022740873728306403,0.015482060224399932,0.019825066813532993,97.0,0.13,0.984,0.016000000000000014,0.5516728025594462,"terra",21480.0,5361.893248390543,0.24962259070719472
669,"t3nnKZBHRpoX","yKZAHwKwRSBT","rJsPSFFnSttr",753,658.4887118193891,824.0,1145,36.6081914892814,677,992,639,961,28.180084359762844,-1.090452380228064,122.63961030678927,976.8339973439575,2025-12-10T08:59:00,82860000 milliseconds,6583.088604253351,0.10550666887175818,0.008,0.025164769322947873,0.0066553949661040095,0.014866179389590468,131.0,0.174,0.985,0.015000000000000013,0.34919301255040053,"terra",82860.0,6583.088604253351,0.07944832976410031
669,"t3nnKZBHRpoX","rJsPSFFnSttr","ivdyJEQ0e8JX",824,658.5121359223301,912.0,876,38.73950390014789,677,991,639,959,28.93878348077574,-0.957239230982402,127.71067811865476,976.5546116504854,2025-12-11T03:40:00,67260000 milliseconds,70.09148232644695,0.0013826113487808848,0.09004438807863031,0.10138248847926268,0.05657272992494186,0.026565621823282336,147.0,0.178,0.988,0.01200000000000001,0.46594783965489805,"aqua",67260.0,70.09148232644695,0.0010420975665543703
669,"t3nnKZBHRpoX","ivdyJEQ0e8JX","F8PMbmP4D54f",798,651.1052631578947,872.0,994,37.201411606450755,669,984,631,953,29.058410635419932,-0.9716919028551477,125.84671708797583,969.9398496240601,2025-12-11T09:38:00,21480000 milliseconds,2482.650307820927,0.1517512413093476,0.032059186189889025,0.04484304932735426,0.04050760471971095,0.004125273867715827,73.0,0.091,0.994,0.006000000000000005,0.37028635541401766,"terra",21480.0,2482.650307820927,0.11557962326913068
669,"t3nnKZBHRpoX","F8PMbmP4D54f","ZqfE9o0nzEYW",811,727.2404438964242,834.0,757,37.517226086181,747,920,708,892,27.77746365707694,-1.5160024205696707,121.05382386916236,905.5166461159063,2025-12-12T08:40:00,82920000 milliseconds,24933.55532252364,0.39932023258365856,0.016159105034182723,0.044548651817116064,0.00845343248974643,0.045075297751233694,194.0,0.239,0.978,0.02200000000000002,0.7745567196759375,"terra",82920.0,24933.55532252364,0.3006941066392142
670,"t5ryLMIKuc39",NA,"nTeCbZ4mVHsz",2436,132.7188013136289,2567.0,198,77.79989228454075,154,455,109,374,40.819603156119285,-0.04249554658259511,225.1370849898476,415.190065681445,2025-12-10T03:01:00,NA,NA,NA,NA,NA,NA,NA,NA,NA,NA,NA,NA,"aqua",NaN,NaN,NaN
670,"t5ryLMIKuc39","nTeCbZ4mVHsz","6UTjnK3icFiv",2692,136.09732540861813,2840.0,186,77.75388404529232,164,448,113,366,44.757463900361586,-0.1275711854129359,229.9655121145938,408.23254086181277,2025-12-11T09:38:00,110220000 milliseconds,1933.610235353504,0.02332039118800584,0.0998439937597504,0.10098021083780284,0.0005915412706004324,0.09203074794894085,387.0,0.144,0.992,0.008000000000000007,0.46876688500510033,"terra",110220.0,1933.610235353504,0.0175431884898703
670,"t5ryLMIKuc39","6UTjnK3icFiv","Gi7b2fV49HDL",2429,152.41086867023466,2714.0,76,70.24145234040918,182,460,128,384,46.95488951957752,0.09570859173237924,239.62236636408616,424.7249897076986,2025-12-12T02:40:00,61320000 milliseconds,5799.421106254896,0.1254200066231595,0.10271431361062293,0.045372704357220024,0.10152254643084754,0.04791994834445485,644.0,0.265,0.985,0.015000000000000013,0.7029495193663049,"aqua",61320.0,5799.421106254896,0.09457633898002113
671,"tFibdUgi48di",NA,"hhDQlU9jQG9H",408,99.9656862745098,418.0,177,30.864698361129594,110,153,91,124,17.813651543480557,0.12695335188355766,85.35533905932738,140.61764705882354,2025-12-09T04:00:00,NA,NA,NA,NA,NA,NA,NA,NA,NA,NA,NA,NA,"aqua",NaN,NaN,NaN
671,"tFibdUgi48di","hhDQlU9jQG9H","swIL6Akuq2Kz",457,94.92997811816193,496.0,99,29.591910045494505,107,156,83,129,20.883192324656964,0.6568513157608049,93.6335136523794,143.04157549234137,2025-12-09T09:58:00,21480000 milliseconds,1397.1798758285556,0.08540219289905597,0.11329479768786127,0.17067833698030635,0.04210584580181753,0.15864553665596626,137.0,0.3,0.976,0.02400000000000002,0.8941267100250074,"terra",21480.0,1397.1798758285556,0.06504561805533313
671,"tFibdUgi48di","swIL6Akuq2Kz","2285gXpv6g02",488,84.05532786885246,496.0,138,28.856906450149495,98,215,71,189,21.855099722529012,-0.9064708594976741,88.66904755831214,201.1454918032787,2025-12-10T08:59:00,82860000 milliseconds,14778.199968012885,0.23684910598626308,0.0656084656084656,0.0,0.025150332869435844,0.04548180806097708,125.0,0.256,0.977,0.02300000000000002,0.6520897125251417,"terra",82860.0,14778.199968012885,0.1783514357713358
671,"tFibdUgi48di","2285gXpv6g02","Wq3HbXnuGGm2",497,123.21931589537223,548.0,79,27.414797463612434,138,194,111,166,25.34161205256408,-0.6011585647394838,100.91168824543142,178.4466800804829,2025-12-12T08:40:00,171660000 milliseconds,11316.619448206242,0.08772913251061082,0.018274111675126905,0.09961685823754789,0.05125520950092915,0.14774386599852027,104.0,0.209,0.974,0.026000000000000023,0.639619177922735,"terra",171660.0,11316.619448206242,0.06592461521732636
672,"tGmiZFDb1Q2a",NA,"5tIyN0pBmroh",1345,67.92267657992565,1380.0,98,52.04290462178739,85,168,47,117,33.9609822355075,-0.4046953310105707,157.6812408671319,144.61115241635687,2025-12-10T03:01:00,NA,NA,NA,NA,NA,NA,NA,NA,NA,NA,NA,NA,"aqua",NaN,NaN,NaN
672,"tGmiZFDb1Q2a","5tIyN0pBmroh","LKJ6Mr6tjhZN",1362,76.35535976505139,1438.0,105,52.35489988510014,94,151,52,100,34.43625268348096,-0.46755579565957583,160.5452018978108,127.74522760646109,2025-12-10T08:59:00,21480000 milliseconds,4714.138079979207,0.28815024938748207,0.012560029553010712,0.0411639460610362,0.005977046448178168,0.01389735852732587,131.0,0.096,0.987,0.013000000000000012,0.47074862997703304,"terra",21480.0,4714.138079979207,0.2194663910604845
672,"tGmiZFDb1Q2a","LKJ6Mr6tjhZN","zARxHQNNKjwi",1464,61.51639344262295,1565.0,80,52.33470010445361,81,152,38,101,36.79864998049167,-0.45495105979199474,174.09545442950497,128.19467213114754,2025-12-11T09:38:00,88740000 milliseconds,3711.44279474755,0.05555636246908989,0.07218683651804671,0.08458208458208458,0.0003858985161571771,0.06632696076401047,145.0,0.099,0.972,0.028000000000000025,0.4060381428493889,"terra",88740.0,3711.44279474755,0.04182378628293385
673,"tHbCgN4pUuEe",NA,"QejU8KXAvXEH",401,1107.2019950124688,500.0,2029,27.852764788529967,1121,449,1096,422,23.330409779349026,0.46680392365269835,130.12489168102783,435.7356608478803,2025-12-09T04:00:00,NA,NA,NA,NA,NA,NA,NA,NA,NA,NA,NA,NA,"aqua",NaN,NaN,NaN
673,"tHbCgN4pUuEe","QejU8KXAvXEH","cfScJtzbzKhS",369,1101.89972899729,490.0,1996,29.110570767937485,1116,439,1092,410,22.26982929849069,0.2594587721502756,129.1959594928933,424.4878048780488,2025-12-10T08:59:00,104340000 milliseconds,3108.740589187562,0.039599268698650554,0.08311688311688312,0.020202020202020204,0.04416194968641405,0.04651644387424903,127.0,0.344,0.977,0.02300000000000002,0.600596565578217,"terra",104340.0,3108.740589187562,0.029794331887939063
674,"tHzD2827Jdbs",NA,"2y4hJzdQtkoo",325,92.15384615384616,349.0,159,22.206904157943537,105,597,83,574,20.443028571798386,-1.1244620423665432,78.66904755831214,585.84,2025-12-09T04:00:00,NA,NA,NA,NA,NA,NA,NA,NA,NA,NA,NA,NA,"aqua",NaN,NaN,NaN
674,"tHzD2827Jdbs","2y4hJzdQtkoo","s4hctwMljX6S",370,73.50540540540541,415.0,74,22.829100441668693,85,584,64,562,22.2306858394589,1.0115520678811145,86.56244584051393,572.5378378378379,2025-12-09T09:58:00,21480000 milliseconds,5726.64747330716,0.3500395766080171,0.12949640287769784,0.17277486910994763,0.027631060492897867,0.08378259508569666,73.0,0.197,0.966,0.03400000000000003,0.9947245041742572,"terra",21480.0,5726.64747330716,0.266603699874635
675,"tS7ozUlDHD5h",NA,"dL9GgypH7gEq",551,595.519056261343,575.0,1096,32.10291139105803,611,944,580,920,22.87851437619905,-1.1325125606190176,108.56854249492379,931.5335753176043,2025-12-09T04:00:00,NA,NA,NA,NA,NA,NA,NA,NA,NA,NA,NA,NA,"aqua",NaN,NaN,NaN
675,"tS7ozUlDHD5h","dL9GgypH7gEq","8S83gI9VqQwk",566,613.0017667844523,590.0,845,32.28374227550295,629,956,596,933,22.904203159370958,-1.2537076552582997,110.11879502661796,943.8975265017668,2025-12-09T09:58:00,21480000 milliseconds,5353.225990694707,0.32721430260970097,0.02685765443151298,0.02575107296137339,0.0056170300566136385,0.0011222043843050584,51.0,0.09,0.984,0.016000000000000014,0.49256226444350604,"terra",21480.0,5353.225990694707,0.24921908709007018
675,"tS7ozUlDHD5h","8S83gI9VqQwk","gmBDqNS5hRdT",507,512.4753451676529,522.0,933,31.846384337091724,525,831,499,804,20.80476199890589,-0.6313041046584277,91.01219330881976,818.3313609467456,2025-12-10T08:59:00,82860000 milliseconds,40212.267543056376,0.6444790054180043,0.10997204100652376,0.1223021582733813,0.013639702945022236,0.09606455576619907,115.0,0.227,0.982,0.018000000000000016,1.2314574634091309,"terra",82860.0,40212.267543056376,0.48530373573565505
675,"tS7ozUlDHD5h","gmBDqNS5hRdT","5RQ8j3XGNKze",531,519.8286252354048,555.0,814,33.356584650497496,535,819,505,792,20.816285448795767,-0.7421345912037397,97.32590180780451,806.1902071563088,2025-12-11T09:38:00,88740000 milliseconds,3548.5766787353887,0.05311842943994295,0.046242774566473986,0.06128133704735376,0.04632305359264313,0.0005537318542671596,66.0,0.124,0.993,0.007000000000000006,0.33851932650068095,"terra",88740.0,3548.5766787353887,0.039988468320209476
675,"tS7ozUlDHD5h","5RQ8j3XGNKze","x7npiFqgLBHn",513,464.87719298245617,542.0,563,31.88466150391342,478,769,449,743,21.368439558724436,0.9551240751082039,98.32590180780451,756.2943469785575,2025-12-12T08:40:00,82920000 milliseconds,18556.091940263366,0.29718276650005393,0.034482758620689655,0.023701002734731084,0.04512247185163735,0.026177916761587854,100.0,0.195,0.991,0.009000000000000008,0.6306669164687,"terra",82920.0,18556.091940263366,0.22378306729695327
676,"tV7nDmIHvZK3",NA,"l9rhjMXSebsv",747,377.5796519410977,810.0,752,41.10822998567679,391,852,365,813,24.67588477281983,-0.29127293123492054,133.77564927611036,832.1124497991968,2025-12-09T04:00:00,NA,NA,NA,NA,NA,NA,NA,NA,NA,NA,NA,NA,"aqua",NaN,NaN,NaN
676,"tV7nDmIHvZK3","l9rhjMXSebsv","dMZ9I6I58eYE",777,398.36293436293437,878.0,760,45.30179741549402,414,778,387,733,23.936408771396085,0.13491458927659475,137.16042558696057,755.96138996139,2025-12-10T08:59:00,104340000 milliseconds,19734.05803212917,0.25137326325876275,0.03937007874015748,0.08056872037914692,0.0970620553179088,0.030423415457702965,219.0,0.282,0.987,0.013000000000000012,0.7937975331536788,"terra",104340.0,19734.05803212917,0.18913224105931734
677,"tXcqgEqViv2H",NA,"1hjlBOgZQ4B6",555,311.03063063063064,569.0,349,32.70252433957809,322,321,299,290,21.943466877456515,0.252606099386573,93.59797974644667,305.2756756756757,2025-12-09T09:58:00,NA,NA,NA,NA,NA,NA,NA,NA,NA,NA,NA,NA,"terra",NaN,NaN,NaN
677,"tXcqgEqViv2H","1hjlBOgZQ4B6","vPPb5Ve3XTQK",553,329.1482820976492,576.0,511,32.82867475181347,343,335,317,304,22.267941232955913,-0.6261006240648512,96.9116882454314,319.0397830018083,2025-12-11T09:38:00,171600000 milliseconds,5688.255143086812,0.04411209882192176,0.0036101083032490976,0.01222707423580786,0.0038500871030743684,0.01467830903232322,94.0,0.17,0.998,0.0020000000000000018,0.25047767749637634,"terra",171600.0,5688.255143086812,0.03314833999467839
677,"tXcqgEqViv2H","vPPb5Ve3XTQK","egmHKuKNQ9uK",542,338.90036900369006,585.0,328,33.64490864619227,355,349,327,319,21.573827102429213,-0.6325594675786872,101.9827560572969,333.1789667896679,2025-12-12T02:40:00,61320000 milliseconds,4294.034504474244,0.09286406800333573,0.02009132420091324,0.015503875968992248,0.02455814333016038,0.03166451340268924,70.0,0.129,0.988,0.01200000000000001,0.3256819249060908,"aqua",61320.0,4294.034504474244,0.07002665532410705
678,"tZT2ciR6aVbo",NA,"WZZ1teKf9RKC",953,451.2581322140609,984.0,839,40.800900118741254,470,638,433,603,30.22980975061865,-0.7883029610449951,123.63961030678928,620.2298006295907,2025-12-10T08:59:00,NA,NA,NA,NA,NA,NA,NA,NA,NA,NA,NA,NA,"terra",NaN,NaN,NaN
678,"tZT2ciR6aVbo","WZZ1teKf9RKC","kf3S5yi6eBn1",955,465.5340314136126,1076.0,566,41.789498274692555,483,705,450,666,31.248032122600318,-0.2482505001057145,176.65180361560903,685.979057591623,2025-12-12T08:40:00,171660000 milliseconds,16820.311547752153,0.13039506607040702,0.0020964360587002098,0.08932038834951456,0.02393978416817754,0.03312485737809308,191.0,0.2,0.943,0.05700000000000005,0.5358765320248925,"terra",171660.0,16820.311547752153,0.09798620265497002
679,"tnLTkMuhkMu4",NA,"qdkcNaNSQa0M",303,1106.7293729372936,310.0,2000,23.000927894185583,1117,58,1097,36,17.63303059877198,0.6131189703073374,70.76955262170047,48.54785478547855,2025-12-10T08:59:00,NA,NA,NA,NA,NA,NA,NA,NA,NA,NA,NA,NA,"terra",NaN,NaN,NaN
679,"tnLTkMuhkMu4","qdkcNaNSQa0M","GrKDlYLS8psg",307,1187.1074918566776,316.0,1173,22.896631868034767,1198,170,1175,151,17.803990467216913,-1.0473605793574299,69.35533905932738,161.08469055374593,2025-12-12T08:40:00,171660000 milliseconds,34573.455682930195,0.2680216728007302,0.013114754098360656,0.019169329073482427,0.004544730773973108,0.009648659131171305,66.0,0.215,0.999,0.0010000000000000009,0.5304991458777176,"terra",171660.0,34573.455682930195,0.2014065925837714
680,"tyCCBhfWba0a",NA,"zL2QQKxTPxuR",308,664.3863636363636,328.0,1191,22.515504908742425,677,1049,653,1028,18.30050564633428,1.3894482372952024,73.25483399593904,1038.642857142857,2025-12-09T04:00:00,NA,NA,NA,NA,NA,NA,NA,NA,NA,NA,NA,NA,"aqua",NaN,NaN,NaN
680,"tyCCBhfWba0a","zL2QQKxTPxuR","MB8pFeUTbCGA",309,685.8381877022654,314.0,1221,22.59156664008672,696,995,675,975,17.661380476162584,-1.1289555316734396,67.94112549695427,984.8705501618123,2025-12-10T08:59:00,104340000 milliseconds,14473.341342400268,0.18436203225782138,0.0032414910858995136,0.04361370716510903,0.0033724969825167355,0.03554458562015603,65.0,0.21,0.989,0.01100000000000001,0.4911343131115027,"terra",104340.0,14473.341342400268,0.13871325802568782
680,"tyCCBhfWba0a","MB8pFeUTbCGA","A6rm1LTH7K4x",317,684.7697160883281,319.0,926,23.50607659050569,696,996,674,977,17.315509540882463,-1.1764911466230878,68.5269119345812,986.4952681388013,2025-12-11T03:40:00,67260000 milliseconds,486.14170352769935,0.009589539471894651,0.025559105431309903,0.01579778830963665,0.03967708048953177,0.019777111979456752,32.0,0.101,0.991,0.009000000000000008,0.22040062568182975,"aqua",67260.0,486.14170352769935,0.0072277981493859556
680,"tyCCBhfWba0a","A6rm1LTH7K4x","vydWwm6KgCun",320,678.559375,322.0,1052,23.8161911081192,690,990,667,971,17.27880232688434,-1.2496544203111672,69.59797974644665,980.06875,2025-12-11T09:38:00,21480000 milliseconds,2234.229059173955,0.13656656840916598,0.009419152276295133,0.0093603744149766,0.013106494371254373,0.002122153152716752,44.0,0.138,0.992,0.008000000000000007,0.3165747426244089,"terra",21480.0,2234.229059173955,0.10401438822969997
680,"tyCCBhfWba0a","vydWwm6KgCun","BxnLupqOVV2C",311,706.6655948553055,346.0,743,22.932508431008067,716,1019,696,997,18.66866729979171,0.40001125179023117,80.66904755831213,1008.0739549839228,2025-12-12T08:40:00,82920000 milliseconds,9919.208325095491,0.15885983864662861,0.028526148969889066,0.0718562874251497,0.03780565816045924,0.07732755531009475,81.0,0.26,0.963,0.03700000000000003,0.6713754885122214,"terra",82920.0,9919.208325095491,0.11962383411837302
681,"u7w0wD2chaGS",NA,"zEACjuBvy8bA",341,1093.950146627566,399.0,1300,26.770353996921123,1106,28,1079,5,20.947183873634764,-0.9880515414608769,96.32590180780451,18.521994134897362,2025-12-12T02:40:00,NA,NA,NA,NA,NA,NA,NA,NA,NA,NA,NA,NA,"aqua",NaN,NaN,NaN
681,"u7w0wD2chaGS","zEACjuBvy8bA","BxsZeMkn0vQf",436,1095.3784403669724,504.0,1057,29.6015871289377,1109,38,1081,13,22.620483641345704,-0.8721863441577458,101.15432893255071,26.979357798165136,2025-12-12T08:40:00,21600000 milliseconds,2144.280519469025,0.13035139935981915,0.24453024453024452,0.23255813953488372,0.10044831082525348,0.07681383297077295,106.0,0.243,0.98,0.020000000000000018,1.0477019272209738,"terra",21600.0,2144.280519469025,0.09927224627171412
682,"uC2FyeDUCMnw",NA,"8NGiR3Cf2BEx",412,720.1286407766991,448.0,1298,27.81456815199168,732,352,708,330,20.124841331455027,1.158631899689416,94.08326112068522,341.95873786407765,2025-12-09T04:00:00,NA,NA,NA,NA,NA,NA,NA,NA,NA,NA,NA,NA,"aqua",NaN,NaN,NaN
682,"uC2FyeDUCMnw","8NGiR3Cf2BEx","7dP16gIKmQfO",454,691.2312775330397,470.0,972,29.648567231994306,705,357,678,333,20.238452492589637,-0.8851730871992912,86.42640687119285,344.55286343612335,2025-12-09T09:58:00,21480000 milliseconds,7253.391835546389,0.44336135914097735,0.09699769053117784,0.04793028322440087,0.06383219668565916,0.005629429631282042,114.0,0.251,0.985,0.015000000000000013,0.9237509592134973,"terra",21480.0,7253.391835546389,0.3376811841502043
682,"uC2FyeDUCMnw","7dP16gIKmQfO","ePTnSBZDMLdv",463,671.8099352051836,473.0,1026,29.715706656668132,685,315,660,290,20.440469065974494,-0.7241700134439697,87.59797974644665,301.6976241900648,2025-12-10T03:01:00,61380000 milliseconds,11762.652944416632,0.25413531261567746,0.019629225736095966,0.006362672322375398,0.0022619471367491427,0.009932248232983254,46.0,0.099,0.993,0.007000000000000006,0.39832140604388133,"aqua",61380.0,11762.652944416632,0.19163657452617516
682,"uC2FyeDUCMnw","ePTnSBZDMLdv","UrABbrVOVM1M",458,674.7903930131005,471.0,1186,29.253957341250196,688,326,662,302,20.545322859188612,-0.7665340123492926,85.59797974644667,313.617903930131,2025-12-10T08:59:00,21480000 milliseconds,3071.8092981397467,0.18776340453176935,0.010857763300760043,0.00423728813559322,0.01566057135527299,0.005116592276932144,34.0,0.074,0.994,0.006000000000000005,0.30363561960032776,"terra",21480.0,3071.8092981397467,0.14300788166386158
682,"uC2FyeDUCMnw","UrABbrVOVM1M","MCHuAiJxBQYt",446,615.6569506726457,464.0,846,28.99315429468028,628,304,602,280,20.0909901153031,0.6906430468383893,86.76955262170047,292.0067264573991,2025-12-11T03:40:00,67260000 milliseconds,15739.693045747825,0.31047821374391604,0.02654867256637168,0.014973262032085561,0.00895505508324761,0.02236092354986569,99.0,0.222,0.992,0.008000000000000007,0.6133161269754865,"aqua",67260.0,15739.693045747825,0.23401268280921536
682,"uC2FyeDUCMnw","MCHuAiJxBQYt","X4cuZka5Is8K",395,626.8126582278481,406.0,689,25.470784604530166,638,282,615,258,20.255584271991022,-0.6941016992273934,84.08326112068524,270.3012658227848,2025-12-12T02:40:00,82800000 milliseconds,6101.110720690497,0.09785261781380107,0.12128418549346016,0.13333333333333333,0.12934685817228608,0.008159015192117824,82.0,0.208,0.981,0.019000000000000017,0.7169760100049984,"aqua",82800.0,6101.110720690497,0.07368491208563402
683,"uKPZf0SL3y70",NA,"35jy9CckQQb3",1012,626.5326086956521,1032.0,1134,49.101631871158496,652,1126,604,1097,26.90072555716429,1.3109741487902236,133.63961030678928,1112.748023715415,2025-12-09T04:00:00,NA,NA,NA,NA,NA,NA,NA,NA,NA,NA,NA,NA,"aqua",NaN,NaN,NaN
683,"uKPZf0SL3y70","35jy9CckQQb3","Hg7GxmZlSTRG",967,642.9420889348501,984.0,878,48.79634358976653,667,1133,621,1104,26.01108289433688,1.2792330844623372,131.46803743153546,1120.0217166494313,2025-12-09T09:58:00,21480000 milliseconds,4487.326950834605,0.274286488437323,0.045477513895907026,0.047619047619047616,0.0062368660833812505,0.033627376907476275,80.0,0.083,0.992,0.008000000000000007,0.49824729294313524,"terra",21480.0,4487.326950834605,0.20890721372600582
683,"uKPZf0SL3y70","Hg7GxmZlSTRG","T3yzvZF6Y2VS",972,613.6131687242798,1004.0,903,45.97271611722004,637,1112,593,1081,27.710775450515484,1.1638245131321212,131.7401153701776,1097.8683127572017,2025-12-10T03:01:00,61380000 milliseconds,9188.848080452763,0.19852755926223967,0.005157297576070139,0.02012072434607646,0.059589648378421706,0.06327750411268002,121.0,0.124,0.991,0.009000000000000008,0.47967273367548796,"aqua",61380.0,9188.848080452763,0.1497042698020978
683,"uKPZf0SL3y70","T3yzvZF6Y2VS","d6ywqlx0EU7M",1005,627.4139303482588,1023.0,1087,47.66779730138062,652,1120,605,1090,27.61315233709974,1.2560548697953453,131.63961030678928,1106.3064676616916,2025-12-10T08:59:00,21480000 milliseconds,4044.0038915199566,0.2471885019266477,0.03338391502276176,0.018746916625555006,0.036204013034039376,0.0035291461513908226,122.0,0.121,0.994,0.006000000000000005,0.4660524927603947,"terra",21480.0,4044.0038915199566,0.18826833759403894
683,"uKPZf0SL3y70","d6ywqlx0EU7M","lMCr23fO7smm",1015,622.7103448275863,1042.0,845,49.08700065954569,648,1120,601,1090,27.161543819539027,1.2034927659813626,133.63961030678928,1106.104433497537,2025-12-11T03:40:00,67260000 milliseconds,1176.9806326402977,0.023216897773750817,0.009900990099009901,0.018401937046004842,0.02933608230442908,0.01648967677590591,51.0,0.05,0.995,0.0050000000000000044,0.15234558399910053,"aqua",67260.0,1176.9806326402977,0.017498968668455215
684,"uRQpFV3HfPnt",NA,"MrTsTg1McLp1",371,127.73045822102426,394.0,236,26.510402825611575,138,794,115,770,18.710858093534807,0.7562821446548286,81.76955262170047,780.7924528301887,2025-12-09T04:00:00,NA,NA,NA,NA,NA,NA,NA,NA,NA,NA,NA,NA,"aqua",NaN,NaN,NaN
684,"uRQpFV3HfPnt","MrTsTg1McLp1","AyQmNmXCB55a",339,139.6165191740413,346.0,210,26.20838628360778,150,788,128,765,17.39116552508423,0.7395897312133837,75.25483399593904,775.8495575221239,2025-12-11T03:40:00,171600000 milliseconds,3218.216305320829,0.02495708650888584,0.09014084507042254,0.12972972972972974,0.011457643360438214,0.0731090634913865,47.0,0.139,0.964,0.03600000000000003,0.5043943681608629,"aqua",171600.0,3218.216305320829,0.018754174273431404
685,"ucITdOsj4qSc",NA,"B49XoPEylRpQ",443,84.80135440180587,459.0,135,26.339367487839546,96,631,73,606,21.693891359402176,-0.15115873071721056,84.18376618407356,618.5259593679458,2025-12-09T04:00:00,NA,NA,NA,NA,NA,NA,NA,NA,NA,NA,NA,NA,"aqua",NaN,NaN,NaN
685,"ucITdOsj4qSc","B49XoPEylRpQ","hPk8flYfDDNL",371,96.92183288409703,449.0,100,25.72677428350131,111,628,83,603,20.77247392941138,1.2616995678448832,101.5685424949238,616.0323450134771,2025-12-09T09:58:00,21480000 milliseconds,3093.583189326088,0.18909432697592224,0.1769041769041769,0.022026431718061675,0.023531346226058555,0.04339516338279676,117.0,0.315,0.964,0.03600000000000003,0.8059514452070162,"terra",21480.0,3093.583189326088,0.14402156374888678
685,"ucITdOsj4qSc","hPk8flYfDDNL","AwlriHUsTa0b",395,90.46329113924051,404.0,147,24.763983956222564,101,625,80,601,20.523653255885456,-0.13615142595158314,77.35533905932738,613.2050632911393,2025-12-10T08:59:00,82860000 milliseconds,1762.5670804170802,0.028248530818448275,0.06266318537859007,0.10550996483001172,0.03813728931174046,0.012050557303325719,122.0,0.309,0.941,0.05900000000000005,0.6146095276421163,"terra",82860.0,1762.5670804170802,0.02127162781097128
686,"uhUMfFzrCVNg",NA,"jOWLYdwRpowy",369,589.1409214092141,379.0,1029,27.242730610769524,601,861,576,836,18.745107736483927,0.7841472691803428,81.25483399593904,849.5528455284552,2025-12-10T08:59:00,NA,NA,NA,NA,NA,NA,NA,NA,NA,NA,NA,NA,"terra",NaN,NaN,NaN
686,"uhUMfFzrCVNg","jOWLYdwRpowy","h00zYF5FdvkF",338,600.3786982248521,346.0,831,26.11820148528641,610,861,588,836,17.88615130476384,0.5568199095572641,78.18376618407356,848.8491124260355,2025-12-11T03:40:00,67260000 milliseconds,2814.94746884302,0.05552712237583628,0.0876944837340877,0.0910344827586207,0.04214803157706579,0.046897456118168396,49.0,0.145,0.999,0.0010000000000000009,0.4693015765637789,"aqua",67260.0,2814.94746884302,0.04185173162121648
686,"uhUMfFzrCVNg","h00zYF5FdvkF","V1RbDr9Cv9yf",359,593.7103064066853,367.0,913,26.407774989068788,604,854,581,829,18.70609205643518,0.7030096783071611,79.25483399593904,842.0306406685237,2025-12-11T09:38:00,21480000 milliseconds,2384.3107828649922,0.14574026790128314,0.06025824964131994,0.05890603085553997,0.011025916059790229,0.04481500320041992,64.0,0.178,0.992,0.008000000000000007,0.5067454676583532,"terra",21480.0,2384.3107828649922,0.11100143309427338
687,"umBOzjdI7C4N",NA,"itCXkVjqz2Rl",924,357.18398268398266,949.0,715,46.593872114879126,373,602,344,555,25.79251161688101,-0.08578338402057295,128.22539674441617,578.4285714285714,2025-12-09T04:00:00,NA,NA,NA,NA,NA,NA,NA,NA,NA,NA,NA,NA,"aqua",NaN,NaN,NaN
687,"umBOzjdI7C4N","itCXkVjqz2Rl","jeh16RSuNera",893,370.79059350503917,911.0,458,46.77386537055374,385,606,358,560,24.70636263874816,-0.08875187612424609,124.32590180780451,582.5263157894736,2025-12-09T09:58:00,21480000 milliseconds,3552.5639234484383,0.21714938407386541,0.0341221794166208,0.04086021505376344,0.0038555771087994814,0.04301676004239942,75.0,0.084,0.999,0.0010000000000000009,0.42400411569544855,"terra",21480.0,3552.5639234484383,0.16538938191100738
687,"umBOzjdI7C4N","jeh16RSuNera","JldSfMQwAcXr",931,359.94307196562835,970.0,682,47.59458237283341,375,594,347,547,25.38899119840035,-0.040979016215790455,128.22539674441617,570.2255639097745,2025-12-10T08:59:00,82860000 milliseconds,4100.131250596626,0.0657124970045136,0.041666666666666664,0.06273258904837853,0.017393885814703913,0.027253168502264707,67.0,0.072,0.999,0.0010000000000000009,0.2877588070365274,"terra",82860.0,4100.131250596626,0.049482636381808186
687,"umBOzjdI7C4N","JldSfMQwAcXr","eTDyNRBIwTk5",889,371.88751406074243,919.0,585,46.70317068707646,385,592,359,546,24.64410498856629,0.02025513145057206,125.39696961967,568.2677165354331,2025-12-11T03:40:00,67260000 milliseconds,3025.959179590297,0.05968949954808753,0.046153846153846156,0.05399682371625199,0.01890631869437254,0.029775739124779547,53.0,0.06,0.996,0.0040000000000000036,0.27252222723733777,"aqua",67260.0,3025.959179590297,0.0449889857209381
687,"umBOzjdI7C4N","eTDyNRBIwTk5","hEB4egzDzkVC",903,365.2613510520487,936.0,574,45.812424707374745,380,583,352,537,25.517298128506983,-0.011080375729715895,125.88225099390856,559.5813953488372,2025-12-11T09:38:00,21480000 milliseconds,2731.279599090029,0.16694863075122426,0.015625,0.018328840970350403,0.01925612597322455,0.03481533951124611,83.0,0.092,0.995,0.0050000000000000044,0.3519739372060453,"terra",21480.0,2731.279599090029,0.1271545437192751
687,"umBOzjdI7C4N","hEB4egzDzkVC","KpRepHFIcHcd",881,385.9841089670829,909.0,402,46.340039401772515,400,592,374,546,24.74227986202024,0.05236590619192469,124.8111831820431,568.182746878547,2025-12-12T02:40:00,61320000 milliseconds,5609.233145798278,0.12130694519459945,0.02466367713004484,0.02926829268292683,0.011450908003346534,0.030840619737508193,66.0,0.075,0.995,0.0050000000000000044,0.2975304427484258,"aqua",61320.0,5609.233145798278,0.09147477406716044
688,"umdRp86rjgqy",NA,"YuWrOXlOIrVH",610,153.01147540983607,631.0,289,33.32289810746725,169,369,140,337,24.220490025502023,0.5272489952938855,103.98275605729688,355.1213114754098,2025-12-09T04:00:00,NA,NA,NA,NA,NA,NA,NA,NA,NA,NA,NA,NA,"aqua",NaN,NaN,NaN
688,"umdRp86rjgqy","YuWrOXlOIrVH","f9u1Qfx60AzW",548,161.4963503649635,575.0,148,32.98890687363355,176,372,149,341,21.823237187363056,0.5851885594999022,101.18986283848344,357.59671532846716,2025-12-09T09:58:00,21480000 milliseconds,2209.6482644286366,0.1350640748428262,0.1070811744386874,0.09286898839137644,0.010073356740293506,0.10412939973587332,104.0,0.19,0.988,0.01200000000000001,0.6512169941490569,"terra",21480.0,2209.6482644286366,0.10287003093243187
688,"umdRp86rjgqy","f9u1Qfx60AzW","iAHZfXQStntS",601,148.63727121464225,638.0,222,35.94085701812175,164,356,136,324,22.107079345541827,0.6469648743170914,105.63961030678928,341.43760399334445,2025-12-11T09:38:00,171600000 milliseconds,5162.804444625502,0.04003725819794883,0.09225413402959094,0.10387469084913438,0.08565095766536572,0.012922381652595953,84.0,0.14,0.987,0.013000000000000012,0.48773942239463586,"terra",171600.0,5162.804444625502,0.0300862729873281
688,"umdRp86rjgqy","iAHZfXQStntS","7gscaQbjNJAZ",606,159.76072607260727,631.0,91,36.28580665028018,175,377,148,343,22.020412301029545,0.6305454468897684,105.49747468305833,361.37293729372936,2025-12-12T02:40:00,61320000 milliseconds,5707.170718570964,0.12342497228743433,0.008285004142502071,0.01103230890464933,0.009551863941608098,0.003928029501718392,61.0,0.101,0.988,0.01200000000000001,0.2692221787779122,"aqua",61320.0,5707.170718570964,0.09307192952659758
689,"uza6JpfS3J0O",NA,"4WweXiuPqGkz",399,860.2431077694235,410.0,1587,27.98489949296349,873,887,848,866,18.286156137503358,-1.0162913449315785,79.59797974644665,875.9022556390977,2025-12-09T04:00:00,NA,NA,NA,NA,NA,NA,NA,NA,NA,NA,NA,NA,"aqua",NaN,NaN,NaN
689,"uza6JpfS3J0O","4WweXiuPqGkz","YGWqYs4AktCW",373,873.9356568364611,391.0,1278,25.406848425473015,885,891,863,868,19.05356118202355,-0.7288760513773516,79.25483399593904,878.6032171581769,2025-12-09T09:58:00,21480000 milliseconds,3489.0999294300336,0.21327016683557662,0.06735751295336788,0.04744069912609238,0.09657114321969057,0.04110395576663219,63.0,0.169,0.991,0.009000000000000008,0.6437434779013597,"terra",21480.0,3489.0999294300336,0.1624348198058675
689,"uza6JpfS3J0O","YGWqYs4AktCW","cXlyY8JN402a",383,906.355091383812,390.0,1437,28.772688875269278,917,854,896,828,17.278355846488413,0.5242986485424057,79.01219330881976,841.1174934725849,2025-12-11T09:38:00,171600000 milliseconds,12390.014166160487,0.096083863250566,0.026455026455026454,0.002560819462227913,0.12424766313942473,0.09772153416193374,68.0,0.178,0.991,0.009000000000000008,0.5340689064691788,"terra",171600.0,12390.014166160487,0.07220287975617999
689,"uza6JpfS3J0O","cXlyY8JN402a","xYUGqIJToh1M",372,926.8629032258065,376.0,1033,28.607821758595687,936,853,918,825,16.770515272687884,-0.19374079506742836,78.42640687119285,837.7741935483871,2025-12-12T02:40:00,61320000 milliseconds,5194.6366627620655,0.11234075827772633,0.02913907284768212,0.03655352480417755,0.005746449965410005,0.02983009756905058,64.0,0.172,0.993,0.007000000000000006,0.3926099034640466,"aqua",61320.0,5194.6366627620655,0.08471357897524569
690,"v2NJp4snrPv6",NA,"oICieTaC8y6S",591,458.497461928934,614.0,896,29.19936795248398,474,807,446,777,26.56262290582638,0.3049700175989948,98.56854249492379,791.6446700507614,2025-12-09T04:00:00,NA,NA,NA,NA,NA,NA,NA,NA,NA,NA,NA,NA,"aqua",NaN,NaN,NaN
690,"v2NJp4snrPv6","oICieTaC8y6S","RkhN648gPUEv",572,470.3916083916084,585.0,650,28.589898563907756,486,816,458,786,26.321961040388288,0.13865602940489907,95.98275605729688,800.9667832167833,2025-12-09T09:58:00,21480000 milliseconds,3777.9997514861197,0.23092908016418826,0.03267411865864144,0.04837364470391994,0.021092823124977667,0.009101399594363945,64.0,0.112,0.994,0.006000000000000005,0.4601710662460912,"terra",21480.0,3777.9997514861197,0.17588453219209124
690,"v2NJp4snrPv6","RkhN648gPUEv","1OcPvf87q78e",544,463.49816176470586,566.0,860,27.910882060215126,479,800,451,771,25.847865483972004,0.12237127396723338,94.32590180780451,784.8419117647059,2025-12-10T08:59:00,82860000 milliseconds,4384.141062853521,0.07026430103138907,0.05017921146953405,0.03301476976542137,0.024035650346491855,0.018175086558699163,42.0,0.077,0.999,0.0010000000000000009,0.2736690191715355,"terra",82860.0,4384.141062853521,0.052910222819859055
690,"v2NJp4snrPv6","1OcPvf87q78e","7cGyZE92s1ql",571,480.74430823117336,578.0,712,27.44194041275086,497,791,468,762,27.180263307058667,-1.1908441331339434,93.74011537017762,776.5569176882663,2025-12-11T03:40:00,67260000 milliseconds,4783.243504604701,0.09435335841019235,0.0484304932735426,0.02097902097902098,0.016943730292824536,0.05025249253418981,137.0,0.24,0.994,0.006000000000000005,0.4769590954897703,"aqua",67260.0,4783.243504604701,0.07111572263759591
690,"v2NJp4snrPv6","7cGyZE92s1ql","nQStaSpUXjgo",552,531.802536231884,593.0,633,28.243398671072832,547,953,519,925,26.149131681023608,0.981254088619688,119.84671708797582,939.4601449275362,2025-12-12T08:40:00,104400000 milliseconds,42679.330544437566,0.5433396632009875,0.03383793410507569,0.025619128949615714,0.028785251971458016,0.03867029154429709,143.0,0.259,0.966,0.03400000000000003,0.9632522697714341,"terra",104400.0,42679.330544437566,0.4088058481267966
691,"v9zxb4ZaXATg",NA,"6d3KpytN2Raa",1130,131.08230088495574,1240.0,180,43.89723564354128,148,110,110,67,34.86895699411842,0.10770456757864375,154.95331880577405,87.01592920353983,2025-12-11T09:38:00,NA,NA,NA,NA,NA,NA,NA,NA,NA,NA,NA,NA,"terra",NaN,NaN,NaN
691,"v9zxb4ZaXATg","6d3KpytN2Raa","mI7AkVSOVrPI",1089,126.59871441689623,1185.0,76,44.00013862502726,143,122,108,78,32.91784264383844,0.06752976014676694,147.81727983645297,100.1900826446281,2025-12-12T08:40:00,82920000 milliseconds,3479.0521922815465,0.0557183246681862,0.036953582694907616,0.04536082474226804,0.0023414347093364744,0.05756620347031293,145.0,0.133,0.982,0.018000000000000016,0.3489403702850113,"terra",82920.0,3479.0521922815465,0.04195673169659366
692,"vArNmGXc7zpm",NA,"zSRM0HWE7XXi",350,741.9771428571429,358.0,1048,24.874683511866152,754,347,729,327,18.558526446298576,-1.1899001945830547,73.59797974644665,337.5,2025-12-09T09:58:00,NA,NA,NA,NA,NA,NA,NA,NA,NA,NA,NA,NA,"terra",NaN,NaN,NaN
692,"vArNmGXc7zpm","zSRM0HWE7XXi","Balxkw05J0Ol",331,723.6827794561933,340.0,1282,24.408997695275108,736,315,710,296,17.938167479770836,-1.2884927049040802,74.56244584051392,305.7462235649547,2025-12-10T08:59:00,82860000 milliseconds,9161.693518848067,0.14683377704700806,0.055800293685756244,0.05157593123209169,0.01889817502202193,0.03399535134795427,45.0,0.136,0.991,0.009000000000000008,0.45210352833483225,"terra",82860.0,9161.693518848067,0.11056835045677127
692,"vArNmGXc7zpm","Balxkw05J0Ol","37ZoEodAPRqY",337,675.2967359050446,350.0,747,26.340566074779062,685,354,667,328,16.726490171895687,-0.2680082934147012,74.18376618407356,340.94955489614244,2025-12-12T02:40:00,150060000 milliseconds,14959.2858856695,0.13262366138276963,0.017964071856287425,0.028985507246376812,0.07612157567524613,0.06990851143264629,79.0,0.234,0.997,0.0030000000000000027,0.5626033275933263,"aqua",150060.0,14959.2858856695,0.09968869709229308
693,"vCl9iZf2WVID",NA,"Hs72Lb318Awv",392,942.1301020408164,396.0,1484,23.788299603131545,952,1020,932,997,21.368408659098154,-0.34572382407313185,75.11269837220809,1008.9719387755102,2025-12-11T09:38:00,NA,NA,NA,NA,NA,NA,NA,NA,NA,NA,NA,NA,"terra",NaN,NaN,NaN
693,"vCl9iZf2WVID","Hs72Lb318Awv","xRNNB4JFinmp",395,927.3063291139241,420.0,1032,25.081615014068788,938,1026,916,999,21.55733836271531,0.16780001375948717,82.08326112068522,1013.0810126582278,2025-12-12T02:40:00,61320000 milliseconds,3845.6853417311704,0.08316793559107202,0.007623888182973317,0.058823529411764705,0.052928899960960674,0.00880262857259759,109.0,0.276,0.99,0.010000000000000009,0.49734688171936836,"aqua",61320.0,3845.6853417311704,0.062715025142387
694,"vNdYlXty5Huw",NA,"JwT1gSUMgdRm",1050,483.1352380952381,1100.0,925,42.243917751484524,500,635,468,595,32.3554153481023,0.04110840412878068,135.8111831820431,613.9590476190476,2025-12-09T04:00:00,NA,NA,NA,NA,NA,NA,NA,NA,NA,NA,NA,NA,"aqua",NaN,NaN,NaN
694,"vNdYlXty5Huw","JwT1gSUMgdRm","v72R0QmU4f7z",1077,496.8514391829155,1115.0,685,42.61806019342155,514,647,482,606,32.73750063737232,0.0792949665061662,138.39696961967002,626.0278551532033,2025-12-09T09:58:00,21480000 milliseconds,4567.482126224575,0.27918594903573196,0.02538787023977433,0.013544018058690745,0.008817669608877718,0.011739688827438144,107.0,0.099,0.992,0.008000000000000007,0.44567519577051296,"terra",21480.0,4567.482126224575,0.21263883269201933
694,"vNdYlXty5Huw","v72R0QmU4f7z","X7OZvdX3UPaD",1131,485.4500442086649,1208.0,891,47.080245091224576,503,636,470,589,31.795675130470876,0.03986220640535176,153.12489168102786,609.999115826702,2025-12-10T08:59:00,82860000 milliseconds,4917.521554069412,0.07881275028559037,0.04891304347826087,0.08006887645286268,0.09949318180857158,0.029188878300043474,182.0,0.161,0.978,0.02200000000000002,0.519476730325329,"terra",82860.0,4917.521554069412,0.059347351605954765
694,"vNdYlXty5Huw","X7OZvdX3UPaD","zfN3EdywJ9zm",1181,281.72226926333616,1270.0,420,49.959342119579524,300,554,262,505,31.48094420349002,0.5749862666398647,152.61017305526642,529.7866215071973,2025-12-11T09:38:00,88740000 milliseconds,54737.470329479904,0.8193618790431839,0.04325259515570934,0.05004035512510089,0.05933860831663551,0.009947779457678442,271.0,0.229,0.992,0.008000000000000007,1.218941217098308,"terra",88740.0,54737.470329479904,0.6168297310060841
694,"vNdYlXty5Huw","zfN3EdywJ9zm","Xk2XmaAl7lCZ",1169,300.2412318220701,1290.0,260,48.93677063562833,319,562,281,513,31.94025938047313,0.5331653897863826,163.09545442950497,537.6330196749359,2025-12-12T02:40:00,61320000 milliseconds,5028.157829031931,0.10874043747906426,0.010212765957446808,0.015625,0.020679710363992,0.014484593512169,141.0,0.121,0.982,0.018000000000000016,0.30874250731267205,"aqua",61320.0,5028.157829031931,0.08199865996464337
694,"vNdYlXty5Huw","Xk2XmaAl7lCZ","z2RVXmDsR39i",1207,291.78293289146643,1344.0,319,50.626694419268155,310,562,272,511,32.212197438795904,0.5093764745794339,163.68124086713186,537.2924606462303,2025-12-12T08:40:00,21600000 milliseconds,2116.2880423557126,0.12864972901858435,0.03198653198653199,0.04100227790432802,0.03394666472702715,0.008477868870677278,100.0,0.083,0.997,0.0030000000000000027,0.3300630725071488,"terra",21600.0,2116.2880423557126,0.09797629825720891
695,"vPrIM0Nf0xCs",NA,"zOnjur5epkVU",374,356.1096256684492,406.0,724,27.55450250955259,366,554,347,529,18.571635472731128,-0.18403265941480682,83.35533905932738,542.2058823529412,2025-12-09T04:00:00,NA,NA,NA,NA,NA,NA,NA,NA,NA,NA,NA,NA,"aqua",NaN,NaN,NaN
695,"vPrIM0Nf0xCs","zOnjur5epkVU","jVzjtLsm1AaO",452,370.75442477876106,470.0,460,28.878581215967166,382,558,359,532,20.232317692895748,-0.5067575483738774,84.42640687119285,545.5464601769911,2025-12-09T09:58:00,21480000 milliseconds,3755.2430112770717,0.22953808137390413,0.18886198547215496,0.1461187214611872,0.046925619477207824,0.08559345554698161,108.0,0.239,0.991,0.009000000000000008,0.9450378633314358,"terra",21480.0,3755.2430112770717,0.17482509363487297
695,"vPrIM0Nf0xCs","jVzjtLsm1AaO","9pgFzGIPM9TX",481,359.6777546777547,492.0,681,29.221229213654276,372,546,347,520,21.203917258264465,-0.663065741952388,86.18376618407356,533.5821205821206,2025-12-10T08:59:00,82860000 milliseconds,4076.135136896787,0.06532791308433027,0.06216505894962487,0.04573804573804574,0.011795150282019324,0.046896131683485005,41.0,0.085,0.986,0.014000000000000012,0.3309222997375052,"terra",82860.0,4076.135136896787,0.0491930380991647
695,"vPrIM0Nf0xCs","9pgFzGIPM9TX","DyyB8PQ3IXkd",520,368.64230769230767,535.0,579,28.45463914816209,381,545,356,518,23.86236587245117,-0.7352949268683898,94.08326112068522,531.3519230769231,2025-12-11T03:40:00,67260000 milliseconds,2309.4505794522865,0.04555578616140224,0.07792207792207792,0.08373904576436222,0.02658269696723619,0.11797949284949126,76.0,0.146,0.985,0.015000000000000013,0.5127790996645698,"aqua",67260.0,2309.4505794522865,0.03433616680720022
695,"vPrIM0Nf0xCs","DyyB8PQ3IXkd","SYUueq3aoxJy",495,431.65656565656565,512.0,464,28.11204384016025,443,497,418,467,23.053441296299347,0.044062886158049604,90.32590180780451,481.6080808080808,2025-12-12T02:40:00,82800000 milliseconds,20070.573220596973,0.32190173569522007,0.04926108374384237,0.04393505253104107,0.012112971449026481,0.03448409501907192,76.0,0.154,0.986,0.014000000000000012,0.6296949384382019,"aqua",82800.0,20070.573220596973,0.2423982273018958
696,"vRV8ns6Gzvem",NA,"259YGq2qan9i",338,814.6952662721893,368.0,1494,33.83365643242575,824,505,805,473,13.352455542335061,0.42684988194883067,92.91168824543142,488.9792899408284,2025-12-09T04:00:00,NA,NA,NA,NA,NA,NA,NA,NA,NA,NA,NA,NA,"aqua",NaN,NaN,NaN
696,"vRV8ns6Gzvem","259YGq2qan9i","CPnuaWPX68oX",361,784.3490304709142,382.0,1236,31.46290624063795,800,635,770,618,15.077384067300045,-1.3533332698595988,82.42640687119285,626.3157894736842,2025-12-10T03:01:00,82860000 milliseconds,35162.30948334868,0.5635437051582448,0.06580829756795423,0.037333333333333336,0.07261485428131997,0.12134634233957417,96.0,0.266,0.966,0.03400000000000003,1.1606465326804267,"aqua",82860.0,35162.30948334868,0.4243580676242902
696,"vRV8ns6Gzvem","CPnuaWPX68oX","CIXqVQ9kzRgO",356,790.876404494382,363.0,1220,30.62750831454194,806,634,777,619,15.117598075064352,-1.3877739172774401,77.69848480983498,626.3595505617977,2025-12-11T09:38:00,110220000 milliseconds,1631.8801785646535,0.019681362582942213,0.01394700139470014,0.05100671140939597,0.02690907870662024,0.0026636218941746485,50.0,0.14,0.999,0.0010000000000000009,0.25520777598783323,"terra",110220.0,1631.8801785646535,0.014805663024538682
697,"vbKJaxDPm0Ew",NA,"h9mk5IBhKnSF",314,116.36624203821655,318.0,196,24.82691776004068,126,603,108,579,16.3723953108463,-0.377405422016917,69.59797974644667,589.9458598726114,2025-12-10T08:59:00,NA,NA,NA,NA,NA,NA,NA,NA,NA,NA,NA,NA,"terra",NaN,NaN,NaN
697,"vbKJaxDPm0Ew","h9mk5IBhKnSF","5XV3nyObsdfP",314,82.13375796178345,317.0,56,24.892314861333585,92,506,71,484,16.44057713279765,-0.7371946339530874,69.59797974644667,495.47452229299364,2025-12-12T08:40:00,171660000 milliseconds,25120.579947183436,0.19474072597529699,0.0,0.0031496062992125984,0.0026306561000618255,0.004155784549446144,70.0,0.223,0.999,0.0010000000000000009,0.42867677292401757,"terra",171660.0,25120.579947183436,0.14633915849460233
698,"vdXeXi6Eit1d",NA,"lkEU66HGWTDm",567,624.1675485008818,615.0,1142,32.177659056068336,640,73,609,43,23.876686855048458,0.6869831440484249,104.91168824543142,57.78483245149912,2025-12-09T04:00:00,NA,NA,NA,NA,NA,NA,NA,NA,NA,NA,NA,NA,"aqua",NaN,NaN,NaN
698,"vdXeXi6Eit1d","lkEU66HGWTDm","7trjPRhzrrxW",487,648.6468172484599,517.0,893,31.957951519165363,664,96,630,73,20.82441877323807,-1.5010415843426534,95.74011537017762,84.55441478439425,2025-12-09T09:58:00,21480000 milliseconds,9068.644939756037,0.5543181503518361,0.15180265654648956,0.17314487632508835,0.006851343112895054,0.13656342673899935,147.0,0.302,0.968,0.03200000000000003,1.3566804530753083,"terra",21480.0,9068.644939756037,0.4221901741040986
698,"vdXeXi6Eit1d","7trjPRhzrrxW","IP8b29pj1hHa",502,620.1892430278884,526.0,1078,31.732050781403643,634,75,603,49,22.1327908957214,-1.019615850373477,98.32590180780451,63.069721115537845,2025-12-10T08:59:00,82860000 milliseconds,8914.263824637781,0.14286823983713087,0.030333670374115267,0.01725790987535954,0.0070937581912978295,0.06091513543668316,154.0,0.307,0.984,0.016000000000000014,0.5814687137145866,"terra",82860.0,8914.263824637781,0.10758223297897394
699,"vhKxpEojYN9F",NA,"o5uzas6qVXRa",654,684.9082568807339,703.0,1049,37.95798948031168,698,804,672,767,23.413405269558222,0.23067942687197432,116.5685424949238,788.2354740061162,2025-12-10T03:01:00,NA,NA,NA,NA,NA,NA,NA,NA,NA,NA,NA,NA,"aqua",NaN,NaN,NaN
699,"vhKxpEojYN9F","o5uzas6qVXRa","uREtShAdeBh6",655,800.7038167938931,707.0,1238,38.14789541260854,816,854,787,818,23.4435627848143,0.5550161389674246,126.88225099390856,837.636641221374,2025-12-11T09:38:00,110220000 milliseconds,31473.289288132786,0.37958498809784463,0.0015278838808250573,0.005673758865248227,0.004990571558666044,0.0012872158190467679,141.0,0.215,0.988,0.01200000000000001,0.6200644182216307,"terra",110220.0,31473.289288132786,0.2855497122857266
699,"vhKxpEojYN9F","uREtShAdeBh6","mE1nKYWM7WtL",650,829.6953846153846,711.0,823,38.77769859198151,851,938,813,912,23.49926328099823,-1.3858962432219128,129.29646455628165,924.5584615384615,2025-12-12T08:40:00,82920000 milliseconds,22907.304855635277,0.36686907199928376,0.007662835249042145,0.005641748942172073,0.01637434686134217,0.0023731207024407543,182.0,0.28,0.981,0.019000000000000017,0.697921123754281,"terra",82920.0,22907.304855635277,0.2762578974389204
700,"viEYNxMEJAFQ",NA,"dDb6kUvJ1nJ5",1404,434.5213675213675,1508.0,854,56.1856765071572,456,924,413,870,33.30324414955799,-0.44902069472514483,163.92388155425118,894.2207977207977,2025-12-09T04:00:00,NA,NA,NA,NA,NA,NA,NA,NA,NA,NA,NA,NA,"aqua",NaN,NaN,NaN
700,"viEYNxMEJAFQ","dDb6kUvJ1nJ5","opJGSQ0EW7jF",1374,445.87772925764193,1457.0,597,55.92303816403937,466,931,424,877,32.7914985335371,-0.42637264463162633,161.43860018001263,901.9323144104803,2025-12-09T09:58:00,21480000 milliseconds,3431.785627960064,0.20976684767482054,0.02159827213822894,0.034401349072512646,0.004685422429257525,0.015485213959438771,90.0,0.066,0.994,0.006000000000000005,0.35793710527425837,"terra",21480.0,3431.785627960064,0.15976655623650204
700,"viEYNxMEJAFQ","opJGSQ0EW7jF","ems3IDiPXfl8",1362,438.867107195301,1432.0,814,55.42189029837438,460,915,418,863,32.47270883804084,-0.44038426051125695,158.0243866176395,886.4838472834067,2025-12-10T08:59:00,82860000 milliseconds,4241.196457643585,0.06797333853102949,0.008771929824561403,0.017307026652821047,0.009001718759631884,0.00976920454059155,79.0,0.058,0.989,0.01100000000000001,0.18182321830863538,"terra",82860.0,4241.196457643585,0.05118508879608478
700,"viEYNxMEJAFQ","ems3IDiPXfl8","tLC9XDAOMAk0",1332,446.3445945945946,1417.0,674,55.66906882964043,468,909,425,856,32.25054395071342,-0.4729126241931775,158.61017305526642,879.4879879879879,2025-12-11T03:40:00,67260000 milliseconds,2559.9666146247328,0.0504974181797955,0.022271714922048998,0.01053001053001053,0.004450020653457807,0.006865071755664841,155.0,0.116,0.996,0.0040000000000000036,0.21461423604097768,"aqua",67260.0,2559.9666146247328,0.03806075846899692
700,"viEYNxMEJAFQ","tLC9XDAOMAk0","fFhkO7CroNzX",1265,438.2134387351779,1333.0,675,54.722971507496034,460,897,415,849,30.4480978337766,-0.6384330164915681,161.58073580374355,871.2750988142293,2025-12-11T09:38:00,21480000 milliseconds,2889.282395666878,0.1766065034026209,0.05159799768964189,0.06109090909090909,0.017140680057276272,0.05749553947698746,231.0,0.183,0.994,0.006000000000000005,0.5529316297174356,"terra",21480.0,2889.282395666878,0.13451035361577646
700,"viEYNxMEJAFQ","fFhkO7CroNzX","RziESxfi1qsV",1238,580.921647819063,1378.0,657,54.963794216121315,603,734,558,689,31.075486808289313,0.8389222874988782,168.75230867899737,708.2528271405492,2025-12-12T08:40:00,82920000 milliseconds,54165.19523733449,0.8674759006619873,0.021574111066719935,0.033198081888601995,0.004391098726205357,0.020395072171517894,313.0,0.253,0.985,0.015000000000000013,1.2150342645150325,"terra",82920.0,54165.19523733449,0.653222325582905
701,"vpW5dHTOLvlU",NA,"kW467GoQRZ8M",339,613.5722713864307,385.0,1136,28.693332261468626,623,385,605,358,16.59849369717,0.21732758267994107,90.91168824543142,371.46017699115043,2025-12-09T04:00:00,NA,NA,NA,NA,NA,NA,NA,NA,NA,NA,NA,NA,"aqua",NaN,NaN,NaN
701,"vpW5dHTOLvlU","kW467GoQRZ8M","LebvWChmAFFv",374,653.1764705882352,379.0,878,28.231364817320525,665,299,641,276,17.02622631782408,0.7924156627924795,77.25483399593904,287.3582887700535,2025-12-11T03:40:00,171600000 milliseconds,23240.07879285549,0.1802255044036874,0.09817671809256662,0.015706806282722512,0.016230826613225346,0.02544155731041588,71.0,0.19,0.945,0.05500000000000005,0.5807814127026178,"aqua",171600.0,23240.07879285549,0.13543169459705995
701,"vpW5dHTOLvlU","LebvWChmAFFv","3oZR0DYKCgoS",352,761.8323863636364,377.0,783,26.767693293274977,775,214,748,195,17.568028098025945,1.3635020700539302,79.59797974644667,203.80113636363637,2025-12-12T08:40:00,104400000 milliseconds,34267.245431370284,0.43624755482330085,0.06060606060606061,0.005291005291005291,0.0532253305539272,0.03132322342831753,74.0,0.21,0.982,0.018000000000000016,0.8146931747026115,"terra",104400.0,34267.245431370284,0.3282303202238533
702,"vsDaXGraRUoy",NA,"wwdPMLFqzrJS",304,515.4572368421053,305.0,981,23.868384016764743,527,692,505,674,16.415507096556997,-0.9056451148095285,66.52691193458118,682.7993421052631,2025-12-09T04:00:00,NA,NA,NA,NA,NA,NA,NA,NA,NA,NA,NA,NA,"aqua",NaN,NaN,NaN
702,"vsDaXGraRUoy","wwdPMLFqzrJS","GONWdrhGPNgU",335,528.8716417910448,339.0,741,24.70330117880428,541,705,518,686,17.45836075322791,-0.9646608037334355,72.56244584051392,695.3850746268656,2025-12-09T09:58:00,21480000 milliseconds,4598.552239832219,0.2810851002342432,0.09702660406885759,0.10559006211180125,0.03437876032827882,0.06157275344495601,46.0,0.137,0.986,0.014000000000000012,0.7306532801881369,"terra",21480.0,4598.552239832219,0.21408529980596924
702,"vsDaXGraRUoy","GONWdrhGPNgU","Rw97eVQqcuZ8",346,518.0693641618498,356.0,791,24.850659735271098,530,785,506,764,18.189222029223814,-1.1099189876804774,74.42640687119285,775.1531791907514,2025-12-10T03:01:00,61380000 milliseconds,20124.052318825517,0.43478561777736885,0.032305433186490456,0.04892086330935252,0.005947397695305537,0.04100481541518066,56.0,0.162,0.998,0.0020000000000000018,0.726964127383698,"aqua",61380.0,20124.052318825517,0.3278600899124392
702,"vsDaXGraRUoy","Rw97eVQqcuZ8","SQgjQWYl5ozz",330,487.05151515151516,336.0,721,23.032095532110677,497,814,476,792,18.578493164783964,0.6933362365504895,72.66904755831213,803.5424242424242,2025-12-11T03:40:00,88740000 milliseconds,10512.065067791875,0.15735446550096363,0.047337278106508875,0.057803468208092484,0.07595904592396106,0.02117461656271707,50.0,0.152,0.99,0.010000000000000009,0.5216288743022431,"aqua",88740.0,10512.065067791875,0.11845915109073557
703,"vxYYqxZ4Vaom",NA,"7m8oi6evMbAb",394,1073.0736040609138,400.0,1938,25.080832821577907,1083,610,1064,586,20.45214981365538,-0.24134034922933906,78.698484809835,597.7055837563452,2025-12-10T08:59:00,NA,NA,NA,NA,NA,NA,NA,NA,NA,NA,NA,NA,"terra",NaN,NaN,NaN
703,"vxYYqxZ4Vaom","7m8oi6evMbAb","Ts3ggxH0Zd9H",420,1090.4380952380952,424.0,1308,26.87051883627279,1100,589,1081,562,20.46957096236611,-0.16498249347790322,80.2842712474619,574.302380952381,2025-12-12T02:40:00,150060000 milliseconds,7285.411172876109,0.06458984150783376,0.06388206388206388,0.05825242718446602,0.06889853517119925,0.0008514377391938008,47.0,0.112,0.993,0.007000000000000006,0.37547430548475674,"aqua",150060.0,7285.411172876109,0.04854998782404444
704,"vy5jdF8j6ij9",NA,"q9mJLKpSDFcK",1214,181.49505766062603,1264.0,348,45.710305371644395,197,436,163,391,34.479711930728236,0.004584271265737535,141.39696961967,413.12438220757826,2025-12-09T04:00:00,NA,NA,NA,NA,NA,NA,NA,NA,NA,NA,NA,NA,"aqua",NaN,NaN,NaN
704,"vy5jdF8j6ij9","q9mJLKpSDFcK","OyDIh0klXVQG",1104,190.90579710144928,1197.0,168,40.185128583767906,212,437,173,395,36.76848008908768,0.38189023411644685,153.1959594928933,414.77807971014494,2025-12-09T09:58:00,21480000 milliseconds,2388.733088023094,0.14601057995251185,0.09490940465918896,0.05444941080861439,0.12864890561574133,0.06424775404049218,264.0,0.239,0.986,0.014000000000000012,0.7412660550765487,"terra",21480.0,2388.733088023094,0.11120731322267662
704,"vy5jdF8j6ij9","OyDIh0klXVQG","lh1GgeqpJEwt",1172,64.37116040955631,1292.0,94,44.60659336725327,80,473,45,425,35.61808415649453,0.08231420870528634,168.88225099390854,448.8660409556314,2025-12-10T03:01:00,61380000 milliseconds,32761.4516091541,0.7078200628530648,0.05975395430579965,0.07633587786259542,0.10429001043378652,0.031784791682894616,278.0,0.237,0.973,0.027000000000000024,1.2439846971381412,"aqua",61380.0,32761.4516091541,0.533747989722289
704,"vy5jdF8j6ij9","lh1GgeqpJEwt","IrmH8XhADQ1X",1208,118.40149006622516,1296.0,182,44.75068727900562,140,508,100,462,35.42283117251938,-0.32756121169633434,157.2670273047588,483.25165562913907,2025-12-10T08:59:00,21480000 milliseconds,16011.025535711433,0.9786690425251487,0.030252100840336135,0.0030911901081916537,0.0032251185512857847,0.005496916335350439,287.0,0.238,0.975,0.025000000000000022,1.2837343683603124,"terra",21480.0,16011.025535711433,0.7453922502658954
704,"vy5jdF8j6ij9","IrmH8XhADQ1X","j3gbClyccxcy",1252,182.18290734824282,1321.0,265,43.18433726465675,203,421,163,377,37.98565843564881,-0.09407837062813207,147.53910524340094,398.2364217252396,2025-12-11T09:38:00,88740000 milliseconds,26570.259673925844,0.3977286082467756,0.03577235772357724,0.019105846388995033,0.03562516807102569,0.06982372956613075,184.0,0.147,0.985,0.015000000000000013,0.7200557099965043,"terra",88740.0,26570.259673925844,0.29941694471406183
704,"vy5jdF8j6ij9","j3gbClyccxcy","4lKbsGBF6zKs",1285,188.7649805447471,1346.0,142,44.08052744566031,210,433,168,388,38.31110325731525,-0.11505044084661177,151.53910524340094,409.68015564202335,2025-12-12T08:40:00,82920000 milliseconds,3300.404648697324,0.052857217307772646,0.0260149783208514,0.018747656542932135,0.020539542093568557,0.008531025811452132,103.0,0.08,0.993,0.007000000000000006,0.21369042007657685,"terra",82920.0,3300.404648697324,0.03980227506870868
705,"w1fW11HsBZIT",NA,"rAaygVkf5kGH",5057,778.0656515720783,5629.0,994,96.46103086118143,812,496,740,400,69.57800127307371,-0.23580565953601862,360.0904037956216,448.5570496341705,2025-12-11T03:40:00,NA,NA,NA,NA,NA,NA,NA,NA,NA,NA,NA,NA,"aqua",NaN,NaN,NaN
705,"w1fW11HsBZIT","rAaygVkf5kGH","FEBWutxti9Oq",5167,618.0522546932456,5586.0,630,96.95123448839395,661,445,564,355,71.38246910454116,-0.8360032652433029,354.9543648263006,400.79543255273853,2025-12-12T02:40:00,82800000 milliseconds,41747.34965160675,0.669564549344134,0.021517996870109544,0.007668301382077575,0.005069002488818626,0.025602466090436742,935.0,0.181,0.991,0.009000000000000008,0.9194223161755763,"aqua",82800.0,41747.34965160675,0.5041950441015308
706,"wKMM4nBmflz3",NA,"LbXgUJNRj30k",1708,1116.61943793911,1928.0,1612,67.05395637629321,1134,367,1099,301,34.63829349040416,0.02680462209244776,223.58683245815342,333.5228337236534,2025-12-09T09:58:00,NA,NA,NA,NA,NA,NA,NA,NA,NA,NA,NA,NA,"terra",NaN,NaN,NaN
706,"wKMM4nBmflz3","LbXgUJNRj30k","sn70CRku9PHd",1612,1051.2611662531017,1827.0,1634,65.89010088081706,1083,541,1021,492,33.99513506824886,1.006684564637303,193.55129855222066,517.8430521091811,2025-12-11T09:38:00,171600000 milliseconds,48891.235528128345,0.3791487826919608,0.05783132530120482,0.05379494007989347,0.017508951050369863,0.01874184156793711,329.0,0.204,0.958,0.04200000000000004,0.773025840691366,"terra",171600.0,48891.235528128345,0.2849139599541279
707,"wRCWzmhO7g36",NA,"GplxKG5MvcwU",345,1070.5217391304348,351.0,1955,22.210139482398766,1081,493,1061,471,20.3310444318156,0.16264766884679038,72.18376618407356,482.8086956521739,2025-12-09T04:00:00,NA,NA,NA,NA,NA,NA,NA,NA,NA,NA,NA,NA,"aqua",NaN,NaN,NaN
707,"wRCWzmhO7g36","GplxKG5MvcwU","c57i9p6Q6A2Z",350,1062.3142857142857,354.0,1823,23.50220126946414,1073,474,1053,451,19.425020809481307,0.0632651060546093,72.52691193458118,463.0857142857143,2025-12-10T03:01:00,82860000 milliseconds,5340.635996536197,0.08559397382059776,0.014388489208633094,0.00851063829787234,0.056530108317094645,0.045579139526773546,40.0,0.114,0.993,0.007000000000000006,0.33160234917097137,"aqua",82860.0,5340.635996536197,0.06445372913994928
707,"wRCWzmhO7g36","c57i9p6Q6A2Z","l2Ox6pdbR2WU",318,1094.8899371069183,348.0,1294,23.416768562813782,1104,459,1086,436,18.21308590749706,0.008098829471507182,79.25483399593904,447.39622641509436,2025-12-11T03:40:00,88740000 milliseconds,9039.26536456592,0.13530821592045386,0.09580838323353294,0.017094017094017096,0.003641712806387542,0.06439935521185759,83.0,0.261,0.99,0.010000000000000009,0.587251684266249,"aqua",88740.0,9039.26536456592,0.1018623547956493
708,"wSTI0T5trGBu",NA,"NIVvcb7zetsY",502,298.2569721115538,514.0,606,29.91141986697227,312,367,287,340,22.60395138426172,0.5612796325356832,93.01219330881975,354.3764940239044,2025-12-09T04:00:00,NA,NA,NA,NA,NA,NA,NA,NA,NA,NA,NA,NA,"aqua",NaN,NaN,NaN
708,"wSTI0T5trGBu","NIVvcb7zetsY","sCFIQTC0b7iD",488,305.5983606557377,495.0,343,28.509243675024088,318,374,295,346,22.296013880689838,-0.41728165187515703,85.59797974644665,358.8668032786885,2025-12-09T09:58:00,21480000 milliseconds,2151.4364817528603,0.1315058974176565,0.028282828282828285,0.03766105054509415,0.0480027478955357,0.013716603198009806,112.0,0.23,0.976,0.02400000000000002,0.5131691273391246,"terra",21480.0,2151.4364817528603,0.10015998518402515
708,"wSTI0T5trGBu","sCFIQTC0b7iD","gCE8KmZ5HAQI",482,288.5850622406639,493.0,546,27.61141698982864,300,357,276,331,22.44813515274356,-0.42580224183652443,86.18376618407356,343.3298755186722,2025-12-10T08:59:00,82860000 milliseconds,5760.037148210922,0.09231568472170722,0.012371134020618556,0.004048582995951417,0.031996297782636,0.006799605103230631,56.0,0.116,0.992,0.008000000000000007,0.2715313046241438,"terra",82860.0,5760.037148210922,0.06951529264073042
708,"wSTI0T5trGBu","gCE8KmZ5HAQI","Lg6tREbEuqSu",506,289.2371541501976,516.0,441,29.229576641365647,301,350,277,323,22.30549793105977,-0.3779889768539717,88.18376618407356,336.12252964426875,2025-12-11T09:38:00,88740000 milliseconds,1809.1962720321437,0.027081749450372634,0.048582995951417005,0.04558969276511397,0.05693636047378881,0.00637433038862775,44.0,0.087,0.992,0.008000000000000007,0.2795651290293202,"terra",88740.0,1809.1962720321437,0.02038760730259346
708,"wSTI0T5trGBu","Lg6tREbEuqSu","JtM1SStGdDnb",483,292.9296066252588,489.0,334,27.956010533603713,305,358,281,332,22.254646255479823,-0.41716656713108197,84.42640687119285,344.231884057971,2025-12-12T08:40:00,82920000 milliseconds,2227.608503075913,0.03567598499480963,0.046511627906976744,0.05373134328358209,0.044541506721448326,0.002282383798717888,60.0,0.124,0.984,0.016000000000000014,0.3227428467055347,"terra",82920.0,2227.608503075913,0.026864550205932383
709,"wdmkSq3DuDFQ",NA,"AC8dkgyTxkDr",351,72.01424501424502,360.0,124,25.67530426432958,84,1105,61,1083,18.458981852678328,0.7794825271924628,75.59797974644665,1095.3675213675215,2025-12-09T04:00:00,NA,NA,NA,NA,NA,NA,NA,NA,NA,NA,NA,NA,"aqua",NaN,NaN,NaN
709,"wdmkSq3DuDFQ","AC8dkgyTxkDr","Hu6hGps1nY4m",362,69.21546961325967,369.0,120,26.384892796921104,79,1063,60,1038,17.858427099866134,-0.22302753700339542,75.59797974644667,1050.1160220994475,2025-12-10T08:59:00,104340000 milliseconds,11334.491965218549,0.14437923654822685,0.030855539971949508,0.024691358024691357,0.027260309128552415,0.03307255501607682,57.0,0.157,0.997,0.0030000000000000027,0.4202589986894969,"terra",104340.0,11334.491965218549,0.10863036194382354
709,"wdmkSq3DuDFQ","Hu6hGps1nY4m","bfN3EaII9LJd",365,192.21917808219177,385.0,166,26.553355454421084,202,1059,181,1033,18.612425429064512,0.39947985453736495,85.84062043356595,1046.1287671232876,2025-12-12T08:40:00,171660000 milliseconds,30767.079097790294,0.23851373384852353,0.008253094910591471,0.042440318302387266,0.00636449686435208,0.04134799583312542,49.0,0.134,0.963,0.03700000000000003,0.5079196397589798,"terra",171660.0,30767.079097790294,0.1792326639740784
710,"wgy3hoByOvdQ",NA,"oDOJYSsef2wz",1020,799.4764705882353,1122.0,1123,47.192492874508055,823,334,776,297,29.53678130424962,-1.2603142770670215,153.09545442950497,316.3637254901961,2025-12-09T09:58:00,NA,NA,NA,NA,NA,NA,NA,NA,NA,NA,NA,NA,"terra",NaN,NaN,NaN
710,"wgy3hoByOvdQ","oDOJYSsef2wz","9ffsqOVGdJu0",1014,777.5246548323471,1099.0,1207,47.76428280277076,800,287,754,249,28.908689690925556,-1.1917005982443902,141.78174593052023,268.4250493096647,2025-12-10T03:01:00,61380000 milliseconds,13181.423692365115,0.2847882400856674,0.0058997050147492625,0.020711391265195857,0.012043162253233932,0.02149325183386455,83.0,0.082,0.977,0.02300000000000002,0.44993575045271095,"aqua",61380.0,13181.423692365115,0.2147511191326998
710,"wgy3hoByOvdQ","9ffsqOVGdJu0","oivyfzMilxO9",1054,781.3984819734345,1155.0,1372,48.30849086288618,805,299,757,260,29.71232793465036,-1.1912396828646494,158.05992052357226,280.7020872865275,2025-12-10T08:59:00,21480000 milliseconds,3218.42545164127,0.1967252721052121,0.03868471953578337,0.049689440993788817,0.01132907980796563,0.02741809256392655,118.0,0.112,0.961,0.039000000000000035,0.4748466050066765,"terra",21480.0,3218.42545164127,0.14983358713413733
710,"wgy3hoByOvdQ","oivyfzMilxO9","iHT1BlroL7vI",977,789.4554759467759,1030.0,845,45.724479409264,812,282,767,248,28.282093022774568,-1.1742818641955428,134.95331880577405,264.92323439099283,2025-12-12T02:40:00,150060000 milliseconds,4429.216568602893,0.039267844927549034,0.0758247168882324,0.11441647597254005,0.05495969012025329,0.04932318965390696,145.0,0.148,0.95,0.050000000000000044,0.5317919175624818,"aqua",150060.0,4429.216568602893,0.02951630393577831
710,"wgy3hoByOvdQ","iHT1BlroL7vI","yGqxmqhuEtgN",826,780.1707021791767,958.0,793,42.55968523277087,798,196,763,156,28.618735186784598,0.4243590122391986,141.53910524340094,174.955205811138,2025-12-12T08:40:00,21600000 milliseconds,22611.464446245343,1.374557109194246,0.1674986134220743,0.07243460764587525,0.07169562490227775,0.011832592761926618,247.0,0.299,0.983,0.017000000000000015,2.0140185479264,"terra",21600.0,22611.464446245343,1.0468270576965437
711,"wjxwHeAvkdoj",NA,"vBFQgtow6Cm9",5082,1036.042896497442,5790.0,1713,103.6261856566932,1071,682,999,577,65.44297848045423,0.1926597743665318,370.53405460951757,631.443722943723,2025-12-10T03:01:00,NA,NA,NA,NA,NA,NA,NA,NA,NA,NA,NA,NA,"aqua",NaN,NaN,NaN
711,"wjxwHeAvkdoj","vBFQgtow6Cm9","i9paRz7fCXgg",5103,1033.5565353713503,5707.0,1820,103.28849591014796,1066,692,997,587,65.74206075044295,0.1669900261830412,368.8477631085023,640.4399372917892,2025-12-10T08:59:00,21480000 milliseconds,2333.3702053801485,0.1426265406711582,0.004123711340206186,0.014438549186744368,0.003264048195982178,0.004559700888792739,261.0,0.051,0.994,0.006000000000000005,0.22601255028288367,"terra",21480.0,2333.3702053801485,0.10862989782961585
712,"wok172MaQY3O",NA,"crWl85LB7tQh",13879,66.69752864039197,14707.0,4,147.9021458501249,133,416,1,265,122.06021293702571,-0.5337710621666801,632.6417023478423,343.4372793428921,2025-12-09T04:00:00,NA,NA,NA,NA,NA,NA,NA,NA,NA,NA,NA,NA,"aqua",NaN,NaN,NaN
712,"wok172MaQY3O","crWl85LB7tQh","pXhO5HKF2cDV",14768,64.3215059588299,15441.0,9,149.81018279799926,138,405,1,255,127.42170401283427,-0.5777809624380906,596.4579361637687,333.1138271939328,2025-12-10T08:59:00,104340000 milliseconds,2648.338489212972,0.033734647337277525,0.06206583586413935,0.04869311397107603,0.01281799082045766,0.042980999515777274,1800.0,0.122,0.986,0.014000000000000012,0.3362925875087278,"terra",104340.0,2648.338489212972,0.02538181415768614
713,"wwIxFnrL1ipS",NA,"x9iV61SSYL3Y",338,439.2278106508876,344.0,883,21.544496474483022,450,153,429,133,20.126293292845954,0.8498043264011962,69.94112549695427,142.7396449704142,2025-12-09T04:00:00,NA,NA,NA,NA,NA,NA,NA,NA,NA,NA,NA,NA,"aqua",NaN,NaN,NaN
713,"wwIxFnrL1ipS","x9iV61SSYL3Y","qmOyRkOIAlvc",393,449.3002544529262,395.0,626,23.792671470189543,461,178,439,155,21.217368601337395,0.3015244665984775,74.18376618407356,166.10687022900763,2025-12-09T09:58:00,21480000 milliseconds,6361.413661831941,0.38883946588214796,0.15047879616963064,0.13802435723951287,0.09917580200201706,0.05278077743979152,65.0,0.165,0.986,0.014000000000000012,1.0082991987331,"terra",21480.0,6361.413661831941,0.2961551984093082
713,"wwIxFnrL1ipS","qmOyRkOIAlvc","rl2nplJ1GENb",345,425.64927536231886,348.0,680,22.00142511086817,436,148,416,126,20.160766228970832,0.3106347835492951,70.52691193458118,136.4463768115942,2025-12-10T03:01:00,61380000 milliseconds,9483.912963898294,0.20490251623416428,0.13008130081300814,0.126514131897712,0.07823044859726769,0.05107056549067229,59.0,0.171,0.993,0.007000000000000006,0.7687989630328244,"aqua",61380.0,9483.912963898294,0.15451145265393115
713,"wwIxFnrL1ipS","rl2nplJ1GENb","rzuQbKk6HhGW",375,424.92266666666666,381.0,807,23.39550296937152,435,156,415,133,20.599911497358846,-0.11026300436679834,74.76955262170047,144.68,2025-12-10T08:59:00,21480000 milliseconds,2066.4055598619047,0.1263084083045174,0.08333333333333333,0.09053497942386832,0.061417277223661464,0.021547495914394213,56.0,0.149,0.993,0.007000000000000006,0.5391414941997746,"terra",21480.0,2066.4055598619047,0.09620137615744435
713,"wwIxFnrL1ipS","rzuQbKk6HhGW","HPSDjnoT3Hfq",419,414.854415274463,438.0,654,26.276904513567597,426,152,403,126,20.913019039361995,0.4053756567052781,86.59797974644665,137.82338902147973,2025-12-11T09:38:00,88740000 milliseconds,3045.311973010478,0.04558509053230264,0.11083123425692695,0.1391941391941392,0.1160161824322989,0.01508481998042441,74.0,0.177,0.958,0.04200000000000004,0.6457114663960921,"terra",88740.0,3045.311973010478,0.034317241075168786
714,"x3HM57SShabe",NA,"ALgdVSmo3GuK",367,972.9046321525885,377.0,1787,27.323332800287204,984,336,963,310,17.827815436831827,0.35112452828874885,79.01219330881975,323.94550408719346,2025-12-09T04:00:00,NA,NA,NA,NA,NA,NA,NA,NA,NA,NA,NA,NA,"aqua",NaN,NaN,NaN
714,"x3HM57SShabe","ALgdVSmo3GuK","5FW6UjWqpC46",349,980.028653295129,359.0,1454,25.75892928979044,988,161,971,136,17.5715648482683,-0.03751985320863816,76.18376618407356,148.30659025787966,2025-12-09T09:58:00,21480000 milliseconds,43945.832942655434,2.6861756077417747,0.05027932960893855,0.04891304347826087,0.058942609033581034,0.014477687829545768,56.0,0.16,0.992,0.008000000000000007,3.0267882776921007,"terra",21480.0,43945.832942655434,2.04589538839178
714,"x3HM57SShabe","5FW6UjWqpC46","25xGVlynfM8t",350,950.8228571428572,363.0,1582,25.521494731850098,961,77,941,53,18.120337444460777,-0.45497678755570437,76.5269119345812,64.20857142857143,2025-12-10T03:01:00,61380000 milliseconds,22256.25656402983,0.48085246978567203,0.002861230329041488,0.0110803324099723,0.009260241601752156,0.030750537849828785,52.0,0.149,0.998,0.0020000000000000018,0.6858048119762667,"aqua",61380.0,22256.25656402983,0.3625978586515124
714,"x3HM57SShabe","25xGVlynfM8t","ylhOPkzYr5Ab",349,950.3495702005731,364.0,1173,25.420679252510737,961,67,941,44,18.156590449356024,-0.5539280840132446,75.35533905932738,54.467048710601716,2025-12-11T03:40:00,88740000 milliseconds,2438.2532860950973,0.03649806580488133,0.002861230329041488,0.002751031636863824,0.003958036002558912,0.001998681090160686,42.0,0.12,0.998,0.0020000000000000018,0.17006704486350624,"aqua",88740.0,2438.2532860950973,0.027476372392326993
714,"x3HM57SShabe","ylhOPkzYr5Ab","92yh3IdetJgm",344,951.3081395348837,365.0,1495,25.846543631350123,962,72,940,48,17.71130989393834,0.608985233263386,80.91168824543142,60.80523255813954,2025-12-11T09:38:00,21480000 milliseconds,1602.5649295323026,0.09795629153620432,0.01443001443001443,0.0027434842249657062,0.016613514635037872,0.024828916728097932,44.0,0.128,0.997,0.0030000000000000027,0.2875722215543203,"terra",21480.0,1602.5649295323026,0.07460730584414817
714,"x3HM57SShabe","92yh3IdetJgm","5B7sWz2SejoG",324,951.2345679012345,328.0,1068,23.690108135921925,961,54,942,32,17.998355327456714,-0.48953229414884925,71.11269837220809,41.30246913580247,2025-12-12T02:40:00,61320000 milliseconds,4875.725547885966,0.10544389160653041,0.059880239520958084,0.10678210678210678,0.08706424106172292,0.01607662417100431,53.0,0.164,0.982,0.018000000000000016,0.5572471031423226,"aqua",61320.0,4875.725547885966,0.0795128106308866
715,"x8TjfAXtoTM7",NA,"dPJKgOstIYWo",835,949.888622754491,867.0,1566,35.048057489096315,965,196,932,163,31.569006817858572,-0.006200772369084539,118.5685424949238,179.01077844311376,2025-12-10T03:01:00,NA,NA,NA,NA,NA,NA,NA,NA,NA,NA,NA,NA,"aqua",NaN,NaN,NaN
715,"x8TjfAXtoTM7","dPJKgOstIYWo","8JZbg4Gd57M2",809,968.0951792336217,833.0,1180,35.31064247893429,986,140,951,108,30.38480179454369,0.9491294236966175,112.32590180780451,124.6699629171817,2025-12-11T03:40:00,88740000 milliseconds,14327.427653916004,0.21446639703489265,0.031630170316301706,0.04,0.007464179695113416,0.038228643237207545,175.0,0.216,0.988,0.01200000000000001,0.5597893902835153,"aqua",88740.0,14327.427653916004,0.1614539965507776
715,"x8TjfAXtoTM7","8JZbg4Gd57M2","DXkgOXt0Tjct",863,956.5272305909617,897.0,1062,36.28585274402569,970,182,938,147,31.52520716026673,0.14427520913302927,122.8111831820431,163.95944380069525,2025-12-12T02:40:00,82800000 milliseconds,10239.264939117931,0.1642223727204159,0.0645933014354067,0.07398843930635839,0.027241843669986297,0.0368407430389955,167.0,0.194,0.981,0.019000000000000017,0.5798867001711627,"aqua",82800.0,10239.264939117931,0.12366262003765617
716,"xA6tpGcBdKtV",NA,"im5esisl0i2R",945,1049.1957671957673,1016.0,1904,42.04960736354578,1069,1200,1028,1169,30.12689668000397,-1.4293768641822182,149.36753236814712,1183.9798941798942,2025-12-09T04:00:00,NA,NA,NA,NA,NA,NA,NA,NA,NA,NA,NA,NA,"aqua",NaN,NaN,NaN
716,"xA6tpGcBdKtV","im5esisl0i2R","OqI04ryys0X1",961,1033.2455775234132,1042.0,1746,41.898198337300855,1053,1194,1013,1165,30.280451107653505,-1.5523080011321437,142.43250352560273,1178.537981269511,2025-12-10T03:01:00,82860000 milliseconds,4213.245236070021,0.06752536639266,0.016789087093389297,0.025267249757045675,0.003607218198995766,0.005083965221890095,77.0,0.08,0.982,0.018000000000000016,0.21627288666398087,"aqua",82860.0,4213.245236070021,0.05084775809884167
716,"xA6tpGcBdKtV","OqI04ryys0X1","MCZfH21WllMl",1015,1049.3418719211822,1115.0,1237,44.72895625705023,1070,1062,1025,1027,30.19521195070127,-1.2131022722467923,154.61017305526642,1045.5527093596058,2025-12-11T03:40:00,88740000 milliseconds,33488.96575580069,0.5012943006631343,0.05465587044534413,0.06768660176170607,0.06535497865547961,0.002818957333960411,221.0,0.218,0.97,0.030000000000000027,0.9398107088596245,"aqua",88740.0,33488.96575580069,0.37738298124634534
717,"xEEc0PpsHyc5",NA,"jRRcFZTcBzKr",333,317.82282282282284,422.0,537,32.441286946338316,330,43,307,14,17.507131112940257,-0.5407122430752715,109.22539674441617,26.62162162162162,2025-12-10T03:01:00,NA,NA,NA,NA,NA,NA,NA,NA,NA,NA,NA,NA,"aqua",NaN,NaN,NaN
717,"xEEc0PpsHyc5","jRRcFZTcBzKr","mkZBE5NrYpQQ",369,397.3279132791328,427.0,419,29.39007472878724,407,36,387,9,17.773646364589542,0.33881492676001784,96.11879502661796,21.926829268292682,2025-12-12T02:40:00,171540000 milliseconds,19910.896017800947,0.15446178207052438,0.10256410256410256,0.011778563015312132,0.09869464734038237,0.015108241411007861,143.0,0.388,0.96,0.040000000000000036,0.8106073364013293,"aqua",171540.0,19910.896017800947,0.11607144699662439
718,"xOLYPre0PxvT",NA,"UcBzhzoJCNPA",762,628.2467191601049,768.0,1098,37.87489752264791,644,895,611,862,26.007064960197745,-0.6819769641340575,109.39696961966997,879.0393700787401,2025-12-10T08:59:00,NA,NA,NA,NA,NA,NA,NA,NA,NA,NA,NA,NA,"terra",NaN,NaN,NaN
718,"xOLYPre0PxvT","UcBzhzoJCNPA","6gjMbp9yVmxG",739,629.3098782138024,743.0,962,36.54203360790079,646,889,612,858,26.049404416767995,-0.8399584558089108,105.9827560572969,873.4086603518268,2025-12-11T09:38:00,88740000 milliseconds,1432.5501562383279,0.02144375654873629,0.030646235842771485,0.03309066843150232,0.03582152326085298,0.001626674151243334,56.0,0.076,0.994,0.006000000000000005,0.2046288582351064,"terra",88740.0,1432.5501562383279,0.016143229166535135
718,"xOLYPre0PxvT","6gjMbp9yVmxG","BLaVD4YXdVJ2",717,665.4323570432357,800.0,711,36.16854540994783,680,991,648,957,26.823165024173523,-0.72138904042015,128.71067811865476,975.6555090655509,2025-12-12T08:40:00,82920000 milliseconds,27110.02068962465,0.4341771410894402,0.03021978021978022,0.07388204795852236,0.01027328355785138,0.029268886138390376,166.0,0.232,0.956,0.04400000000000004,0.8538211389639846,"terra",82920.0,27110.02068962465,0.3269418800002973
719,"xYAoJtkebX2E",NA,"eO3VPjo9qhu6",491,685.8757637474541,507.0,1050,28.5235922332234,698,1167,674,1137,22.46290708961983,0.20020908705095256,90.66904755831214,1150.7413441955193,2025-12-10T03:01:00,NA,NA,NA,NA,NA,NA,NA,NA,NA,NA,NA,NA,"aqua",NaN,NaN,NaN
719,"xYAoJtkebX2E","eO3VPjo9qhu6","Bk0FHbCrPzuZ",449,673.1692650334076,487.0,744,28.03376418026642,685,1195,662,1165,21.988670049825398,-0.11032722213119585,99.39696961966999,1179.5478841870824,2025-12-12T02:40:00,171540000 milliseconds,7871.117518559516,0.06106138255738346,0.08936170212765958,0.04024144869215292,0.01732146210568458,0.021337242469788777,97.0,0.216,0.983,0.017000000000000015,0.46232323795266933,"aqua",171540.0,7871.117518559516,0.04588502692409651
720,"xbwv7Lr0am0G",NA,"7rupJjwLsVyc",491,757.5376782077393,498.0,1373,28.313285345426667,771,982,744,959,22.302278101079942,1.0794603279780557,85.59797974644667,970.3523421588594,2025-12-09T04:00:00,NA,NA,NA,NA,NA,NA,NA,NA,NA,NA,NA,NA,"aqua",NaN,NaN,NaN
720,"xbwv7Lr0am0G","7rupJjwLsVyc","p3bBG7RCpOEG",480,774.7729166666667,490.0,1101,29.171229942642952,789,993,761,971,21.20548367941403,1.2342843518327327,86.42640687119284,981.6895833333333,2025-12-09T09:58:00,21480000 milliseconds,5157.436876639132,0.31524675285080267,0.02265705458290422,0.016194331983805668,0.02984958968226157,0.050418333501018785,50.0,0.104,0.999,0.0010000000000000009,0.5393660626007929,"terra",21480.0,5157.436876639132,0.24010413764614208
720,"xbwv7Lr0am0G","p3bBG7RCpOEG","1M52tqQOKScS",521,749.232245681382,525.0,1164,29.250389539599364,763,974,736,949,22.93839726963363,0.9724741859004759,87.59797974644667,961.3781190019193,2025-12-10T03:01:00,61380000 milliseconds,8158.130368169783,0.1762586230564931,0.08191808191808192,0.06896551724137931,0.002709941889935906,0.07851206341462302,66.0,0.127,0.994,0.006000000000000005,0.5413642275205133,"aqua",61380.0,8158.130368169783,0.13291186653909715
720,"xbwv7Lr0am0G","1M52tqQOKScS","DFlhnM4r1x85",550,757.8018181818181,582.0,1001,28.271611311260614,772,982,744,956,25.558365688653044,1.0938675527568256,96.25483399593904,968.4636363636364,2025-12-11T03:40:00,88740000 milliseconds,2779.8620595659204,0.04161158685077345,0.05415499533146592,0.10298102981029811,0.03403143888810389,0.10804714620944568,66.0,0.12,0.971,0.029000000000000026,0.48982619709008707,"aqua",88740.0,2779.8620595659204,0.03132591908458328
720,"xbwv7Lr0am0G","DFlhnM4r1x85","ecVKyj7Ys5Fe",519,751.0231213872833,528.0,1172,29.526677160662448,765,975,738,950,22.6255390224439,1.0058588251030534,89.25483399593904,962.3333333333334,2025-12-11T09:38:00,21480000 milliseconds,2284.887107106989,0.13966302610678416,0.057998129092609915,0.0972972972972973,0.04342917005272616,0.1217347030629381,66.0,0.127,0.97,0.030000000000000027,0.6171223256123557,"terra",21480.0,2284.887107106989,0.10637277034948737
721,"xp91Gt8s2YRt",NA,"xcnstepsbAjt",501,10.528942115768464,513.0,4,29.89104465276575,24,170,1,140,21.98862716426957,0.30927432719587095,92.42640687119285,155.76646706586826,2025-12-10T08:59:00,NA,NA,NA,NA,NA,NA,NA,NA,NA,NA,NA,NA,"terra",NaN,NaN,NaN
721,"xp91Gt8s2YRt","xcnstepsbAjt","Z52GSLF2qaOI",508,12.220472440944881,515.0,3,28.637282690880948,28,126,1,103,23.643239208619676,-1.4973177537104676,88.8700576850888,114.58858267716535,2025-12-11T09:38:00,88740000 milliseconds,10303.153150766437,0.15422727566449274,0.013875123885034688,0.0038910505836575876,0.04284291107529486,0.07252002496804041,102.0,0.201,0.992,0.008000000000000007,0.4963563861765203,"terra",88740.0,10303.153150766437,0.11610494873525397
722,"xtOvWyIyWMwc",NA,"TeU3LxnLZMbZ",565,1001.9734513274336,593.0,1683,29.17535818336284,1014,295,985,268,25.81908521576366,0.8688607941931533,101.7401153701776,279.97522123893805,2025-12-10T03:01:00,NA,NA,NA,NA,NA,NA,NA,NA,NA,NA,NA,NA,"aqua",NaN,NaN,NaN
722,"xtOvWyIyWMwc","TeU3LxnLZMbZ","4cW3y491ODic",567,1009.4215167548501,592.0,1813,29.398453745830338,1022,311,992,283,26.142912581770002,1.0963622628114127,105.39696961966999,295.7742504409171,2025-12-10T08:59:00,21480000 milliseconds,4366.656346222362,0.26691053461016884,0.0035335689045936395,0.0016877637130801688,0.007617587284132631,0.012464007533663824,92.0,0.162,0.991,0.009000000000000008,0.4632134620456392,"terra",21480.0,4366.656346222362,0.20328940159321984
722,"xtOvWyIyWMwc","4cW3y491ODic","7YwPcTvxQqpx",558,1029.1021505376343,601.0,1626,29.649000678182226,1044,137,1015,110,25.277924650862445,0.840256160739534,105.77564927611034,122.25627240143369,2025-12-11T09:38:00,88740000 milliseconds,43657.62823450982,0.6535083936009254,0.016,0.015088013411567477,0.008486290723144172,0.03364347908200226,133.0,0.238,0.991,0.009000000000000008,0.9737261768176394,"terra",88740.0,43657.62823450982,0.49197237136026395
723,"y1XKGyJrJnfY",NA,"vhYFgnBHL8bB",388,208.75257731958763,391.0,421,29.79846397004829,222,1136,195,1120,16.683916352199244,-1.366831613139961,77.4558441227157,1127.9664948453608,2025-12-09T04:00:00,NA,NA,NA,NA,NA,NA,NA,NA,NA,NA,NA,NA,"aqua",NaN,NaN,NaN
723,"y1XKGyJrJnfY","vhYFgnBHL8bB","oGJn0UFCrPS2",380,298.75,388.0,522,30.342158190939575,306,1197,290,1167,16.307226149215243,0.0862980769901373,80.18376618407356,1180.8447368421052,2025-12-10T03:01:00,82860000 milliseconds,26095.55106452903,0.41823144586151184,0.020833333333333332,0.007702182284980745,0.01808076475949631,0.022835838617462287,49.0,0.129,0.996,0.0040000000000000036,0.6206835648567846,"aqua",82860.0,26095.55106452903,0.3149354461082432
724,"y3eKhaHb3rR7",NA,"l42R2vLvYXpr",641,216.68954758190327,773.0,440,39.547175841387414,230,527,203,490,23.09840386048771,0.32856082128895125,141.4386001800126,508.70046801872076,2025-12-09T04:00:00,NA,NA,NA,NA,NA,NA,NA,NA,NA,NA,NA,NA,"aqua",NaN,NaN,NaN
724,"y3eKhaHb3rR7","l42R2vLvYXpr","K70jfwzEA3Q7",698,67.94269340974212,759.0,62,40.00045184908864,81,562,56,524,22.800510836427645,0.2008032670058542,119.66904755831213,544.1260744985674,2025-12-09T09:58:00,21480000 milliseconds,38226.790524267075,2.336600887791386,0.08513816280806571,0.018276762402088774,0.011396342565109484,0.012980395115097835,199.0,0.285,0.972,0.028000000000000025,2.777392550681748,"terra",21480.0,38226.790524267075,1.7796457413532158
724,"y3eKhaHb3rR7","K70jfwzEA3Q7","D0DRMtth250v",629,65.39109697933227,670.0,105,35.37573297049577,81,620,50,589,23.274455743862408,0.9402285989959572,109.08326112068524,604.4864864864865,2025-12-10T03:01:00,61380000 milliseconds,15103.579831647123,0.32631694569832825,0.1039939713639789,0.1245626312106368,0.12271034650167828,0.02057277270549372,155.0,0.246,0.97,0.030000000000000027,0.974156667480116,"aqua",61380.0,15103.579831647123,0.2460667942594839
724,"y3eKhaHb3rR7","D0DRMtth250v","jKEn2eZzV4sL",656,37.46189024390244,722.0,44,34.601185729752075,54,602,19,573,25.24141006178572,1.3050578945822064,109.94722215136416,586.2728658536586,2025-12-11T09:38:00,110220000 milliseconds,8335.828413492241,0.10053462477829393,0.04202334630350195,0.07471264367816093,0.0221372205330027,0.08108499293005812,126.0,0.192,0.993,0.007000000000000006,0.5194928282230176,"terra",110220.0,8335.828413492241,0.07562900030386718
725,"yJsbGsOFQzj1",NA,"IgWpZ7ei3sLR",699,764.6351931330472,757.0,1383,35.93975703837356,784,1097,748,1069,25.710270420014634,1.5540887639948144,120.60407640085654,1082.283261802575,2025-12-09T04:00:00,NA,NA,NA,NA,NA,NA,NA,NA,NA,NA,NA,NA,"aqua",NaN,NaN,NaN
725,"yJsbGsOFQzj1","IgWpZ7ei3sLR","13EmdXV5X78b",661,781.2965204236006,703.0,1111,31.514145608707523,798,1107,766,1079,27.4194258811795,1.4057008153720323,113.5685424949238,1093.1981845688351,2025-12-09T09:58:00,21480000 milliseconds,4979.554235046807,0.3043737307485823,0.05588235294117647,0.07397260273972603,0.13121884000754827,0.0643389885564413,129.0,0.195,0.992,0.008000000000000007,0.8327865149934743,"terra",21480.0,4979.554235046807,0.2318228228606521
725,"yJsbGsOFQzj1","13EmdXV5X78b","6Xh9hxO7gREq",699,700.444921316166,762.0,1234,35.33524888345163,721,1100,683,1072,26.598343035295166,1.4402320592869162,117.22539674441617,1085.390557939914,2025-12-10T08:59:00,82860000 milliseconds,20306.926330389644,0.3254575900374973,0.05588235294117647,0.08054607508532423,0.11431975723257407,0.030400472376189345,178.0,0.255,0.99,0.010000000000000009,0.8716062476727615,"terra",82860.0,20306.926330389644,0.24507514277564138
725,"yJsbGsOFQzj1","6Xh9hxO7gREq","OSfN44VPnBgB",629,696.7869634340223,673.0,935,34.316672515880015,718,1101,681,1076,24.81964127698558,1.5325479242150266,108.32590180780451,1088.4451510333863,2025-12-11T03:40:00,67260000 milliseconds,1191.4065960616056,0.02350146160492367,0.10542168674698796,0.1240418118466899,0.02924761721164481,0.06918597771187852,105.0,0.167,0.987,0.013000000000000012,0.5313985551221249,"aqua",67260.0,1191.4065960616056,0.01771344924266437
725,"yJsbGsOFQzj1","OSfN44VPnBgB","eFbw1OnOi77j",675,688.7214814814815,726.0,1058,35.100435458147174,710,1098,672,1068,26.669011731834,1.4824422235360166,114.81118318204308,1081.5807407407408,2025-12-11T09:38:00,21480000 milliseconds,2647.7835989811574,0.16184496326290693,0.0705521472392638,0.07576840600428877,0.02258126174200196,0.07183603946802183,78.0,0.116,0.991,0.009000000000000008,0.5275828177164833,"terra",21480.0,2647.7835989811574,0.12326739287621775
725,"yJsbGsOFQzj1","eFbw1OnOi77j","S8S0bdQ7rHtX",664,655.9472891566265,720.0,706,33.673489217464265,675,1173,640,1144,26.866977405649074,0.9440989923832429,129.22539674441617,1160.495481927711,2025-12-12T08:40:00,82920000 milliseconds,21362.47302390494,0.3421280112733014,0.016430171769977596,0.008298755186721992,0.0414967227016181,0.0073956109527251795,130.0,0.196,0.989,0.01100000000000001,0.6227492718843443,"terra",82920.0,21362.47302390494,0.2576275087301609
726,"yK19rTDu2BLN",NA,"HhWflyyabaoU",335,274.1611940298507,358.0,556,21.6981753998141,284,1162,262,1141,20.48372568979817,0.38095733105688356,74.01219330881976,1151.3850746268656,2025-12-09T04:00:00,NA,NA,NA,NA,NA,NA,NA,NA,NA,NA,NA,NA,"aqua",NaN,NaN,NaN
726,"yK19rTDu2BLN","HhWflyyabaoU","Kr8LAir0P7yF",331,268.97583081570997,336.0,475,22.557561858256733,279,1145,258,1123,18.97417843655922,0.35496344909285016,71.59797974644665,1133.9184290030212,2025-12-10T03:01:00,82860000 milliseconds,4555.022646839478,0.07300300740186678,0.012012012012012012,0.06340057636887608,0.03883729033509242,0.07651431502316366,62.0,0.187,0.992,0.008000000000000007,0.45876720114101094,"aqua",82860.0,4555.022646839478,0.05497251565097125
726,"yK19rTDu2BLN","Kr8LAir0P7yF","g60eZE6vuJKj",321,424.49221183800626,336.0,672,23.255915286702297,436,1171,414,1150,18.65067206123369,0.8662297898264434,75.18376618407356,1159.8753894080996,2025-12-11T09:38:00,110220000 milliseconds,39416.92891365242,0.4753896027697331,0.03067484662576687,0.0,0.030486811827702798,0.017196420506415545,103.0,0.321,0.983,0.017000000000000015,0.8917476817296184,"terra",110220.0,39416.92891365242,0.35762047644395223
727,"yUoH3cbkp67w",NA,"PXfIYNmzyFK2",337,1081.7299703264096,342.0,1860,22.163759919436018,1091,226,1072,206,19.5463299393311,-0.6432760528542057,70.2842712474619,215.35608308605342,2025-12-10T03:01:00,NA,NA,NA,NA,NA,NA,NA,NA,NA,NA,NA,NA,"aqua",NaN,NaN,NaN
727,"yUoH3cbkp67w","PXfIYNmzyFK2","0SMsG6SnoTyW",348,1087.183908045977,349.0,1296,22.187178909762785,1098,201,1077,180,20.11277984283853,-0.9068869061675032,70.5269119345812,190.42528735632183,2025-12-12T02:40:00,171540000 milliseconds,6380.096062984294,0.0494945584964454,0.032116788321167884,0.020260492040520984,0.0010560764188986935,0.028565941425246186,49.0,0.141,0.999,0.0010000000000000009,0.2734938567022791,"aqua",171540.0,6380.096062984294,0.03719305155056718
728,"yWqSlX8HBNSL",NA,"dW5Qf6yc2dM3",326,108.92331288343559,358.0,175,30.11247027574806,123,155,96,133,15.913280919748521,-1.0042219538690376,89.25483399593904,145.26687116564418,2025-12-10T08:59:00,NA,NA,NA,NA,NA,NA,NA,NA,NA,NA,NA,NA,"terra",NaN,NaN,NaN
728,"yWqSlX8HBNSL","dW5Qf6yc2dM3","0stkATw46BsE",358,94.84916201117318,381.0,138,32.65023286935867,110,156,81,132,15.535883803092572,-0.9551990614551382,86.9116882454314,144.60893854748602,2025-12-11T09:38:00,88740000 milliseconds,3522.3802153625566,0.05272629616589412,0.0935672514619883,0.06224627875507442,0.08086849247851315,0.024000454064959684,95.0,0.265,0.999,0.0010000000000000009,0.5794087729264297,"terra",88740.0,3522.3802153625566,0.0396932636394248
729,"yXFSiCPn3Vb5",NA,"5T1omjVO08Nk",3235,109.08253477588872,3877.0,84,78.81927745315093,153,953,72,887,57.393585835656495,1.2928736076330927,356.2680733252854,922.7078825347759,2025-12-09T09:58:00,NA,NA,NA,NA,NA,NA,NA,NA,NA,NA,NA,NA,"terra",NaN,NaN,NaN
729,"yXFSiCPn3Vb5","5T1omjVO08Nk","VKcuB2mmQKCH",3307,208.26307831871787,3426.0,331,73.02104096025937,244,988,179,919,60.3445031567065,-0.6536809280156116,238.89444430272832,950.3217417599033,2025-12-10T03:01:00,61380000 milliseconds,25738.23206675745,0.5560814965271135,0.022011617242433508,0.12351088593728604,0.07637281788496922,0.05012680851718963,878.0,0.265,0.921,0.07899999999999996,1.1721036261089919,"aqua",61380.0,25738.23206675745,0.4193260356265469
729,"yXFSiCPn3Vb5","VKcuB2mmQKCH","qWDu6ZqoiflL",3476,221.1481588032221,3676.0,363,71.32187387252593,257,999,191,931,64.87225636563828,-0.6539614671241529,264.82947314527274,962.8124280782508,2025-12-10T08:59:00,21480000 milliseconds,4486.38596057218,0.27422897069512103,0.04983045849918915,0.07040270346381301,0.023543477554154292,0.07231864530280878,290.0,0.083,0.973,0.027000000000000024,0.6003242555150863,"terra",21480.0,4486.38596057218,0.20886340598566946
730,"yvnNa9gHcajF",NA,"qP5AtAUZFn1t",334,178.93413173652695,346.0,360,29.032944557151342,190,905,168,880,15.314685718689091,0.7065388127297901,79.25483399593905,893.2305389221557,2025-12-09T04:00:00,NA,NA,NA,NA,NA,NA,NA,NA,NA,NA,NA,NA,"aqua",NaN,NaN,NaN
730,"yvnNa9gHcajF","qP5AtAUZFn1t","n3FIf9uKIa5B",313,164.67731629392972,331.0,152,24.723255447379906,174,866,157,844,16.672469136454424,-0.11945996746591546,72.04163056034263,855.4313099041534,2025-12-09T09:58:00,21480000 milliseconds,10099.62406763138,0.6173364344517958,0.06491499227202473,0.04431314623338257,0.16034202973454828,0.0848955415956291,100.0,0.319,0.997,0.0030000000000000027,1.2938021442873804,"terra",21480.0,10099.62406763138,0.47018734020630254
730,"yvnNa9gHcajF","n3FIf9uKIa5B","skUZwc76Ogsp",313,84.52715654952077,317.0,141,24.875181962129844,94,860,76,837,16.16774531535195,-0.5180736311480644,69.94112549695427,848.7987220447284,2025-12-10T03:01:00,61380000 milliseconds,20106.030390108193,0.43439624911112007,0.0,0.043209876543209874,0.006126262143928293,0.03073815622264982,62.0,0.198,0.977,0.02300000000000002,0.7354705440209082,"aqua",61380.0,20106.030390108193,0.32756647751886925
730,"yvnNa9gHcajF","skUZwc76Ogsp","jbY8WcnvVOQh",307,17.54397394136808,312.0,26,25.108290568927146,26,868,9,844,15.715260398154776,-0.3436939866180903,69.94112549695427,855.6123778501628,2025-12-11T03:40:00,88740000 milliseconds,16832.20992946273,0.25196033125458767,0.01935483870967742,0.01589825119236884,0.009327427447241122,0.02838408155511431,36.0,0.117,0.999,0.0010000000000000009,0.4429249301589893,"aqua",88740.0,16832.20992946273,0.1896800758334768
731,"z52HXQapbAvn",NA,"bo12YmVi3Ciu",586,727.4453924914676,652.0,1304,38.568051257249714,743,73,712,41,20.151185146545625,0.757733660426016,116.05382386916237,57.899317406143346,2025-12-09T04:00:00,NA,NA,NA,NA,NA,NA,NA,NA,NA,NA,NA,NA,"aqua",NaN,NaN,NaN
731,"z52HXQapbAvn","bo12YmVi3Ciu","LmlyjePM1387",629,582.8696343402225,657.0,802,38.833971263642816,598,182,563,152,21.477194347000168,0.8951733023695644,107.39696961966999,166.1510333863275,2025-12-09T09:58:00,21480000 milliseconds,45152.92339487954,2.7599586427187983,0.07078189300411522,0.007639419404125287,0.006871138446578051,0.06370698146730078,142.0,0.226,0.984,0.016000000000000014,3.1509580750409176,"terra",21480.0,45152.92339487954,2.102091405720649
731,"z52HXQapbAvn","LmlyjePM1387","HATP3YPlf24q",596,559.7365771812081,611.0,988,36.84086836408631,575,164,544,134,20.867166324701515,0.8482010248141552,100.8111831820431,147.99664429530202,2025-12-10T08:59:00,82860000 milliseconds,7351.531204409798,0.1178224409713887,0.053877551020408164,0.07255520504731862,0.05267544429195413,0.028812716150244257,94.0,0.158,0.986,0.014000000000000012,0.49774335748131393,"terra",82860.0,7351.531204409798,0.08872231721469706
731,"z52HXQapbAvn","HATP3YPlf24q","2FehgvubJHlS",565,553.846017699115,579.0,865,35.8177757829057,569,160,538,131,20.41180166047336,0.880305758743504,99.9827560572969,145.08495575221238,2025-12-11T09:38:00,88740000 milliseconds,1642.7229906476168,0.024589820981178307,0.053402239448751075,0.05378151260504202,0.028161620497923045,0.022062793061672387,56.0,0.099,0.998,0.0020000000000000018,0.2829979865945668,"terra",88740.0,1642.7229906476168,0.018511640642862485
732,"z89hsJebq64r",NA,"f0cGLGV0KmsN",340,623.9147058823529,376.0,864,27.87798187406578,637,337,609,317,17.42757217623783,-1.2006567996054895,87.49747468305833,328.0323529411765,2025-12-09T09:58:00,NA,NA,NA,NA,NA,NA,NA,NA,NA,NA,NA,NA,"terra",NaN,NaN,NaN
732,"z89hsJebq64r","f0cGLGV0KmsN","AK53CnHephLH",343,582.0524781341107,369.0,904,30.602091648995692,589,234,573,205,15.444060317506,0.14345220788194837,80.18376618407356,218.04956268221574,2025-12-11T09:38:00,171600000 milliseconds,29420.082708492097,0.2281510873089732,0.008784773060029283,0.01879194630872483,0.0931636918635427,0.12068228489165148,93.0,0.271,0.98,0.020000000000000018,0.7605737834329215,"terra",171600.0,29420.082708492097,0.17144570342944113
733,"z8AF5yEaLimw",NA,"uZuC1WAA54jQ",1210,401.9809917355372,1285.0,784,55.469014846365624,430,945,375,913,29.474456876207714,-1.3263187679548736,158.8528137423857,928.3578512396695,2025-12-09T04:00:00,NA,NA,NA,NA,NA,NA,NA,NA,NA,NA,NA,NA,"aqua",NaN,NaN,NaN
733,"z8AF5yEaLimw","uZuC1WAA54jQ","uUVJD4A6hCTv",1157,406.9083837510804,1210.0,742,52.62719076451453,433,935,381,904,29.264971526765436,-1.4028876340732137,151.1959594928933,919.7121866897148,2025-12-10T08:59:00,104340000 milliseconds,2487.80409680381,0.03168975347817094,0.04478242501056189,0.06012024048096192,0.05257953442105015,0.007132699624011844,129.0,0.111,0.989,0.01100000000000001,0.31830465301475674,"terra",104340.0,2487.80409680381,0.023843244171016003
733,"z8AF5yEaLimw","uUVJD4A6hCTv","ikXchkco8wyB",1170,458.5247863247863,1247.0,505,49.560916722209626,477,907,439,858,31.788279277238775,-0.387407664543314,149.78174593052023,880.5068376068376,2025-12-12T02:40:00,150060000 milliseconds,16204.382916670134,0.14366224492814517,0.0111731843575419,0.030118030118030117,0.06001234620580994,0.08265924311135443,233.0,0.199,0.993,0.007000000000000006,0.5336250487208816,"aqua",150060.0,16204.382916670134,0.10798602503445379
733,"z8AF5yEaLimw","ikXchkco8wyB","OO9sqCabWr4g",1253,503.073423782921,1447.0,596,54.61597203767825,532,862,476,826,32.18693566645799,1.4598972933927854,198.68733752154174,842.2809257781324,2025-12-12T08:40:00,21600000 milliseconds,14675.237294743023,0.8921116896500318,0.06851011143210896,0.14847809948032664,0.09704753857872962,0.012462838603045411,367.0,0.293,0.936,0.06399999999999995,1.5756102777442422,"terra",21600.0,14675.237294743023,0.6794091340158807
734,"zAjtYmnNmjWl",NA,"DyII0R336oHP",331,294.0966767371601,353.0,461,27.84312715858317,303,784,285,756,15.862773014222952,0.3136839191146842,81.25483399593905,769.6767371601209,2025-12-11T09:38:00,NA,NA,NA,NA,NA,NA,NA,NA,NA,NA,NA,NA,"terra",NaN,NaN,NaN
734,"zAjtYmnNmjWl","DyII0R336oHP","7cf8wmX4YwDa",330,301.7939393939394,351.0,279,25.55853760037688,310,788,293,762,17.188195561418816,-0.0861694580715692,82.42640687119284,775.5181818181818,2025-12-12T02:40:00,61320000 milliseconds,2415.7080755525594,0.05224282170312629,0.0030257186081694403,0.005681818181818182,0.08556248455992063,0.08020476278402845,90.0,0.273,0.989,0.01100000000000001,0.510717605837063,"aqua",61320.0,2415.7080755525594,0.03939510886419699
735,"zFkaPXreLysB",NA,"EPkYVxdcUAZl",744,693.4354838709677,763.0,930,33.3480297113476,709,373,678,339,29.45223895975986,-0.028448229447503057,110.81118318204308,353.56317204301075,2025-12-11T03:40:00,NA,NA,NA,NA,NA,NA,NA,NA,NA,NA,NA,NA,"aqua",NaN,NaN,NaN
735,"zFkaPXreLysB","EPkYVxdcUAZl","yRAurX1nl192",833,691.4009603841537,868.0,1067,35.09985511120717,708,373,675,337,31.22481109405512,-0.37769339284932074,118.29646455628166,353.60384153661465,2025-12-11T09:38:00,21480000 milliseconds,508.7324828745846,0.031096117535121308,0.1128725428027901,0.12875536480686695,0.051187130308000775,0.05842644402531602,167.0,0.2,0.987,0.013000000000000012,0.5953375994780952,"terra",21480.0,508.7324828745846,0.02368400758261567
736,"zLkktzWsvFvF",NA,"1JOPN1oTwbZi",471,483.80254777070064,486.0,928,28.365980400345613,496,594,470,568,22.027760836607037,-0.6083241163551802,88.59797974644665,581.5966029723992,2025-12-09T04:00:00,NA,NA,NA,NA,NA,NA,NA,NA,NA,NA,NA,NA,"aqua",NaN,NaN,NaN
736,"zLkktzWsvFvF","1JOPN1oTwbZi","KgiPEh3p5cQL",461,499.351409978308,480.0,688,28.832516122682375,510,606,485,579,22.45294976609799,-0.3560955705049349,89.01219330881975,594.1431670281995,2025-12-09T09:58:00,21480000 milliseconds,4994.893552153177,0.3053113418186538,0.02145922746781116,0.012422360248447204,0.0163128666205041,0.019117901837885504,96.0,0.208,0.998,0.0020000000000000018,0.5846236979933017,"terra",21480.0,4994.893552153177,0.23253694376876985
736,"zLkktzWsvFvF","KgiPEh3p5cQL","Ec4MW0nlT7aJ",478,486.6297071129707,495.0,895,27.894065768682633,498,589,473,561,23.733853263083073,-0.31634309542376615,88.42640687119285,576.3326359832636,2025-12-10T08:59:00,82860000 milliseconds,5471.841211469399,0.08769678999069476,0.0362087326943557,0.03076923076923077,0.03308679362338217,0.055466211687169656,48.0,0.1,0.994,0.006000000000000005,0.34922775876483303,"terra",82860.0,5471.841211469399,0.06603718575270817
736,"zLkktzWsvFvF","Ec4MW0nlT7aJ","pzs06x3gXMTQ",433,501.56581986143186,442.0,790,26.861431733201037,513,575,489,549,21.946092782150668,-0.25409490416503466,83.01219330881975,563.635103926097,2025-12-11T09:38:00,88740000 milliseconds,4900.987045850531,0.07336257833770722,0.09879253567508232,0.11312700106723586,0.03771800394822719,0.07827331841250898,51.0,0.118,0.987,0.013000000000000012,0.5322734374407616,"terra",88740.0,4900.987045850531,0.0552286121912388
737,"ziDRa5nBNgt2",NA,"LyvIMegoZDgE",1013,1125.4126357354394,1038.0,2043,40.75750563803246,1145,802,1105,769,32.18217649856071,-1.2741602798585014,126.56854249492379,786.0118460019743,2025-12-09T04:00:00,NA,NA,NA,NA,NA,NA,NA,NA,NA,NA,NA,NA,"aqua",NaN,NaN,NaN
737,"ziDRa5nBNgt2","LyvIMegoZDgE","GLDnTYRCREkI",967,1124.4043433298862,995.0,1925,40.358508069266236,1144,793,1104,761,31.173049722827454,-1.3175783082004275,125.1543289325507,777.6318510858325,2025-12-10T03:01:00,82860000 milliseconds,2110.109125875632,0.03381856119682077,0.046464646464646465,0.04230201672405312,0.009837701596283582,0.03185614939506227,75.0,0.078,1.0,0.0,0.24227907537686622,"aqua",82860.0,2110.109125875632,0.025465956141390682
737,"ziDRa5nBNgt2","GLDnTYRCREkI","2MkBdwmFPMfl",993,1122.783484390735,1045.0,2007,41.13983900283874,1144,795,1102,763,31.69326700846057,-1.4031088682247363,133.1543289325507,779.1309164149043,2025-12-10T08:59:00,21480000 milliseconds,551.9499842292591,0.03373777409714298,0.026530612244897958,0.049019607843137254,0.01917415411827259,0.01654995274676903,92.0,0.093,0.981,0.019000000000000017,0.2570121010502199,"terra",21480.0,551.9499842292591,0.0256959955413994
737,"ziDRa5nBNgt2","2MkBdwmFPMfl","mG5TGt8PmWpg",966,1127.1097308488613,1002.0,1742,39.75242121760117,1147,793,1107,761,31.640746836348747,-1.420147957423411,129.39696961967,777.5186335403727,2025-12-11T09:38:00,88740000 milliseconds,1154.2276769543096,0.017277564208581835,0.027565084226646247,0.04201270151441133,0.03430285620544449,0.0016585139303034186,82.0,0.085,0.986,0.014000000000000012,0.22181672008538733,"terra",88740.0,1154.2276769543096,0.01300684783586105
737,"ziDRa5nBNgt2","mG5TGt8PmWpg","TD6VgyltlrQQ",934,1127.5128479657387,965.0,1356,40.71741813910223,1147,788,1107,758,29.99872309917812,-1.3692569837893598,124.56854249492379,774.380085653105,2025-12-12T02:40:00,61320000 milliseconds,791.08257512222,0.0171081871782487,0.03368421052631579,0.03762074224707677,0.02398406481771295,0.05327832114351844,81.0,0.087,0.99,0.010000000000000009,0.2626755259128727,"aqua",61320.0,791.08257512222,0.012900890005254729
738,"zqOQFEshBMqd",NA,"dNYhTSz44Si9",968,425.47727272727275,1006.0,566,41.304497504740596,443,864,408,823,30.292727943934384,-0.49199001075506016,128.12489168102783,843.2892561983471,2025-12-09T09:58:00,NA,NA,NA,NA,NA,NA,NA,NA,NA,NA,NA,NA,"terra",NaN,NaN,NaN
738,"zqOQFEshBMqd","dNYhTSz44Si9","TqX3ykl8Tmgh",927,421.56202804746493,974.0,652,43.50256241190889,437,723,407,678,27.723230615371733,-0.2402500282464729,125.19595949289331,699.7734627831716,2025-12-11T03:40:00,150120000 milliseconds,35892.297311270435,0.3180813303019358,0.04327176781002638,0.03232323232323232,0.05183683786063586,0.08857898386479346,193.0,0.208,0.986,0.014000000000000012,0.7560921521606239,"aqua",150120.0,35892.297311270435,0.2390907095075302
739,"zwQqsQGHf6jq",NA,"z9usMF62Au2I",1322,444.7844175491679,1471.0,596,44.237152416944724,469,730,424,687,39.96774038241233,-0.6520097128605328,176.47413408594537,709.9765506807867,2025-12-09T09:58:00,NA,NA,NA,NA,NA,NA,NA,NA,NA,NA,NA,NA,"terra",NaN,NaN,NaN
739,"zwQqsQGHf6jq","z9usMF62Au2I","nwDIw9d0Flj0",1340,437.31641791044774,1443.0,809,44.97123600683582,460,715,416,671,39.66177046315907,-0.5340303204175993,162.12489168102783,694.579104477612,2025-12-10T08:59:00,82860000 milliseconds,4278.232463468293,0.06856691182736266,0.013523666416228399,0.019217570350034317,0.01645772562113465,0.007684837342442979,156.0,0.116,0.979,0.02100000000000002,0.26245071155720306,"terra",82860.0,4278.232463468293,0.0516320596604911
739,"zwQqsQGHf6jq","nwDIw9d0Flj0","f5iFedtujFHF",1191,456.77497900923595,1336.0,687,44.33827176432959,479,706,438,664,36.50116487696792,-0.6445283635836994,173.4386001800126,686.5180520570949,2025-12-11T03:40:00,67260000 milliseconds,5265.549390623913,0.10386723327002491,0.11774002370604504,0.07700611730838432,0.01417462167920683,0.08299589746840981,219.0,0.184,0.982,0.018000000000000016,0.597783893432071,"aqua",67260.0,5265.549390623913,0.07828649108866953
740,"zxNkghrmF20l",NA,"I1vlUsZD5czS",2221,647.105808194507,2426.0,937,62.75194103685975,678,1192,615,1137,47.728424832685974,1.459413813826785,224.93607486307093,1168.195857721747,2025-12-10T03:01:00,NA,NA,NA,NA,NA,NA,NA,NA,NA,NA,NA,NA,"aqua",NaN,NaN,NaN
740,"zxNkghrmF20l","I1vlUsZD5czS","xYGSGP5YhuWJ",2288,523.8090034965035,2537.0,569,61.81074971124522,552,1074,494,1008,50.87438055136121,0.4573394536031391,250.56349186104046,1037.1481643356644,2025-12-12T02:40:00,171540000 milliseconds,44983.05235763125,0.3489628203532155,0.029718341095586603,0.04473100947007858,0.015111929903920195,0.06381067367043126,679.0,0.297,0.963,0.03700000000000003,0.8363347744932321,"aqua",171540.0,44983.05235763125,0.2622306888051256
741,"zy7xgDZnrE8i",NA,"oZKkrR9ndwEX",400,344.9925,410.0,693,31.56206351443475,360,284,329,267,16.610504107665925,-1.5459443381068423,85.35533905932736,276.23,2025-12-09T04:00:00,NA,NA,NA,NA,NA,NA,NA,NA,NA,NA,NA,NA,"aqua",NaN,NaN,NaN
741,"zy7xgDZnrE8i","oZKkrR9ndwEX","RAaMwcFfsBVs",414,340.7971014492754,456.0,559,33.960368018364804,352,389,332,353,17.782304657870448,0.028030163205524778,96.66904755831214,369.84299516908214,2025-12-10T03:01:00,82860000 milliseconds,23426.73984137306,0.37545860792328006,0.0343980343980344,0.10623556581986143,0.07320560143527327,0.06814218391949055,158.0,0.382,0.971,0.029000000000000026,1.0684399934959399,"aqua",82860.0,23426.73984137306,0.28272676612808423
741,"zy7xgDZnrE8i","RAaMwcFfsBVs","esHmgzNs8DUe",404,424.3787128712871,446.0,451,32.51606619290705,440,412,408,392,17.23357470512536,1.3817960400314326,96.32590180780451,402.13366336633663,2025-12-12T02:40:00,171540000 milliseconds,22400.576193099012,0.17377585193048378,0.02444987775061125,0.022172949002217297,0.043453047462430186,0.03134177765788036,111.0,0.275,0.987,0.013000000000000012,0.5831935038036229,"aqua",171540.0,22400.576193099012,0.13058514744723687
